t,dx,dy,dz,ax,ay,az
0.000000,28.56299201,-1.14876371,-22.36514501,-13.09370000,8.72374000,-8.83338000
0.010000,28.39309830,-1.15203522,-22.27611104,-18.46370000,-55.75626000,-13.87338000
0.020000,28.22146896,-1.15981181,-22.18867238,-23.46370000,-81.44626000,-25.68338000
0.030000,28.04749696,-1.17478551,-22.10336703,-32.37370000,-73.26626000,-18.54338000
0.040000,27.87050083,-1.19717604,-22.01972600,-36.81370000,-72.72626000,-2.25338000
0.050000,27.69011830,-1.22702792,-21.93662978,-33.51370000,-83.76626000,2.80662000
0.060000,27.50650114,-1.26536215,-21.85329162,-29.60370000,-103.06626000,7.86662000
0.070000,27.31992133,-1.31389947,-21.76914903,-29.84370000,-122.25626000,15.18662000
0.080000,27.13040438,-1.37324113,-21.68372951,-32.25370000,-88.62626000,14.38662000
0.090000,26.93789003,-1.43901664,-21.59690205,-29.60370000,38.12374000,13.90662000
0.100000,26.74293030,-1.50118299,-21.50862065,-10.41370000,152.71374000,17.50662000
0.110000,26.54736617,-1.55252069,-21.41884831,22.19630000,85.56374000,12.26662000
0.120000,26.35404641,-1.59815023,-21.32807829,51.73630000,-99.54626000,-0.58338000
0.130000,26.16596724,-1.65036686,-21.23709909,79.89630000,-153.98626000,-1.18338000
0.140000,25.98623419,-1.71335059,-21.14572244,118.25630000,-27.19626000,20.39662000
0.150000,25.81830550,-1.77858691,-21.05218611,151.70630000,114.24374000,48.32662000
0.160000,25.66499166,-1.83480358,-20.95425460,158.86630000,155.46374000,60.30662000
0.170000,25.52726694,-1.87780284,-20.85060465,150.06630000,99.49374000,61.34662000
0.180000,25.40460932,-1.91141545,-20.74072526,139.62630000,16.98374000,67.72662000
0.190000,25.29591730,-1.94235965,-20.62416594,125.24630000,-30.75626000,71.94662000
0.200000,25.19989165,-1.97535094,-20.50057893,112.47630000,-41.38626000,71.03662000
0.210000,25.11537186,-2.01116958,-20.36986749,105.97630000,-3.59626000,72.50662000
0.220000,25.04125742,-2.04665581,-20.23213636,87.72630000,57.84374000,66.28662000
0.230000,24.97536484,-2.07777964,-20.08816554,43.38630000,58.37374000,46.05662000
0.240000,24.91375037,-2.10395881,-19.93997054,-7.43370000,19.16374000,12.11662000
0.250000,24.85201901,-2.12714957,-19.79066810,-37.25370000,18.80374000,-24.44338000
0.260000,24.78735275,-2.14757543,-19.64333248,-39.51370000,49.79374000,-40.35338000
0.270000,24.71946136,-2.16294964,-19.49984992,-16.78370000,79.64374000,-47.42338000
0.280000,24.65032257,-2.17120193,-19.36134167,19.12630000,71.76374000,-62.22338000
0.290000,24.58292564,-2.17418008,-19.22900149,44.14630000,-16.23626000,-73.30338000
0.300000,24.51945032,-2.17906056,-19.10410862,45.38630000,-119.41626000,-87.51338000
0.310000,24.46011035,-2.19271364,-18.98820157,26.43630000,-99.86626000,-109.55338000
0.320000,24.40300200,-2.21364082,-18.88291158,-13.05370000,24.15374000,-116.51338000
0.330000,24.34439600,-2.23338084,-18.78883240,-64.29370000,95.01374000,-104.30338000
0.340000,24.27982736,-2.24680995,-18.70535979,-100.92370000,34.22374000,-97.59338000
0.350000,24.20582708,-2.25856166,-18.63226000,-115.18370000,-100.39626000,-113.87338000
0.360000,24.12068141,-2.27827471,-18.57112376,-118.58370000,-155.91626000,-151.65338000
0.370000,24.02384809,-2.30974410,-18.52535059,-119.21370000,-62.05626000,-195.79338000
0.380000,23.91565489,-2.34656059,-18.49855574,-101.44370000,62.11374000,-214.34338000
0.390000,23.79827504,-2.37963193,-18.49227444,-49.42370000,83.60374000,-194.51338000
0.400000,23.67562430,-2.40726661,-18.50537222,-14.60370000,-15.88626000,-170.24338000
0.410000,23.55032291,-2.43662013,-18.53589855,-31.45370000,-124.61626000,-160.59338000
0.420000,23.42198314,-2.47612650,-18.58214920,-48.08370000,-145.02626000,-135.99338000
0.430000,23.28945322,-2.52904771,-18.64118742,-44.04370000,-125.95626000,-77.37338000
0.440000,23.15259042,-2.59441126,-18.70806370,-41.20370000,-104.78626000,-21.23338000
0.450000,23.01191247,-2.66914966,-18.77798854,-30.21370000,-43.49626000,-0.55338000
0.460000,22.86889637,-2.74771866,-18.84804520,4.04630000,34.52374000,18.61662000
0.470000,22.72672339,-2.82451999,-18.91576842,51.78630000,41.12374000,58.20662000
0.480000,22.58962927,-2.89884893,-18.97817770,91.47630000,-21.90626000,79.07662000
0.490000,22.46143150,-2.97436720,-19.03342530,117.05630000,-48.91626000,71.65662000
0.500000,22.34517384,-3.05246357,-19.08131871,147.95630000,12.58374000,73.32662000
0.510000,22.24375604,-3.12890529,-19.12151194,176.56630000,85.90374000,91.24662000
0.520000,22.15895485,-3.19913460,-19.15294198,159.51630000,60.07374000,96.25662000
0.530000,22.08969701,-3.26448250,-19.17527059,122.07630000,-14.82626000,81.84662000
0.540000,22.03352729,-3.32925725,-19.18941426,115.79630000,-11.52626000,68.99662000
0.550000,21.98901642,-3.39371009,-19.19618724,108.62630000,46.72374000,76.53662000
0.560000,21.95506141,-3.45335528,-19.19487229,85.12630000,106.35374000,102.99662000
0.570000,21.93016950,-3.50181581,-19.18351690,79.58630000,183.92374000,120.63662000
0.580000,21.91383396,-3.53217693,-19.16031707,93.89630000,245.74374000,131.05662000
0.590000,21.90725978,-3.53975765,-19.12377581,119.01630000,231.77374000,152.45662000
0.600000,21.91256470,-3.52580196,-19.07246436,139.17630000,148.13374000,156.38662000
0.610000,21.93135598,-3.49760962,-19.00604548,138.02630000,37.39374000,140.61662000
0.620000,21.96414187,-3.46461512,-18.92520216,140.49630000,-34.86626000,140.90662000
0.630000,22.01147661,-3.43222872,-18.83015466,158.87630000,3.98374000,147.28662000
0.640000,22.07444047,-3.39739316,-18.72054022,162.85630000,120.83374000,148.74662000
0.650000,22.15312843,-3.35186619,-18.59576184,140.31630000,177.97374000,163.32662000
0.660000,22.24555775,-3.29196732,-18.45488603,102.10630000,94.06374000,170.04662000
0.670000,22.34810768,-3.22422829,-18.29811903,56.23630000,-56.52626000,133.77662000
0.680000,22.45664897,-3.15997461,-18.12834459,21.01630000,-124.45626000,84.24662000
0.690000,22.56802212,-3.10577077,-17.94915122,10.94630000,-100.58626000,76.03662000
0.700000,22.68076287,-3.06212602,-17.76180217,7.73630000,-100.76626000,91.45662000
0.710000,22.79394848,-3.02918187,-17.56588817,-12.68370000,-129.93626000,85.19662000
0.720000,22.90548570,-3.00906157,-17.36149150,-52.36370000,-156.34626000,79.00662000
0.730000,23.01161628,-3.00451160,-17.14905888,-102.91370000,-184.21626000,79.77662000
0.740000,23.10736347,-3.01652699,-16.92928158,-161.20370000,-141.86626000,56.77662000
0.750000,23.18684401,-3.04193071,-16.70356810,-229.40370000,-71.61626000,45.66662000
0.760000,23.24392916,-3.07736953,-16.47290742,-279.86370000,-120.33626000,51.32662000
0.770000,23.27408942,-3.12671220,-16.23817006,-291.92370000,-247.89626000,16.29662000
0.780000,23.27479204,-3.19887446,-16.00228077,-318.65370000,-300.68626000,-36.29338000
0.790000,23.24275327,-3.29641031,-15.76963179,-384.48370000,-169.70626000,-71.77338000
0.800000,23.17288410,-3.40753776,-15.54399712,-429.65370000,92.40374000,-99.18338000
0.810000,23.06184830,-3.51234780,-15.32779027,-406.93370000,233.56374000,-105.42338000
0.820000,22.91156710,-3.60037043,-15.12198073,-330.35370000,107.93374000,-104.31338000
0.830000,22.72753426,-3.67981916,-14.92721651,-286.48370000,-110.50626000,-126.21338000
0.840000,22.51294603,-3.76604149,-14.74514085,-322.95370000,-161.89626000,-149.25338000
0.850000,22.26695565,-3.86394466,-14.57722050,-327.75370000,-36.96626000,-139.94338000
0.860000,21.99082614,-3.96536067,-14.42272597,-231.16370000,91.28374000,-106.34338000
0.870000,21.69139523,-4.05939253,-14.27932350,-146.03370000,145.73374000,-89.50338000
0.880000,21.37584918,-4.14052848,-14.14560285,-125.43370000,129.05374000,-100.37338000
0.890000,21.04815974,-4.20948777,-14.02158251,-92.89370000,79.19374000,-96.21338000
0.900000,20.71179440,-4.26879141,-13.90647548,-39.87370000,94.75374000,-62.18338000
0.910000,20.37103293,-4.31750465,-13.79725502,-7.26370000,150.88374000,-13.33338000
0.920000,20.02957506,-4.35329697,-13.68869587,22.48630000,116.28374000,63.94662000
0.930000,19.69096805,-4.37845190,-13.57370279,72.26630000,38.01374000,144.34662000
0.940000,19.35946440,-4.39813491,-13.44559452,113.05630000,22.53374000,173.51662000
0.950000,19.03866561,-4.41573127,-13.30073806,125.75630000,-3.64626000,180.09662000
0.960000,18.73079618,-4.43433973,-13.13740042,148.54630000,-59.75626000,207.08662000
0.970000,18.43827810,-4.45596228,-12.95364760,187.14630000,-1.43626000,223.88662000
0.980000,18.16387838,-4.47495267,-12.74825408,197.83630000,163.88374000,212.31662000
0.990000,17.90886277,-4.47988041,-12.52175038,188.48630000,232.14374000,197.43662000
1.000000,17.67280602,-4.46622149,-12.27590575,179.48630000,111.26374000,167.99662000
1.010000,17.45403062,-4.44242492,-12.01420242,139.73630000,-53.19626000,102.46662000
1.020000,17.24879134,-4.42080744,-11.74219017,78.42630000,-96.06626000,40.97662000
1.030000,17.05240816,-4.40654305,-11.46524397,53.59630000,-52.82626000,14.48662000
1.040000,16.86201584,-4.39732151,-11.18701459,49.95630000,-4.02626000,-17.07338000
1.050000,16.67580838,-4.38742506,-10.91126653,9.82630000,83.84374000,-78.04338000
1.060000,16.48999978,-4.36983421,-10.64316303,-57.71370000,140.08374000,-131.07338000
1.070000,16.29885828,-4.34205070,-10.38743484,-111.77370000,39.66374000,-153.27338000
1.080000,16.09736815,-4.31006704,-10.14725122,-136.74370000,-55.43626000,-182.61338000
1.090000,15.88258012,-4.27908572,-9.92627116,-150.71370000,27.08374000,-248.09338000
1.100000,15.65251670,-4.24529149,-9.72969566,-176.90370000,109.75374000,-295.83338000
1.110000,15.40519338,-4.20475061,-9.56104498,-189.93370000,19.24374000,-275.68338000
1.120000,15.13949943,-4.16463082,-9.41983761,-182.11370000,-169.11626000,-248.98338000
1.130000,14.85522983,-4.13954288,-9.30526731,-192.92370000,-286.31626000,-290.28338000
1.140000,14.55152785,-4.13811478,-9.22074907,-213.39370000,-208.67626000,-370.98338000
1.150000,14.22685297,-4.15488502,-9.17248190,-223.26370000,-28.29626000,-416.24338000
1.160000,13.88007744,-4.17638211,-9.16410729,-228.16370000,72.16374000,-390.68338000
1.170000,13.51102828,-4.19290755,-9.19409249,-215.41370000,78.80374000,-335.23338000
1.180000,13.12060447,-4.20365732,-9.25847976,-200.05370000,-2.77626000,-313.38338000
1.190000,12.70971453,-4.21718044,-9.35486159,-207.18370000,-188.21626000,-316.23338000
1.200000,12.27809294,-4.24967341,-9.48260098,-218.90370000,-383.61626000,-306.90338000
1.210000,11.82468371,-4.31838047,-9.64080469,-230.57370000,-497.14626000,-286.98338000
1.220000,11.34815708,-4.43239013,-9.82838021,-248.70370000,-438.22626000,-292.45338000
1.230000,10.84724757,-4.58440137,-10.04654455,-251.39370000,-150.49626000,-350.11338000
1.240000,10.32231566,-4.74982147,-10.29945820,-213.46370000,198.83374000,-395.74338000
1.250000,9.77736336,-4.89986465,-10.58938992,-126.55370000,363.87374000,-337.57338000
1.260000,9.22000942,-5.02027719,-10.91154020,-33.55370000,254.61374000,-216.30338000
1.270000,8.65781584,-5.11871131,-11.25728804,-3.98370000,2.00374000,-172.17338000
1.280000,8.09438062,-5.21405253,-11.62290320,-12.20370000,-138.93626000,-232.49338000
1.290000,7.53088325,-5.31868585,-12.01075292,21.84630000,-99.84626000,-250.67338000
1.300000,6.97049724,-5.43198550,-12.42042295,88.90630000,-12.05626000,-137.42338000
1.310000,6.41887934,-5.54636001,-12.84333030,147.00630000,76.93374000,-2.42338000
1.320000,5.88164730,-5.65331410,-13.26874147,188.45630000,150.97374000,43.66662000
1.330000,5.36253912,-5.74680580,-13.69075095,196.97630000,155.58374000,52.70662000
1.340000,4.86283179,-5.82416958,-14.10659899,189.56630000,178.94374000,98.92662000
1.350000,4.38255683,-5.88173696,-14.51216034,197.12630000,274.35374000,162.45662000
1.360000,3.92178072,-5.91439368,-14.90185401,192.07630000,264.74374000,212.41662000
1.370000,3.47991222,-5.92405875,-15.27054875,170.96630000,111.79374000,254.21662000
1.380000,3.05570458,-5.92090716,-15.61370779,168.36630000,20.30374000,302.12662000
1.390000,2.64849804,-5.91312042,-15.92678741,168.28630000,28.97374000,346.25662000
1.400000,2.25776461,-5.90364877,-16.20599783,149.92630000,-14.88626000,361.67662000
1.410000,1.88223805,-5.89695022,-16.44924382,136.07630000,-114.15626000,370.51662000
1.420000,1.52080934,-5.89885700,-16.65497062,137.77630000,-105.04626000,399.60662000
1.430000,1.17339973,-5.90730064,-16.82068849,145.07630000,58.74374000,432.17662000
1.440000,0.84073824,-5.91021436,-16.94341467,157.93630000,204.72374000,457.25662000
1.450000,0.52406285,-5.89772944,-17.02164442,174.43630000,143.72374000,434.71662000
1.460000,0.22481308,-5.87454860,-17.05879523,186.15630000,-68.36626000,318.01662000
1.470000,-0.05570434,-5.85563886,-17.06436910,198.48630000,-181.86626000,193.87662000
1.480000,-0.31590765,-5.85032472,-17.04809879,225.37630000,-115.75626000,169.54662000
1.490000,-0.55332886,-5.85569992,-17.01413929,257.98630000,-18.22626000,176.14662000
1.500000,-0.76547970,-5.86392396,-16.96401711,265.40630000,34.22374000,126.21662000
1.510000,-0.95141244,-5.86895260,-16.90114774,255.86630000,73.56374000,82.85662000
1.520000,-1.11130957,-5.86741333,-16.82857093,260.22630000,77.33374000,97.91662000
1.530000,-1.24531909,-5.85941715,-16.74610069,255.12630000,26.01374000,118.59662000
1.540000,-1.35426550,-5.84878782,-16.65251901,227.98630000,-28.06626000,110.89662000
1.550000,-1.43987080,-5.83952734,-16.54815440,218.48630000,-28.66626000,92.47662000
1.560000,-1.50287300,-5.83147969,-16.43431710,235.10630000,32.85374000,84.60662000
1.570000,-1.54213959,-5.82048540,-16.31174762,256.66630000,76.79374000,89.14662000
1.580000,-1.55586707,-5.80458919,-16.18078144,269.06630000,5.60374000,74.51662000
1.590000,-1.54312519,-5.78956233,-16.04327434,259.91630000,-126.80626000,25.00662000
1.600000,-1.50449770,-5.78454932,-15.90326829,242.46630000,-156.57626000,-23.02338000
1.610000,-1.44101886,-5.79199815,-15.76476931,245.14630000,-62.54626000,-37.69338000
1.620000,-1.35279991,-5.80623032,-15.62959065,252.78630000,6.30374000,-32.85338000
1.630000,-1.23986010,-5.82200184,-15.49803355,234.05630000,-15.66626000,-39.91338000
1.640000,-1.10355743,-5.83957745,-15.37078326,209.55630000,-51.16626000,-58.04338000
1.650000,-0.94555340,-5.86073141,-15.24894479,210.82630000,-29.16626000,-58.92338000
1.660000,-0.76608726,-5.88400946,-15.13261963,223.21630000,20.50374000,-43.09338000
1.670000,-0.56469402,-5.90681285,-15.02091028,215.76630000,3.11374000,-37.97338000
1.680000,-0.34220092,-5.93021859,-14.91346450,185.18630000,-54.85626000,-49.95338000
1.690000,-0.10081571,-5.95674392,-14.81096653,165.48630000,-22.21626000,-58.48338000
1.700000,0.15784436,-5.98500560,-14.71383563,170.77630000,25.80374000,-46.21338000
1.710000,0.43298503,-6.01492437,-14.62132104,148.12630000,-99.70626000,-32.19338000
1.720000,0.72214857,-6.05506424,-14.53271551,89.82630000,-239.26626000,-44.21338000
1.730000,1.02146796,-6.11266645,-14.44852830,74.39630000,-124.28626000,-54.56338000
1.740000,1.32909546,-6.18043525,-14.36878966,89.64630000,77.14374000,-23.05338000
1.750000,1.64458107,-6.24512890,-14.29096507,56.57630000,88.97374000,25.65662000
1.760000,1.96540129,-6.30424714,-14.21148830,6.52630000,-36.10626000,39.37662000
1.770000,2.28793736,-6.36504098,-14.12894760,-5.05370000,-87.81626000,19.69662000
1.780000,2.61046129,-6.43044591,-14.04379096,-0.96370000,23.26374000,27.41662000
1.790000,2.93238209,-6.49384869,-13.95475438,-21.20370000,117.34374000,82.21662000
1.800000,3.25151798,-6.55009031,-13.85795062,-72.08370000,24.46374000,120.38662000
1.810000,3.56381949,-6.60469802,-13.75033592,-112.06370000,-104.94626000,110.99662000
1.820000,3.86551511,-6.66658233,-13.63170528,-132.08370000,-109.66626000,99.80662000
1.830000,4.15350583,-6.73743048,-13.50247871,-176.02370000,-38.30626000,114.77662000
1.840000,4.42392666,-6.81191122,-13.36194546,-222.72370000,36.94374000,124.45662000
1.850000,4.67325235,-6.88286007,-13.21020551,-226.39370000,101.66374000,86.12662000
1.860000,4.90059165,-6.94391375,-13.05079638,-208.00370000,151.50374000,11.60662000
1.870000,5.10722081,-6.99176878,-12.88969707,-190.06370000,119.24374000,-40.18338000
1.880000,5.29498257,-7.03105065,-12.73163082,-170.62370000,-51.09626000,-51.01338000
1.890000,5.46551394,-7.07498062,-12.57852638,-161.96370000,-207.00626000,-54.71338000
1.900000,5.61912043,-7.13424443,-12.43130751,-186.50370000,-152.27626000,-73.43338000
1.910000,5.75335926,-7.20468909,-12.29170245,-243.79370000,60.29374000,-101.42338000
1.920000,5.86377146,-7.26992159,-12.16162746,-283.03370000,236.14374000,-103.37338000
1.930000,5.94732102,-7.31627968,-12.04073778,-268.70370000,218.36374000,-57.69338000
1.940000,6.00436893,-7.34467137,-11.92580591,-243.68370000,41.75374000,-18.00338000
1.950000,6.03617870,-7.36575840,-11.81409936,-257.51370000,-13.71626000,-33.76338000
1.960000,6.04137108,-7.38308653,-11.70662862,-310.04370000,132.00374000,-82.35338000
1.970000,6.01607682,-7.38920325,-11.60697819,-345.92370000,194.13374000,-112.79338000
1.980000,5.95829666,-7.38082232,-11.51710858,-301.60370000,55.60374000,-81.74338000
1.990000,5.87114687,-7.36693098,-11.43495654,-229.71370000,-88.95626000,-30.87338000
2.000000,5.75915593,-7.35941548,-11.35780331,-236.67370000,-136.75626000,-54.91338000
2.010000,5.62241160,-7.36370083,-11.28720539,-291.13370000,-113.59626000,-119.96338000
2.020000,5.45802313,-7.37669152,-11.22697453,-290.88370000,11.70374000,-118.29338000
2.030000,5.26550776,-7.38861856,-11.17750674,-256.23370000,128.70374000,-72.42338000
2.040000,5.04652326,-7.39215844,-11.13628527,-259.47370000,62.34374000,-65.16338000
2.050000,4.80135636,-7.39165116,-11.10201310,-276.17370000,-95.53626000,-73.67338000
2.060000,4.52878832,-7.40010723,-11.07494576,-288.28370000,-233.83626000,-74.13338000
2.070000,4.22699564,-7.43026265,-11.05606497,-320.30370000,-308.79626000,-103.97338000
2.080000,3.89334507,-7.48675590,-11.04760850,-349.48370000,-206.11626000,-133.34338000
2.090000,3.52501985,-7.56065775,-11.05175710,-371.77370000,20.65374000,-131.99338000
2.100000,3.11991450,-7.63279020,-11.06879525,-382.23370000,231.55374000,-116.70338000
2.110000,2.67786600,-7.68290474,-11.09670023,-345.54370000,392.92374000,-67.72338000
2.120000,2.20174586,-7.69697363,-11.13114176,-293.60370000,420.39374000,-7.76338000
2.130000,1.69575908,-7.67399985,-11.16748386,-265.97370000,243.96374000,8.77662000
2.140000,1.16287065,-7.62828043,-11.20357853,-254.57370000,-2.52626000,1.65662000
2.150000,0.60438659,-7.57886859,-11.23931775,-252.76370000,-95.24626000,3.67662000
2.160000,0.02109313,-7.53417411,-11.27458830,-236.33370000,0.29374000,11.28662000
2.170000,-0.58453672,-7.48957171,-11.30862940,-172.08370000,86.94374000,24.47662000
2.180000,-1.20656546,-7.43975191,-11.33996307,-79.51370000,30.48374000,49.60662000
2.190000,-1.83737709,-7.38831796,-11.36692581,-24.26370000,-87.37626000,52.69662000
2.200000,-2.47192587,-7.34267809,-11.39021511,-25.50370000,-91.52626000,-6.51338000
2.210000,-3.10900754,-7.30139858,-11.41443597,-30.10370000,91.98374000,-75.38338000
2.220000,-3.74846210,-7.25097615,-11.44452564,-13.26370000,269.24374000,-75.92338000
2.230000,-4.38890655,-7.17909782,-11.48091439,12.97630000,223.73374000,-23.18338000
2.240000,-5.02772864,-7.08844059,-11.52017944,48.14630000,30.41374000,8.78662000
2.250000,-5.66233587,-6.99425120,-11.56043656,55.26630000,-147.30626000,-32.52338000
2.260000,-6.29213325,-6.91185340,-11.60473649,29.65630000,-211.49626000,-103.90338000
2.270000,-6.91756402,-6.84678720,-11.65788049,56.02630000,-126.99626000,-111.88338000
2.280000,-7.53599243,-6.79322884,-11.72086330,134.32630000,1.14374000,-64.33338000
2.290000,-8.14158523,-6.74110608,-11.79061767,184.68630000,63.25374000,-28.76338000
2.300000,-8.72933167,-6.68440316,-11.86381286,206.09630000,51.52374000,-14.22338000
2.310000,-9.29611576,-6.62288458,-11.93900561,237.55630000,22.29374000,-21.14338000
2.320000,-9.83869724,-6.55859635,-12.01704818,282.83630000,10.64374000,-55.93338000
2.330000,-10.35348311,-6.49343822,-12.10064506,304.53630000,-12.81626000,-87.61338000
2.340000,-10.83871312,-6.42899767,-12.19220651,286.26630000,-17.74626000,-85.87338000
2.350000,-11.29582552,-6.36671997,-12.29138627,243.57630000,-42.23626000,-43.82338000
2.360000,-11.72927656,-6.31117362,-12.39513609,168.97630000,-171.06626000,-7.73338000
2.370000,-12.14559275,-6.27057711,-12.50092497,99.80630000,-217.65626000,-20.72338000
2.380000,-12.55025883,-6.24499544,-12.60826143,93.35630000,1.75374000,-11.17338000
2.390000,-12.94471780,-6.21850862,-12.71516594,117.70630000,246.32374000,61.89662000
2.400000,-13.32819091,-6.17435565,-12.81639427,106.60630000,208.21374000,115.97662000
2.410000,-13.70156692,-6.11144251,-12.90740116,68.90630000,83.62374000,116.55662000
2.420000,-14.06717231,-6.03579997,-12.98675287,62.34630000,129.68374000,118.66662000
2.430000,-14.42633385,-5.94778653,-13.05349489,60.09630000,147.81374000,152.04662000
2.440000,-14.78004128,-5.84764518,-13.10503273,31.56630000,55.77374000,186.95662000
2.450000,-15.12995585,-5.73994192,-13.13838588,24.42630000,39.08374000,202.97662000
2.460000,-15.47704182,-5.62552826,-13.15121409,28.66630000,130.44374000,229.63662000
2.470000,-15.82086767,-5.49807344,-13.14068637,44.58630000,217.64374000,273.53662000
2.480000,-16.15928167,-5.35297172,-13.10399646,94.57630000,136.11374000,271.32662000
2.490000,-16.48899181,-5.19792409,-13.04193486,110.35630000,-96.06626000,200.22662000
2.500000,-16.80828384,-5.04988230,-12.95957433,97.37630000,-228.24626000,141.72662000
2.510000,-17.11683676,-4.91985586,-12.86154736,120.39630000,-172.08626000,144.52662000
2.520000,-17.41339758,-4.80536252,-12.74909196,137.45630000,-52.93626000,147.90662000
2.530000,-17.69686003,-4.69746901,-12.62300137,124.56630000,9.93374000,106.61662000
2.540000,-17.96766438,-4.59281511,-12.48644810,115.67630000,-100.54626000,58.91662000
2.550000,-18.22703112,-4.50158354,-12.34389339,97.52630000,-349.76626000,17.15662000
2.560000,-18.47642325,-4.43930107,-12.20001749,84.19630000,-361.91626000,-38.83338000
2.570000,-18.71610578,-4.40438045,-12.05928041,118.40630000,-24.90626000,-63.49338000
2.580000,-18.94386619,-4.37407842,-11.92357764,151.81630000,222.95374000,-34.00338000
2.590000,-19.15754625,-4.32878948,-11.79167544,137.11630000,174.44374000,-18.97338000
2.600000,-19.35775995,-4.26879589,-11.66308655,108.54630000,12.31374000,-59.03338000
2.610000,-19.54631604,-4.20590589,-11.54030722,108.03630000,-87.24626000,-93.79338000
2.620000,-19.72331777,-4.14908298,-11.42533871,133.49630000,-84.53626000,-64.26338000
2.630000,-19.88716290,-4.10016667,-11.31684451,147.17630000,-63.97626000,-35.10338000
2.640000,-20.03614467,-4.05717446,-11.21333938,162.62630000,-28.50626000,-63.54338000
2.650000,-20.16850857,-4.01788809,-11.11592206,188.22630000,-31.27626000,-79.77338000
2.660000,-20.28294238,-3.98510081,-11.02544480,174.06630000,-172.93626000,-52.96338000
2.670000,-20.38000407,-3.96816737,-10.94100636,154.46630000,-261.03626000,-54.30338000
2.680000,-20.46028615,-3.97194754,-10.86325873,184.12630000,-137.56626000,-104.51338000
2.690000,-20.52164913,-3.98817904,-10.79526666,229.98630000,34.08374000,-125.34338000
2.700000,-20.56054725,-4.00448939,-10.73822916,250.43630000,62.21374000,-81.43338000
2.710000,-20.57531826,-4.01785733,-10.68976548,230.16630000,-44.84626000,-53.19338000
2.720000,-20.56694991,-4.03428462,-10.64791061,210.74630000,-98.92626000,-74.98338000
2.730000,-20.53632320,-4.05755575,-10.61266830,234.61630000,-35.08626000,-59.79338000
2.740000,-20.48260639,-4.08480098,-10.58188381,239.56630000,6.10374000,17.80662000
2.750000,-20.40642221,-4.11245205,-10.55013938,180.88630000,2.61374000,64.12662000
2.760000,-20.31231893,-4.13899596,-10.51360701,111.36630000,28.92374000,47.00662000
2.770000,-20.20648830,-4.16300572,-10.47217646,61.41630000,36.87374000,39.33662000
2.780000,-20.09425055,-4.18501558,-10.42590222,18.02630000,-26.70626000,69.61662000
2.790000,-19.97990269,-4.20908702,-10.37299055,-17.12370000,-69.95626000,88.47662000
2.800000,-19.86670423,-4.23690457,-10.31192719,-33.81370000,12.74374000,81.04662000
2.810000,-19.75674691,-4.26288945,-10.24248264,-48.95370000,113.74374000,86.22662000
2.820000,-19.65215473,-4.28099293,-10.16436716,-86.94370000,70.99374000,94.88662000
2.830000,-19.55582594,-4.29307926,-10.07771974,-111.75370000,-19.07626000,66.82662000
2.840000,-19.46972230,-4.30495192,-9.98445839,-102.61370000,-28.32626000,37.56662000
2.850000,-19.39453179,-4.31927519,-9.88641710,-123.60370000,-26.32626000,50.78662000
2.860000,-19.33226993,-4.33598329,-9.78302262,-171.38370000,-18.44626000,76.53662000
2.870000,-19.28591621,-4.35296249,-9.67235021,-174.01370000,48.34374000,88.80662000
2.880000,-19.25638513,-4.36642129,-9.55323736,-157.55370000,58.54374000,85.01662000
2.890000,-19.24299319,-4.37732593,-9.42612783,-160.50370000,-67.29626000,62.57662000
2.900000,-19.24506915,-4.39441241,-9.29268211,-144.21370000,-175.25626000,44.82662000
2.910000,-19.26095475,-4.42465299,-9.15436746,-107.51370000,-112.38626000,44.07662000
2.920000,-19.28783549,-4.46349791,-9.01185636,-84.62370000,51.82374000,36.42662000
2.930000,-19.32301587,-4.49766493,-8.86600409,-59.28370000,191.82374000,18.26662000
2.940000,-19.36342239,-4.51552429,-8.71820012,-9.91370000,212.80374000,6.65662000
2.950000,-19.40505580,-4.51746199,-8.57004672,25.97630000,15.40374000,-16.05338000
2.960000,-19.44504136,-4.51865279,-8.42399389,19.81630000,-217.76626000,-57.02338000
2.970000,-19.48313406,-4.53463344,-8.28334987,6.04630000,-175.49626000,-84.70338000
2.980000,-19.52027965,-4.56294742,-8.15106916,1.91630000,71.39374000,-106.55338000
2.990000,-19.55731063,-4.58547376,-8.02901502,-9.35370000,260.18374000,-109.70338000
3.000000,-19.59503425,-4.58644443,-7.91642594,-14.97370000,266.43374000,-51.09338000
3.010000,-19.63379477,-4.56573070,-7.80946017,-6.23370000,70.29374000,-11.49338000
3.020000,-19.67357043,-4.54014507,-7.70614422,-17.22370000,-216.17626000,-70.36338000
3.030000,-19.71564923,-4.53130253,-7.61050259,-55.50370000,-311.69626000,-153.20338000
3.040000,-19.76250292,-4.54514983,-7.52934651,-66.82370000,-72.05626000,-201.10338000
3.050000,-19.81456175,-4.56532373,-7.46761775,-23.11370000,198.71374000,-220.13338000
3.060000,-19.86834748,-4.57181097,-7.42672731,39.91630000,218.06374000,-190.61338000
3.070000,-19.91843734,-4.55971880,-7.40438993,87.05630000,104.30374000,-139.21338000
3.080000,-19.96058835,-4.53765373,-7.39773386,99.46630000,-31.78626000,-156.66338000
3.090000,-19.99298375,-4.51692401,-7.40841811,100.17630000,-98.17626000,-239.52338000
3.100000,-20.01434980,-4.50124937,-7.44174142,137.29630000,21.90374000,-268.30338000
3.110000,-20.02189348,-4.48300159,-7.49937380,174.06630000,153.26374000,-194.68338000
3.120000,-20.01388031,-4.45492089,-7.57561099,132.78630000,60.85374000,-84.97338000
3.130000,-19.99415827,-4.42367754,-7.66133999,24.65630000,-152.49626000,-13.49338000
3.140000,-19.97091338,-4.40305479,-7.75056331,-45.24370000,-184.71626000,-26.26338000
3.150000,-19.95061314,-4.39625413,-7.84296894,-56.01370000,-34.98626000,-59.72338000
3.160000,-19.93687053,-4.39270306,-7.93905088,-109.09370000,120.67374000,0.20662000
3.170000,-19.93414631,-4.37669084,-8.03391139,-170.59370000,288.05374000,109.71662000
3.180000,-19.94675249,-4.33468621,-8.11935047,-166.99370000,338.88374000,158.76662000
3.190000,-19.97595831,-4.26472293,-8.19071185,-163.46370000,148.49374000,137.40662000
3.200000,-20.02215902,-4.18275524,-8.24827756,-189.93370000,-159.72626000,119.79662000
3.210000,-20.08803238,-4.11416664,-8.29265507,-247.63370000,-368.23626000,152.07662000
3.220000,-20.17958962,-4.07508589,-8.32157540,-346.21370000,-288.14626000,195.88662000
3.230000,-20.30511851,-4.06112374,-8.33161879,-422.86370000,-64.24626000,212.77662000
3.240000,-20.47020029,-4.05406967,-8.32235025,-394.23370000,136.28374000,152.58662000
3.250000,-20.67183521,-4.03236445,-8.29977327,-254.85370000,373.69374000,15.93662000
3.260000,-20.89844377,-3.97621358,-8.27489386,-99.06370000,490.12374000,-90.81338000
3.270000,-21.13691897,-3.87794530,-8.25750051,-25.74370000,326.72374000,-132.20338000
3.280000,-21.38002682,-3.74828436,-8.25242822,-38.81370000,108.10374000,-136.07338000
3.290000,-21.62666006,-3.60296952,-8.26077175,-41.70370000,79.19374000,-130.73338000
3.300000,-21.87554919,-3.44663702,-8.28329984,27.92630000,170.18374000,-168.29338000
3.310000,-22.12162246,-3.27546537,-8.32259775,94.42630000,169.97374000,-201.92338000
3.320000,-22.35936937,-3.09149431,-8.38020897,112.21630000,-2.18626000,-158.84338000
3.330000,-22.58537768,-2.90876160,-8.45430500,146.62630000,-219.16626000,-138.23338000
3.340000,-22.79556662,-2.74292248,-8.54491085,223.24630000,-239.25626000,-223.53338000
3.350000,-22.98275196,-2.59413445,-8.65798076,322.96630000,11.60374000,-311.71338000
3.360000,-23.13811544,-2.44351227,-8.79970674,399.63630000,285.38374000,-297.73338000
3.370000,-23.25536356,-2.26919618,-8.96933528,398.31630000,361.35374000,-207.37338000
3.380000,-23.33328383,-2.06333619,-9.16053638,372.78630000,249.63374000,-148.87338000
3.390000,-23.37334899,-1.83613454,-9.36859005,366.25630000,-10.98626000,-167.43338000
3.400000,-23.37737128,-1.61005373,-9.59319878,332.35630000,-276.52626000,-176.91338000
3.410000,-23.34792972,-1.40596752,-9.83420258,303.52630000,-319.77626000,-132.99338000
3.420000,-23.28710131,-1.22929541,-10.08878444,312.00630000,-184.51626000,-98.67338000
3.430000,-23.19603303,-1.07123838,-10.35384687,277.99630000,-59.82626000,-87.33338000
3.440000,-23.07817390,-0.92000345,-10.62727010,199.57630000,27.25374000,-59.54338000
3.450000,-22.93905240,-0.76679112,-10.90670391,169.28630000,80.38374000,-32.45338000
3.460000,-22.78166180,-0.60595063,-11.19059402,188.55630000,113.07374000,-52.25338000
3.470000,-22.60536759,-0.43286223,-11.48051470,205.68630000,179.35374000,-102.71338000
3.480000,-22.40918503,-0.24365243,-11.77987395,191.54630000,169.04374000,-118.31338000
3.490000,-22.19491960,-0.04130498,-12.09005751,130.47630000,4.03374000,-92.08338000
3.500000,-21.96756657,0.16291064,-12.40971463,66.94630000,-106.41626000,-74.91338000
3.510000,-21.73227143,0.36110141,-12.73723232,49.25630000,-36.22626000,-70.96338000
3.520000,-21.49172943,0.55620858,-13.07137007,40.35630000,51.49374000,-46.41338000
3.530000,-21.24747207,0.75546591,-13.40980788,14.58630000,95.21374000,-6.66338000
3.540000,-21.00149861,0.96273440,-13.74932701,-4.94370000,74.49374000,18.03662000
3.550000,-20.75628178,1.17155929,-14.08748670,-39.02370000,-185.97626000,26.51662000
3.560000,-20.51508510,1.35963234,-14.42307346,-81.87370000,-536.64626000,33.39662000
3.570000,-20.28143406,1.50041029,-14.75532303,-103.11370000,-636.56626000,41.72662000
3.580000,-20.05839916,1.58369115,-15.08306316,-140.60370000,-494.13626000,65.07662000
3.590000,-19.84963290,1.62030766,-15.40343386,-190.48370000,-245.76626000,124.44662000
3.600000,-19.65904729,1.63257983,-15.71086113,-209.71370000,7.86374000,205.31662000
3.610000,-19.48856757,1.63984291,-15.99880495,-198.38370000,25.64374000,245.80662000
3.620000,-19.33767199,1.64206339,-16.26444884,-180.94370000,-264.88626000,196.61662000
3.630000,-19.20591105,1.62083178,-16.51048980,-209.17370000,-437.98626000,146.62662000
3.640000,-19.09598850,1.56385632,-16.73866557,-278.30370000,-292.92626000,226.28662000
3.650000,-19.01203035,1.47848577,-16.94316615,-276.85370000,-115.99626000,349.35662000
3.660000,-18.95234008,1.38101513,-17.11480930,-142.76370000,36.88374000,390.84662000
3.670000,-18.90647096,1.28605189,-17.24854026,5.47630000,138.49374000,386.98662000
3.680000,-18.86286323,1.20146156,-17.34434078,37.29630000,97.01374000,353.94662000
3.690000,-18.81665464,1.12824388,-17.40452562,19.90630000,118.35374000,331.29662000
3.700000,-18.76649720,1.06939511,-17.42985203,76.78630000,237.00374000,379.34662000
3.710000,-18.70721714,1.03206324,-17.41785574,187.36630000,264.28374000,404.46662000
3.720000,-18.63037373,1.01943253,-17.36692478,246.95630000,218.44374000,370.65662000
3.730000,-18.53096346,1.02849198,-17.27799737,217.33630000,162.40374000,375.62662000
3.740000,-18.41077333,1.05327933,-17.15105753,145.50630000,81.83374000,400.13662000
3.750000,-18.27595459,1.08612334,-16.98566675,72.73630000,-7.83626000,363.68662000
3.760000,-18.13372575,1.11949525,-16.78511854,1.36630000,-49.07626000,280.33662000
3.770000,-17.99145505,1.15141132,-16.55627839,-77.85370000,43.72374000,208.86662000
3.780000,-17.85683974,1.18931105,-16.30514856,-155.93370000,196.94374000,195.06662000
3.790000,-17.73669407,1.24367468,-16.03400029,-193.12370000,216.91374000,203.28662000
3.800000,-17.63464604,1.31790621,-15.74366708,-185.78370000,159.91374000,167.30662000
3.810000,-17.55162390,1.41086790,-15.43637769,-200.40370000,208.43374000,141.89662000
3.820000,-17.48946116,1.52679675,-15.11356861,-251.84370000,337.87374000,171.23662000
3.830000,-17.45146106,1.67378301,-14.77441385,-266.47370000,354.08374000,171.00662000
3.840000,-17.43851910,1.84955317,-14.41967340,-221.59370000,101.28374000,111.72662000
3.850000,-17.44798028,2.03207748,-14.05383526,-190.52370000,-290.51626000,50.99662000
3.860000,-17.47836385,2.19165420,-13.68269769,-238.31370000,-442.18626000,-0.19338000
3.870000,-17.53384457,2.31847158,-13.31119418,-340.79370000,-139.51626000,-34.42338000
3.880000,-17.62226843,2.43513686,-12.94125498,-401.88370000,311.10374000,8.01662000
3.890000,-17.74759468,2.57274605,-12.56970210,-335.59370000,351.03374000,84.48662000
3.900000,-17.90429582,2.73364864,-12.19292604,-185.98370000,-85.46626000,33.48662000
3.910000,-18.08215385,2.88565064,-11.81455179,-142.77370000,-540.15626000,-85.98338000
3.920000,-18.27908378,2.99325580,-11.44165360,-295.40370000,-614.12626000,-79.01338000
3.930000,-18.50623584,3.05004136,-11.07537747,-479.36370000,-268.40626000,-19.32338000
3.940000,-18.77765080,3.08218183,-10.71074091,-520.44370000,161.10374000,53.62662000
3.950000,-19.09688140,3.12474495,-10.33883892,-396.43370000,359.07374000,204.23662000
3.960000,-19.45357839,3.19759698,-9.94994774,-189.40370000,328.27374000,219.01662000
3.970000,-19.83261678,3.29935941,-9.54285262,-122.47370000,136.76374000,87.43662000
3.980000,-20.23003080,3.41344000,-9.12366906,-304.73370000,-113.10626000,91.19662000
3.990000,-20.65690547,3.52014650,-8.69369307,-450.54370000,-209.54626000,163.41662000
4.000000,-21.12269278,3.60998415,-8.24902615,-354.74370000,-146.58626000,171.15662000
4.010000,-21.62374348,3.68458621,-7.78732054,-254.56370000,-110.73626000,177.36662000
4.020000,-22.15402683,3.74666017,-7.30864374,-309.49370000,-137.09626000,154.50662000
4.030000,-22.71479131,3.79495654,-6.81487151,-349.75370000,-170.20626000,118.98662000
4.040000,-23.30857744,3.82744307,-6.30806334,-315.92370000,-158.91626000,130.50662000
4.050000,-23.93485596,3.84611900,-5.78885573,-322.15370000,-68.41626000,117.52662000
4.060000,-24.59380237,3.85801634,-5.25894644,-350.54370000,20.57374000,64.05662000
4.070000,-25.28607017,3.86909108,-4.72214746,-313.67370000,-9.66626000,31.49662000
4.080000,-26.00847762,3.87565698,-4.18216330,-231.75370000,-185.62626000,1.90662000
4.090000,-26.75470295,3.86579578,-3.64236620,-179.59370000,-280.19626000,-41.24338000
4.100000,-27.52040018,3.83596899,-3.10592591,-191.99370000,-56.63626000,-52.14338000
4.110000,-28.30522305,3.80382161,-2.57383369,-205.50370000,296.61374000,-26.84338000
4.120000,-29.10780932,3.79675463,-2.04399103,-111.59370000,462.59374000,17.39662000
4.130000,-29.91967122,3.82760455,-1.51239144,53.60630000,290.84374000,63.87662000
4.140000,-30.72839952,3.88126289,-0.97635141,125.66630000,-135.97626000,34.01662000
4.150000,-31.52784145,3.92440912,-0.43826220,62.45630000,-443.40626000,-48.39338000
4.160000,-32.32081928,3.93242027,0.09651246,3.92630000,-386.64626000,-68.26338000
4.170000,-33.11013325,3.90830307,0.62536629,72.18630000,-72.46626000,-50.36338000
4.180000,-33.88976787,3.87822828,1.14945457,234.81630000,289.24374000,-20.08338000
4.190000,-34.64633337,3.87180264,1.67262077,376.88630000,435.91374000,55.19662000
4.200000,-35.36722702,3.90058765,2.20038042,434.22630000,243.32374000,94.97662000
4.210000,-36.04509106,3.95281558,2.73514675,471.78630000,11.12374000,36.66662000
4.220000,-36.67406799,4.01156316,3.27228502,573.62630000,-8.81626000,-71.88338000
4.230000,-37.24522006,4.07146114,3.80178347,689.89630000,48.49374000,-196.94338000
4.240000,-37.74800078,4.13777803,4.31268686,777.37630000,164.55374000,-276.48338000
4.250000,-38.17350388,4.22248183,4.79918469,842.39630000,353.84374000,-224.76338000
4.260000,-38.51749763,4.33775403,5.26527320,794.14630000,346.46374000,-88.81338000
4.270000,-38.78459827,4.48306039,5.72145039,640.97630000,150.56374000,7.48662000
4.280000,-38.98541580,4.64602215,6.17616328,571.16630000,54.59374000,16.81662000
4.290000,-39.12647323,4.81710857,6.63142584,603.03630000,61.20374000,-17.58338000
4.300000,-39.20826429,4.99451765,7.08517960,589.35630000,71.87374000,-40.45338000
4.310000,-39.23235675,5.17889388,7.53480154,522.13630000,69.70374000,-65.23338000
4.320000,-39.20385710,5.36948026,7.97716917,465.99630000,33.09374000,-117.70338000
4.330000,-39.12875909,5.56284506,8.40795298,405.74630000,-28.78626000,-161.16338000
4.340000,-39.01360997,5.75228101,8.82315923,320.49630000,-136.70626000,-181.52338000
4.350000,-38.86650500,5.92804111,9.22002241,227.43630000,-248.86626000,-207.96338000
4.360000,-38.69583342,6.08206737,9.59598278,163.23630000,-238.94626000,-237.11338000
4.370000,-38.50736647,6.21500579,9.94800409,153.84630000,-120.78626000,-273.82338000
4.380000,-38.30261117,6.33589361,10.27218408,176.54630000,-5.53626000,-327.34338000
4.390000,-38.08043002,6.45534433,10.56416076,186.03630000,70.34374000,-358.07338000
4.400000,-37.83994900,6.58258197,10.82107163,179.31630000,172.29374000,-357.59338000
4.410000,-37.58065863,6.72628051,11.04202993,203.64630000,239.47374000,-363.29338000
4.420000,-37.30047514,6.88705670,11.22664141,245.05630000,27.83374000,-368.14338000
4.430000,-36.99716180,7.04653780,11.37554809,227.37630000,-350.97626000,-327.06338000
4.440000,-36.67122861,7.17651206,11.49204419,200.92630000,-510.18626000,-272.60338000
4.450000,-36.32263580,7.26117747,11.57927799,273.09630000,-445.03626000,-296.67338000
4.460000,-35.94560463,7.30373079,11.63624697,386.35630000,-288.25626000,-343.09338000
4.470000,-35.53133986,7.31989576,11.66117538,439.47630000,-38.01626000,-297.21338000
4.480000,-35.07472173,7.33087289,11.65741674,424.76630000,152.74374000,-208.41338000
4.490000,-34.57664574,7.35365443,11.63248602,365.24630000,200.67374000,-131.29338000
4.500000,-34.04140865,7.39602712,11.59426225,327.12630000,225.52374000,-59.17338000
4.510000,-33.47217419,7.45959596,11.54911566,336.33630000,192.09374000,-25.72338000
4.520000,-32.87002513,7.54036346,11.50094651,312.72630000,74.20374000,-8.73338000
4.530000,-32.23755195,7.62938562,11.45248404,247.11630000,-14.34626000,33.00662000
4.540000,-31.57986217,7.71771319,11.40697426,197.64630000,-77.32626000,62.37662000
4.550000,-30.90198154,7.79944791,11.36733916,161.16630000,-98.74626000,78.77662000
4.560000,-30.20796054,7.87297553,11.33609075,121.57630000,-57.49626000,117.08662000
4.570000,-29.50183019,7.93971081,11.31625903,75.99630000,-61.98626000,145.26662000
4.580000,-28.78798922,8.00019450,11.30998599,30.79630000,-72.62626000,136.27662000
4.590000,-28.07023915,8.05581359,11.31709014,14.71630000,8.62374000,118.81662000
4.600000,-27.35019873,8.11286109,11.33590747,27.32630000,108.48374000,96.16662000
4.610000,-26.62697044,8.18019900,11.36363224,54.08630000,181.99374000,46.69662000
4.620000,-25.89777354,8.26408556,11.39559269,99.18630000,185.44374000,-18.58338000
4.630000,-25.15926104,8.36272702,11.42573109,116.10630000,33.28374000,-80.86338000
4.640000,-24.41029093,8.46437114,11.44795641,82.84630000,-135.93626000,-134.66338000
4.650000,-23.65236346,8.55530292,11.45706493,72.43630000,-193.93626000,-172.93338000
4.660000,-22.88666588,8.62678611,11.44892813,79.02630000,-258.16626000,-207.73338000
4.670000,-22.11380170,8.67257794,11.41993301,52.11630000,-321.41626000,-244.38338000
4.680000,-21.33525365,8.68818294,11.36731258,40.03630000,-310.50626000,-246.96338000
4.690000,-20.55195375,8.67241784,11.29120134,53.82630000,-316.40626000,-199.77338000
4.700000,-19.76341624,8.62457665,11.19566054,57.75630000,-343.75626000,-129.12338000
4.710000,-18.96859437,8.54373286,11.08693042,77.97630000,-320.21626000,-68.00338000
4.720000,-18.16533065,8.43265273,10.97079448,119.90630000,-229.29626000,-29.55338000
4.730000,-17.34963081,8.30122775,10.85145023,175.59630000,-39.01626000,0.32662000
4.740000,-16.51575712,8.16626793,10.73260867,251.79630000,161.90374000,50.55662000
4.750000,-15.65768507,8.04501677,10.61979154,284.68630000,259.52374000,141.08662000
4.760000,-14.77251316,7.94801726,10.52072785,258.76630000,285.08374000,218.95662000
4.770000,-13.86145814,7.87547665,10.44171660,229.04630000,144.63374000,224.64662000
4.780000,-12.92783102,7.81416196,10.38405753,181.96630000,-129.34626000,187.38662000
4.790000,-11.97530379,7.74352541,10.34521740,158.96630000,-262.84626000,154.88662000
4.800000,-11.00552844,7.64862553,10.32274995,185.96630000,-319.52626000,159.29662000
4.810000,-10.01787174,7.52264130,10.31682619,180.29630000,-345.50626000,189.81662000
4.820000,-9.01179869,7.36642972,10.32980986,186.03630000,-202.58626000,218.91662000
4.830000,-7.98652527,7.18894506,10.36468422,211.58630000,-104.27626000,249.52662000
4.840000,-6.94172200,6.99937529,10.42345727,167.92630000,-76.29626000,239.52662000
4.850000,-5.87973936,6.80497494,10.50528125,135.67630000,59.61374000,195.00662000
4.860000,-4.80364412,6.61446598,10.60709342,121.16630000,108.69374000,171.53662000
4.870000,-3.71674003,6.43291819,10.72532278,50.28630000,77.41374000,120.15662000
4.880000,-2.62402557,6.26116055,10.85474682,6.61630000,124.05374000,37.48662000
4.890000,-1.52992350,6.10115757,10.98846180,-12.07370000,140.63374000,-21.94338000
4.900000,-0.43776408,5.95486849,11.11985996,-64.23370000,139.20374000,-84.72338000
4.910000,0.64819370,5.82309257,11.24285556,-111.58370000,157.45374000,-143.16338000
4.920000,1.72319309,5.70575605,11.35232259,-154.99370000,119.43374000,-168.54338000
4.930000,2.78243734,5.59966344,11.44494306,-212.69370000,49.40374000,-192.06338000
4.940000,3.81997719,5.49862798,11.51826097,-291.85370000,-19.98626000,-217.88338000
4.950000,4.82695440,5.39556818,11.57007206,-430.16370000,-94.43626000,-230.89338000
4.960000,5.78976798,5.28516104,11.59852034,-618.42370000,-89.06626000,-253.29338000
4.970000,6.69183891,5.16846905,11.60118731,-766.75370000,17.14374000,-292.22338000
4.980000,7.51984069,5.05207347,11.57486321,-814.89370000,62.60374000,-320.35338000
4.990000,8.26882784,4.93951080,11.51677804,-768.10370000,6.93374000,-335.96338000
5.000000,8.94276209,4.82705328,11.42524632,-655.07370000,-76.29626000,-344.03338000
5.010000,9.55066396,4.70633491,11.29987377,-567.10370000,-188.80626000,-328.05338000
5.020000,10.09924693,4.56766295,11.14167592,-587.53370000,-268.26626000,-311.32338000
5.030000,10.58793626,4.40497690,10.95181000,-657.63370000,-239.25626000,-314.47338000
5.040000,11.01224669,4.22084000,10.73108102,-676.41370000,-115.28626000,-292.70338000
5.050000,11.37033249,4.02682376,10.48207422,-642.58370000,70.62374000,-229.68338000
5.060000,11.66510314,3.83911118,10.21051336,-575.08370000,222.15374000,-148.54338000
5.070000,11.90375040,3.66976225,9.92469518,-456.24370000,215.58374000,-41.97338000
5.080000,12.09707802,3.51981922,9.63439969,-329.27370000,118.88374000,54.94662000
5.090000,12.25568250,3.38411035,9.34762364,-278.19370000,111.98374000,74.40662000
5.100000,12.38432083,3.26164064,9.06707977,-317.04370000,182.68374000,47.07662000
5.110000,12.48079453,3.15685108,8.79168559,-378.36370000,225.82374000,38.97662000
5.120000,12.54115883,3.07309193,8.52108734,-374.66370000,202.85374000,68.35662000
5.130000,12.56579149,3.00841869,8.25805603,-305.63370000,127.87374000,128.53662000
5.140000,12.55882626,2.95727035,8.00708916,-282.04370000,78.36374000,158.69662000
5.150000,12.52154938,2.91462367,7.77045997,-346.80370000,51.43374000,129.12662000
5.160000,12.45024112,2.87618214,7.54699472,-389.66370000,-17.05626000,111.15662000
5.170000,12.34200746,2.83455177,7.33541715,-354.94370000,-148.90626000,125.61662000
5.180000,12.19826966,2.77832980,7.13599877,-324.67370000,-272.82626000,125.52662000
5.190000,12.02060897,2.69983999,6.94915383,-356.68370000,-200.18626000,127.81662000
5.200000,11.80662464,2.60490659,6.77573082,-418.96370000,11.42374000,157.26662000
5.210000,11.55225916,2.50915234,6.61777875,-424.69370000,140.47374000,178.03662000
5.220000,11.25780405,2.42650849,6.47738011,-339.29370000,228.01374000,190.34662000
5.230000,10.92945729,2.36660131,6.35629091,-256.44370000,308.93374000,215.19662000
5.240000,10.57358264,2.33405227,6.25622665,-252.99370000,244.41374000,221.80662000
5.250000,10.19155010,2.32286265,6.17779657,-287.94370000,52.58374000,208.10662000
5.260000,9.78119141,2.31972918,6.12070968,-308.22370000,-31.36626000,217.25662000
5.270000,9.34002883,2.31786486,6.08573747,-331.82370000,56.88374000,243.51662000
5.280000,8.86560837,2.32234796,6.07420720,-362.50370000,167.46374000,234.93662000
5.290000,8.35641776,2.34299870,6.08561287,-338.03370000,250.86374000,205.59662000
5.300000,7.81471551,2.38731936,6.11845172,-265.95370000,273.57374000,212.74662000
5.310000,7.24590811,2.45658267,6.17263975,-218.32370000,195.66374000,224.42662000
5.320000,6.65460808,2.54453763,6.24854048,-201.16370000,78.73374000,208.45662000
5.330000,6.04324815,2.64150600,6.34557014,-185.80370000,3.37374000,205.36662000
5.340000,5.41361108,2.74055078,6.46334998,-162.37370000,-6.45626000,212.36662000
5.350000,4.76790837,2.83911771,6.60176151,-136.13370000,-13.60626000,196.71662000
5.360000,4.10884227,2.93681655,6.75974423,-103.95370000,-5.08626000,178.59662000
5.370000,3.43965802,3.03561829,6.93635513,-64.74370000,63.86374000,192.76662000
5.380000,2.76373539,3.14033644,7.13245622,-40.15370000,109.98374000,217.02662000
5.390000,2.08373211,3.25499524,7.34973000,-22.23370000,109.76374000,221.63662000
5.400000,1.40185894,3.37971221,7.58922471,5.76630000,68.78374000,230.08662000
5.410000,0.72036438,3.50883707,7.85173836,21.78630000,-75.04626000,240.49662000
5.420000,0.04049992,3.63001784,8.13771144,11.80630000,-240.48626000,228.84662000
5.430000,-0.63840292,3.73093977,8.44699846,-10.99370000,-258.36626000,235.91662000
5.440000,-1.31828291,3.80971036,8.78102867,-32.96370000,-132.86626000,290.59662000
5.450000,-2.00140929,3.87595660,9.14381806,-56.99370000,19.09374000,334.80662000
5.460000,-2.69006531,3.94327499,9.53898663,-78.29370000,133.53374000,336.50662000
5.470000,-3.38576823,4.02137654,9.96758015,-72.35370000,141.13374000,330.72662000
5.480000,-4.08819728,4.11029750,10.42872685,-50.10370000,12.94374000,305.71662000
5.490000,-4.79605123,4.19981136,10.91985298,-48.49370000,-147.33626000,258.56662000
5.500000,-5.50959032,4.27620388,11.43775880,-84.37370000,-247.15626000,249.88662000
5.510000,-6.23195605,4.33112406,11.98163306,-139.88370000,-221.27626000,281.94662000
5.520000,-6.96768892,4.36580939,12.55396975,-174.60370000,-123.71626000,326.26662000
5.530000,-7.72001668,4.38631587,13.15823213,-178.76370000,-102.47626000,344.09662000
5.540000,-8.48934984,4.39573927,13.79511944,-152.14370000,-118.68626000,292.08662000
5.550000,-9.27370414,4.39441806,14.46063995,-121.85370000,-93.96626000,218.60662000
5.560000,-10.07139383,4.38604577,15.14898663,-141.62370000,20.54374000,185.29662000
5.570000,-10.88333966,4.38126113,15.85681425,-169.20370000,192.35374000,191.58662000
5.580000,-11.71047938,4.39174189,16.58316081,-131.78370000,201.33374000,173.83662000
5.590000,-12.54987150,4.41715681,17.32522306,-61.38370000,-1.68626000,90.91662000
5.600000,-13.39665576,4.44223764,18.07672099,-45.19370000,-215.35626000,23.30662000
5.610000,-14.24956640,4.44932062,18.83187261,-97.34370000,-291.54626000,10.16662000
5.620000,-15.11199270,4.42943001,19.58810966,-144.80370000,-284.52626000,1.32662000
5.630000,-15.98738288,4.38100055,20.34459615,-135.66370000,-284.98626000,-1.29338000
5.640000,-16.87518945,4.30442925,21.10124957,-84.58370000,-275.20626000,9.48662000
5.650000,-17.77161267,4.20125486,21.85791918,-43.89370000,-232.75626000,-15.48338000
5.660000,-18.67302278,4.07649337,22.61215023,-31.16370000,-126.79626000,-74.51338000
5.670000,-19.57733753,3.94015279,23.35986621,-14.02370000,19.15374000,-94.54338000
5.680000,-20.48265842,3.80547211,24.09914388,14.90630000,150.85374000,-72.38338000
5.690000,-21.38643721,3.68674909,24.83064498,41.83630000,313.41374000,-70.20338000
5.700000,-22.28597288,3.59845797,25.55432127,67.08630000,435.56374000,-98.65338000
5.710000,-23.17889545,3.54891776,26.26767225,84.45630000,361.46374000,-143.95338000
5.720000,-24.06406841,3.53285271,26.96600991,69.92630000,176.48374000,-212.42338000
5.730000,-24.94274276,3.53638106,27.64313526,31.57630000,65.27374000,-278.14338000
5.740000,-25.81731250,3.54824707,28.29362629,27.04630000,22.44374000,-295.11338000
5.750000,-26.68808189,3.56222273,28.91542151,62.28630000,-29.80626000,-277.91338000
5.760000,-27.55272342,3.57386805,29.50866342,89.43630000,-60.07626000,-289.64338000
5.770000,-28.40853909,3.57970852,30.07167751,107.81630000,-86.26626000,-350.36338000
5.780000,-29.25368065,3.57637265,30.59923979,117.83630000,-138.47626000,-426.15338000
5.790000,-30.08700110,3.56252594,31.08422125,125.29630000,-61.24626000,-499.01338000
5.800000,-30.90622844,3.54546413,31.51994940,191.23630000,128.33374000,-544.40338000
5.810000,-31.70549118,3.53924598,31.90302049,286.75630000,234.29374000,-516.91338000
5.820000,-32.47759431,3.55472798,32.23526226,317.57630000,267.05374000,-453.39338000
5.830000,-33.21893433,3.59447764,32.52141272,304.55630000,198.27374000,-418.40338000
5.840000,-33.92947474,3.65150721,32.76518061,301.23630000,23.56374000,-403.55338000
5.850000,-34.60929954,3.71345018,32.96783219,317.53630000,-52.89626000,-417.59338000
5.860000,-35.25632349,3.77272331,33.12807546,371.66630000,-28.59626000,-456.04338000
5.870000,-35.86536433,3.82951559,33.24333966,454.39630000,6.82374000,-467.93338000
5.880000,-36.42902806,3.88762728,33.31216530,530.56630000,63.69374000,-464.08338000
5.890000,-36.94046168,3.95004287,33.33496512,569.61630000,33.91374000,-443.38338000
5.900000,-37.39660069,4.01371262,33.31452263,537.92630000,-85.38626000,-377.29338000
5.910000,-37.79928710,4.07176003,33.25621458,488.57630000,-92.06626000,-315.10338000
5.920000,-38.15023589,4.12361634,33.16515546,550.36630000,17.84374000,-300.99338000
5.930000,-38.44469508,4.17497355,33.04365128,666.21630000,32.38374000,-299.16338000
5.940000,-38.67588316,4.22677593,32.89309628,643.98630000,-68.83626000,-261.16338000
5.950000,-38.84502688,4.27227271,32.71707922,523.52630000,-150.96626000,-195.44338000
5.960000,-38.95986025,4.30407589,32.52122559,477.31630000,-181.00626000,-139.86338000
5.970000,-39.02433050,4.32079173,32.31098366,532.30630000,-94.54626000,-98.81338000
5.980000,-39.03456315,4.33114873,32.09059290,623.51630000,111.71374000,-66.91338000
5.990000,-38.98394894,4.35080938,31.86339659,650.47630000,239.23374000,-38.03338000
6.000000,-38.87086787,4.39051844,31.63285321,570.14630000,207.72374000,10.64662000
6.010000,-38.70097895,4.44941440,31.40345651,477.48630000,108.76374000,64.15662000
6.020000,-38.48169816,4.52058002,31.17973275,446.49630000,61.50374000,89.50662000
6.030000,-38.21629527,4.60167829,30.96476193,470.34630000,161.50374000,108.49662000
6.040000,-37.90371402,4.69990373,30.76097154,495.88630000,296.54374000,142.26662000
6.050000,-37.54361116,4.82355381,30.57119109,434.68630000,258.36374000,168.91662000
6.060000,-37.14191069,4.96866030,30.39781758,294.58630000,40.95374000,177.72662000
6.070000,-36.71007412,5.11724270,30.24165925,177.52630000,-205.26626000,165.78662000
6.080000,-36.25864244,5.24865001,30.10166260,130.10630000,-321.45626000,138.71662000
6.090000,-35.79281164,5.35177872,29.97618915,134.16630000,-286.99626000,139.25662000
6.100000,-35.31340849,5.42625708,29.86539963,140.39630000,-254.59626000,171.67662000
6.110000,-34.82069799,5.47394135,29.77121929,113.27630000,-279.60626000,183.30662000
6.120000,-34.31675037,5.49409053,29.69435539,78.47630000,-291.62626000,155.91662000
6.130000,-33.80444190,5.48597836,29.63282943,60.14630000,-271.62626000,119.92662000
6.140000,-33.28565856,5.45197310,29.58387415,56.16630000,-204.87626000,108.60662000
6.150000,-32.76065112,5.39986250,29.54623206,72.42630000,-46.86626000,116.93662000
6.160000,-32.22785332,5.34380430,29.52034991,106.53630000,136.67374000,129.46662000
6.170000,-31.68519892,5.29683100,29.50717344,104.70630000,132.88374000,133.90662000
6.180000,-31.13354440,5.25923686,29.50622440,39.99630000,-31.30626000,93.36662000
6.190000,-30.57692203,5.22099788,29.51396481,9.95630000,-100.09626000,28.48662000
6.200000,-30.01737130,5.17585480,29.52517539,53.16630000,-48.69626000,-9.98338000
6.210000,-29.45274521,5.12711363,29.53565217,82.66630000,49.53374000,-36.32338000
6.220000,-28.88020801,5.08237987,29.54253988,93.88630000,105.89374000,-59.38338000
6.230000,-28.29808571,5.04292451,29.54369603,108.90630000,-54.21626000,-72.62338000
6.240000,-27.70607754,4.99583130,29.53749636,79.67630000,-307.00626000,-88.05338000
6.250000,-27.10602302,4.92396076,29.52207813,49.53630000,-326.89626000,-118.46338000
6.260000,-26.49893589,4.82436761,29.49380608,98.49630000,-152.13626000,-187.62338000
6.270000,-25.88147390,4.70856363,29.44637497,164.40630000,-21.29626000,-271.10338000
6.280000,-25.24874031,4.58867705,29.37357855,179.49630000,27.39374000,-283.23338000
6.290000,-24.59847235,4.46962812,29.27449781,173.91630000,-4.01626000,-212.25338000
6.300000,-23.93110954,4.34735960,29.15464651,152.40630000,-152.17626000,-121.53338000
6.310000,-23.24925037,4.21101424,29.02138489,97.06630000,-258.73626000,-79.54338000
6.320000,-22.55679884,4.05441853,28.87777596,73.09630000,-144.39626000,-131.72338000
6.330000,-21.85521470,3.88558373,28.72071572,117.98630000,53.93374000,-193.51338000
6.340000,-21.14186821,3.71980484,28.54641266,157.36630000,154.73374000,-169.41338000
6.350000,-20.41398836,3.56620360,28.35622054,144.55630000,119.67374000,-101.67338000
6.360000,-19.67281539,3.42273351,28.15572635,81.18630000,7.13374000,-37.77338000
6.370000,-18.92286308,3.28259383,27.95027710,40.18630000,-4.75626000,-19.43338000
6.380000,-18.16680715,3.14240131,27.74175529,78.52630000,-3.76626000,-44.71338000
6.390000,-17.40378286,2.99870194,27.52971591,77.43630000,-132.01626000,-30.29338000
6.400000,-16.63385022,2.84527173,27.31529797,38.87630000,-125.46626000,11.70662000
6.410000,-15.85785172,2.68426893,27.10138946,83.38630000,76.01374000,28.80662000
6.420000,-15.07360986,2.53038453,26.89008839,120.02630000,254.14374000,36.52662000
6.430000,-14.27876914,2.40011003,26.68262476,96.45630000,356.06374000,53.18662000
6.440000,-13.47399031,2.29899919,26.48123606,80.52630000,196.24374000,101.64662000
6.450000,-12.66199163,2.21146176,26.28979080,27.22630000,-209.64626000,142.80662000
6.460000,-11.84728008,2.11051899,26.11055222,-30.52370000,-317.19626000,102.55662000
6.470000,-11.03355168,1.98835387,25.94148558,-9.56370000,-8.88626000,60.50662000
6.480000,-10.22075892,1.86607715,25.78066138,8.16630000,326.47374000,107.67662000
6.490000,-9.40808006,1.77239434,25.63110311,-15.38370000,495.66374000,176.32662000
6.500000,-8.59719308,1.72195519,25.49809178,-53.13370000,407.91374000,203.09662000
6.510000,-7.79163575,1.70822294,25.38380963,-95.59370000,152.75374000,168.19662000
6.520000,-6.99455656,1.71363560,25.28524217,-98.86370000,48.34374000,90.64662000
6.530000,-6.20798326,1.72981666,25.19735640,-130.97370000,177.26374000,79.32662000
6.540000,-5.43669735,1.76405588,25.11981931,-254.74370000,315.42374000,166.19662000
6.550000,-4.69095733,1.82622351,25.05888491,-385.43370000,304.99374000,253.93662000
6.560000,-3.98285921,1.91728529,25.02157069,-484.12370000,226.32374000,272.28662000
6.570000,-3.32225073,2.03010348,25.00966191,-549.96370000,108.58374000,219.25662000
6.580000,-2.71590089,2.15215532,25.01886056,-590.35370000,-78.17626000,135.04662000
6.590000,-2.16900444,2.26839782,25.04195291,-651.52370000,-188.63626000,67.94662000
6.600000,-1.68762288,2.36927772,25.07275143,-731.25370000,-163.08626000,38.85662000
6.610000,-1.27913197,2.45508078,25.10843440,-805.65370000,-92.29626000,51.26662000
6.620000,-0.95031569,2.53181925,25.14964605,-848.48370000,-18.93626000,81.30662000
6.630000,-0.70425081,2.60568362,25.19829663,-811.49370000,11.17374000,85.22662000
6.640000,-0.53740882,2.68037890,25.25445415,-701.50370000,25.79374000,50.06662000
6.650000,-0.44076673,2.75812258,25.31554711,-597.55370000,55.14374000,13.60662000
6.660000,-0.40516177,2.83866767,25.37877800,-548.93370000,-28.05626000,9.78662000
6.670000,-0.42446046,2.91607666,25.44271683,-504.78370000,-128.50626000,-3.31338000
6.680000,-0.49362103,2.98526831,25.50587685,-440.03370000,-47.65626000,-32.76338000
6.690000,-0.60759175,3.04899737,25.56675305,-411.61370000,1.28374000,-20.96338000
6.700000,-0.76205162,3.10900683,25.62530293,-360.36370000,-107.72626000,-16.81338000
6.710000,-0.95051512,3.15967245,25.68105126,-231.86370000,-163.61626000,-55.92338000
6.720000,-1.16380852,3.19729072,25.73178077,-173.16370000,-90.96626000,-70.54338000
6.730000,-1.39721905,3.22877740,25.77571796,-230.55370000,96.25374000,-73.13338000
6.740000,-1.65325748,3.26952174,25.81216334,-274.90370000,264.73374000,-81.31338000
6.750000,-1.93463305,3.32897798,25.84133866,-237.18370000,118.72374000,-53.49338000
6.760000,-2.23764652,3.39644888,25.86478016,-120.30370000,-185.62626000,-39.50338000
6.770000,-2.55311862,3.45232993,25.88305060,-24.61370000,-215.09626000,-72.79338000
6.780000,-2.87462087,3.49138839,25.89450498,-75.73370000,-61.11626000,-86.00338000
6.790000,-3.20545426,3.52397950,25.89791104,-201.22370000,74.60374000,-75.58338000
6.800000,-3.55415579,3.56425852,25.89412353,-240.60370000,215.39374000,-49.02338000
6.810000,-3.92404896,3.62206120,25.88631547,-169.29370000,191.52374000,14.35662000
6.820000,-4.30977477,3.69414053,25.87862558,-58.17370000,-31.40626000,26.58662000
6.830000,-4.70281223,3.76620027,25.87134589,-10.88370000,-133.52626000,-49.57338000
6.840000,-5.09941333,3.83113866,25.86011488,-66.66370000,9.57374000,-83.94338000
6.850000,-5.50254732,3.89731871,25.84259081,-121.16370000,160.01374000,-32.71338000
6.860000,-5.91591470,3.97522891,25.82154867,-104.40370000,135.57374000,10.19662000
6.870000,-6.33855922,4.06389452,25.80085622,-45.17370000,-4.97626000,27.85662000
6.880000,-6.76546564,4.15245854,25.78295995,20.21630000,-133.71626000,47.48662000
6.890000,-7.19137995,4.23079121,25.76910412,40.36630000,-140.87626000,40.33662000
6.900000,-7.61473464,4.29688479,25.75889073,-2.62370000,-78.12626000,19.08662000
6.910000,-8.03850849,4.35631477,25.75091452,-55.94370000,26.55374000,12.52662000
6.920000,-8.46652647,4.42186791,25.74452825,-59.31370000,265.91374000,21.00662000
6.930000,-8.89922209,4.51166246,25.74062016,-16.59370000,407.24374000,46.13662000
6.940000,-9.33378611,4.63472641,25.74052126,13.70630000,246.34374000,40.63662000
6.950000,-9.76784002,4.78141752,25.74378780,5.52630000,41.12374000,8.75662000
6.960000,-10.20157957,4.93723428,25.74927002,-16.24370000,32.40374000,32.02662000
6.970000,-10.63663976,5.09859370,25.75869668,-29.92370000,111.74374000,86.51662000
6.980000,-11.07480909,5.26924952,25.77562377,-52.33370000,111.93374000,96.50662000
6.990000,-11.51805732,5.45196650,25.80184630,-72.62370000,142.80374000,93.83662000
7.000000,-11.96733819,5.65038989,25.83830602,-47.78370000,226.68374000,126.85662000
7.010000,-12.42097845,5.86734793,25.88682692,-10.24370000,141.18374000,136.44662000
7.020000,-12.87637735,6.09476212,25.94750851,-6.13370000,-94.83626000,88.22662000
7.030000,-13.33256839,6.31398398,26.01746928,-13.23370000,-283.23626000,59.81662000
7.040000,-13.78972158,6.50733499,26.09453774,-9.94370000,-377.55626000,77.99662000
7.050000,-14.24792065,6.66501390,26.17912739,-12.77370000,-392.56626000,86.58662000
7.060000,-14.70738587,6.78735797,26.27248297,-19.21370000,-254.73626000,101.01662000
7.070000,-15.16782598,6.88688120,26.37758399,8.14630000,-14.82626000,182.74662000
7.080000,-15.62721499,6.98250408,26.50082669,40.90630000,124.34374000,260.70662000
7.090000,-16.08327563,7.08811537,26.64764908,39.11630000,161.64374000,240.57662000
7.100000,-16.53504067,7.20827131,26.81781491,48.62630000,130.12374000,193.42662000
7.110000,-16.98150134,7.33960791,27.00796167,71.74630000,21.30374000,173.35662000
7.120000,-17.42097441,7.47496591,27.21572912,83.32630000,-15.90626000,166.23662000
7.130000,-17.85184163,7.61152307,27.44124650,101.77630000,54.44374000,205.71662000
7.140000,-18.27228298,7.75514839,27.68770382,126.09630000,185.71374000,261.47662000
7.150000,-18.67986498,7.91661436,27.95879483,156.34630000,283.72374000,258.22662000
7.160000,-19.07222311,8.10130924,28.25363802,166.10630000,171.96374000,173.70662000
7.170000,-19.44886289,8.30140577,28.56495364,136.11630000,-15.61626000,54.80662000
7.180000,-19.81145331,8.50308246,28.88340446,119.57630000,-81.55626000,3.63662000
7.190000,-20.16154213,8.69798281,29.20359921,120.73630000,-96.35626000,9.22662000
7.200000,-20.50008833,8.88536581,29.52403589,96.59630000,-30.45626000,-10.86338000
7.210000,-20.82855568,9.07377572,29.84352876,85.16630000,194.31374000,-23.70338000
7.220000,-21.14711917,9.27917403,30.16090707,125.16630000,317.33374000,-24.76338000
7.230000,-21.45408280,9.50839200,30.47410207,124.43630000,119.77374000,-92.55338000
7.240000,-21.75069707,9.74879962,30.77756949,35.87630000,-113.32626000,-177.68338000
7.250000,-22.04272798,9.98232190,31.06479336,-16.91370000,-172.56626000,-200.27338000
7.260000,-22.33447979,10.19887509,31.33129466,5.05630000,-224.33626000,-249.12338000
7.270000,-22.62544149,10.39367318,31.57068040,34.34630000,-252.99626000,-384.55338000
7.280000,-22.91183058,10.56491343,31.77178607,105.09630000,-216.01626000,-511.42338000
7.290000,-23.18665781,10.71204233,31.92340518,213.87630000,-283.45626000,-570.51338000
7.300000,-23.44092593,10.83069114,32.01866598,285.45630000,-360.30626000,-600.33338000
7.310000,-23.66627420,10.91692560,32.05321621,367.94630000,-296.53626000,-655.69338000
7.320000,-23.85380285,10.97342572,32.02145012,487.37630000,-240.02626000,-739.38338000
7.330000,-23.99337115,11.00610675,31.91621948,571.65630000,-180.20626000,-802.57338000
7.340000,-24.07616534,11.02303493,31.73164277,636.21630000,-33.70626000,-827.76338000
7.350000,-24.09563043,11.03464602,31.46565324,685.01630000,30.90374000,-796.86338000
7.360000,-24.04827465,11.04655076,31.12156340,662.52630000,-20.38626000,-700.97338000
7.370000,-23.93551927,11.05667591,30.70719000,601.85630000,-65.34626000,-610.98338000
7.380000,-23.76223528,11.06118722,30.23023628,550.84630000,-77.50626000,-578.72338000
7.390000,-23.53296668,11.05922193,29.69450825,531.77630000,-42.73626000,-580.99338000
7.400000,-23.24971122,11.05427155,29.10132765,541.01630000,39.54374000,-555.84338000
7.410000,-22.91284065,11.05430757,28.45378574,526.73630000,159.07374000,-480.22338000
7.420000,-22.52362298,11.06999525,27.75811202,495.33630000,264.34374000,-407.43338000
7.430000,-22.08463370,11.11075908,27.02128423,469.39630000,311.25374000,-349.52338000
7.440000,-21.59875281,11.18230757,26.24968138,437.47630000,340.50374000,-282.97338000
7.450000,-21.06906606,11.28546122,25.44956222,403.82630000,267.91374000,-223.63338000
7.460000,-20.49931195,11.41108402,24.62679249,353.50630000,18.40374000,-174.23338000
7.470000,-19.89467674,11.53832322,23.78635119,280.34630000,-244.09626000,-133.21338000
7.480000,-19.26111216,11.64554409,22.93187259,238.91630000,-334.97626000,-119.28338000
7.490000,-18.60155548,11.72404386,22.06529616,277.44630000,-238.82626000,-110.58338000
7.500000,-17.91349094,11.78018028,21.18846443,342.44630000,-85.93626000,-68.21338000
7.510000,-17.19269104,11.82666111,20.30497638,343.01630000,20.44374000,-17.69338000
7.520000,-16.43927829,11.87345885,19.41915202,271.97630000,53.69374000,11.69662000
7.530000,-15.65857992,11.92417674,18.53425834,200.39630000,24.94374000,33.07662000
7.540000,-14.85590095,11.97732179,17.65215035,202.39630000,-10.52626000,35.12662000
7.550000,-14.03217837,12.02820324,16.77315829,232.49630000,-98.46626000,22.85662000
7.560000,-13.18673818,12.06913435,15.89675467,197.25630000,-194.58626000,24.24662000
7.570000,-12.32094789,12.09702786,15.02239699,182.93630000,-37.89626000,12.03662000
7.580000,-11.43458823,12.12331903,14.14914449,255.58630000,202.25374000,-2.56338000
7.590000,-10.52492197,12.16141136,13.27688918,234.09630000,101.40374000,34.52662000
7.600000,-9.59454685,12.20526584,12.40799780,100.51630000,-178.60626000,69.61662000
7.610000,-8.65175962,12.23318348,11.54444211,57.29630000,-385.69626000,41.21662000
7.620000,-7.70170328,12.22439602,10.68438036,71.59630000,-522.23626000,-10.74338000
7.630000,-6.74442059,12.16996472,9.82347304,84.50630000,-399.61626000,-52.00338000
7.640000,-5.77638829,12.08139333,8.95814116,185.31630000,-48.16626000,-60.68338000
7.650000,-4.79002962,11.98440809,8.08833046,273.85630000,155.36374000,-4.23338000
7.660000,-3.78023086,11.89692501,7.21864970,200.51630000,113.49374000,75.89662000
7.670000,-2.75197573,11.81799808,6.35518813,59.30630000,-44.13626000,102.75662000
7.680000,-1.71574724,11.73308606,5.50086449,-4.25370000,-268.65626000,85.65662000
7.690000,-0.67841840,11.62232744,4.65485079,-10.84370000,-456.44626000,59.87662000
7.700000,0.35832280,11.47023373,3.81468277,-1.62370000,-475.88626000,29.96662000
7.710000,1.39611686,11.27289368,2.97837594,52.14630000,-405.66626000,36.18662000
7.720000,2.43911178,11.03542378,2.14652730,101.30630000,-322.00626000,77.53662000
7.730000,3.49122681,10.76711204,1.32199359,105.98630000,-188.02626000,102.88662000
7.740000,4.55359544,10.48019270,0.50746357,92.80630000,-50.27626000,118.38662000
7.750000,5.62507244,10.18889802,-0.29540352,68.67630000,109.53374000,128.40662000
7.760000,6.70405204,9.90866900,-1.08538842,65.88630000,269.80374000,141.63662000
7.770000,7.78956675,9.65183438,-1.86076339,56.89630000,282.60374000,174.26662000
7.780000,8.87989282,9.41972441,-2.61923991,8.71630000,149.94374000,187.31662000
7.790000,9.97132799,9.20095935,-3.35971251,-34.02370000,-52.72626000,172.80662000
7.800000,11.05951552,8.97985220,-4.08299291,-74.63370000,-142.20626000,156.30662000
7.810000,12.14102442,8.74981271,-4.79003463,-87.91370000,-24.18626000,165.67662000
7.820000,13.21430742,8.51642911,-5.47945842,-82.63370000,52.78374000,218.60662000
7.830000,14.27803452,8.28724818,-6.14731427,-133.11370000,82.69374000,261.37662000
7.840000,15.32882774,8.06971415,-6.78960418,-172.55370000,243.67374000,282.82662000
7.850000,16.36392356,7.87736528,-7.40324541,-153.73370000,433.33374000,320.46662000
7.860000,17.38366900,7.72548256,-7.98529420,-138.05370000,504.27374000,341.48662000
7.870000,18.38940004,7.61838100,-8.53452705,-134.79370000,345.33374000,310.74662000
7.880000,19.38183294,7.54217309,-9.05377522,-128.34370000,36.77374000,237.95662000
7.890000,20.36151044,7.47349909,-9.54842145,-122.79370000,-121.55626000,198.96662000
7.900000,21.32802556,7.39793800,-10.02044075,-156.62370000,-73.17626000,270.73662000
7.910000,22.27729328,7.31574056,-10.46417061,-257.91370000,-1.57626000,392.68662000
7.920000,23.20026536,7.23259403,-10.86949554,-383.43370000,34.33374000,481.63662000
7.930000,24.08591305,7.15415115,-11.22726603,-472.25370000,117.02374000,547.76662000
7.940000,24.92618385,7.08705318,-11.53090908,-491.19370000,181.38374000,589.47662000
7.950000,25.71879350,7.03635636,-11.77742045,-455.86370000,172.22374000,560.09662000
7.960000,26.46626527,7.00555470,-11.96859813,-406.65370000,265.94374000,505.22662000
7.970000,27.17284864,7.00194170,-12.10719112,-370.42370000,379.40374000,534.38662000
7.980000,27.84246112,7.02990910,-12.19211543,-335.39370000,234.43374000,574.29662000
7.990000,28.47974721,7.07742191,-12.22276280,-255.90370000,-70.48626000,489.64662000
8.000000,29.09145015,7.11994087,-12.20451024,-180.18370000,-297.24626000,403.95662000
8.010000,29.68271021,7.13508899,-12.14253974,-205.50370000,-433.88626000,452.70662000
8.020000,30.25221762,7.10899102,-12.03541181,-282.97370000,-488.85626000,498.47662000
8.030000,30.79454889,7.03814345,-11.87968894,-319.65370000,-382.41626000,495.68662000
8.040000,31.30607027,6.93050928,-11.67282038,-314.17370000,-221.80626000,557.52662000
8.050000,31.78728276,6.79971853,-11.41160664,-268.41370000,-104.26626000,564.61662000
8.060000,32.24230060,6.66025017,-11.09653846,-200.84370000,79.20374000,468.96662000
8.070000,32.67622456,6.52851198,-10.73266835,-177.71370000,251.03374000,451.07662000
8.080000,33.09157362,6.41953944,-10.32302279,-190.78370000,325.32374000,461.44662000
8.090000,33.48816529,6.34234655,-9.86864106,-195.07370000,365.47374000,417.02662000
8.100000,33.86513757,6.29894682,-9.37240189,-207.90370000,291.42374000,380.34662000
8.110000,34.22108945,6.28263925,-8.83875428,-233.99370000,131.33374000,320.16662000
8.120000,34.55360145,6.28190008,-8.27317248,-265.76370000,64.61374000,258.23662000
8.130000,34.85927005,6.28811957,-7.67994600,-312.27370000,13.75374000,270.69662000
8.140000,35.13453101,6.29249547,-7.05996034,-330.05370000,-169.89626000,272.28662000
8.150000,35.37809983,6.28149502,-6.41499098,-299.36370000,-293.04626000,185.62662000
8.160000,35.59056000,6.24641697,-5.75077020,-319.62370000,-211.14626000,128.06662000
8.170000,35.76919204,6.18997383,-5.07132197,-418.57370000,-143.29626000,168.88662000
8.180000,35.90733093,6.11749885,-4.37557906,-467.01370000,-147.56626000,187.49662000
8.190000,36.00097568,6.03121652,-3.66281397,-431.22370000,-117.89626000,138.55662000
8.200000,36.05123904,5.93338260,-2.93605743,-409.85370000,-82.73626000,96.59662000
8.210000,36.05921751,5.82785884,-2.19841247,-444.52370000,-28.25626000,105.33662000
8.220000,36.02229033,5.71975123,-1.44908331,-501.38370000,31.86374000,161.64662000
8.230000,35.93648127,5.61367828,-0.68378997,-512.04370000,41.88374000,211.48662000
8.240000,35.80149031,5.50954598,0.10156280,-445.86370000,-42.03626000,219.30662000
8.250000,35.62248346,5.39824734,0.90756327,-360.92370000,-248.49626000,177.35662000
8.260000,35.40637922,5.26532860,1.73022016,-320.24370000,-329.80626000,93.78662000
8.270000,35.15621458,5.10815377,2.56380800,-365.06370000,-66.16626000,73.85662000
8.280000,34.86823981,4.94774509,3.40769452,-466.09370000,328.75374000,171.99662000
8.290000,34.53603189,4.81616732,4.26845322,-476.13370000,557.86374000,258.58662000
8.300000,34.16052258,4.73230221,5.15130587,-317.75370000,459.99374000,196.13662000
8.310000,33.75465263,4.68716475,6.05024969,-106.84370000,67.22374000,-5.66338000
8.320000,33.33526054,4.64985545,6.94962896,-13.50370000,-285.34626000,-165.84338000
8.330000,32.91022880,4.58960431,7.83761141,-95.79370000,-418.23626000,-116.97338000
8.340000,32.47429093,4.48989207,8.71615179,-235.21370000,-460.65626000,23.65662000
8.350000,32.01763866,4.34663198,9.59480961,-266.41370000,-406.39626000,75.90662000
8.360000,31.53706900,4.16568255,10.47909662,-192.71370000,-238.15626000,51.24662000
8.370000,31.03691269,3.96230103,11.36738532,-135.68370000,-18.60626000,-16.78338000
8.380000,30.52187300,3.75777041,12.25483070,-135.31370000,225.37374000,-49.86338000
8.390000,29.99349041,3.57255745,13.13934751,-131.46370000,336.53374000,0.91662000
8.400000,29.45317919,3.41673640,14.02238701,-82.96370000,273.20374000,-9.51338000
8.410000,28.90462532,3.28804800,14.90242570,-36.37370000,198.33374000,-100.37338000
8.420000,28.35136255,3.17890225,15.77379507,-36.70370000,107.80374000,-134.96338000
8.430000,27.79413015,3.07902467,16.63278288,-53.06370000,-47.24626000,-123.41338000
8.440000,27.23202460,2.97534373,17.47935388,-56.15370000,-169.47626000,-113.33338000
8.450000,26.66455242,2.85770196,18.31478056,-53.35370000,-176.26626000,-94.14338000
8.460000,26.09191459,2.72516809,19.14032793,-47.82370000,-77.70626000,-92.00338000
8.470000,25.51473837,2.58538362,19.95625973,-36.59370000,37.62374000,-104.92338000
8.480000,24.93427525,2.44803006,20.76219672,-14.52370000,95.66374000,-96.39338000
8.490000,24.35287275,2.31814666,21.55852164,24.00630000,65.82374000,-85.22338000
8.500000,23.77392485,2.19207616,22.34585351,60.63630000,-78.82626000,-91.33338000
8.510000,23.20048831,2.05783382,23.12375480,71.11630000,-239.07626000,-107.78338000
8.520000,22.63386563,1.90300663,23.89035079,65.62630000,-270.44626000,-143.76338000
8.530000,22.07403031,1.72444935,24.64221595,65.06630000,-173.26626000,-192.37338000
8.540000,21.52104260,1.53037273,25.37503156,74.08630000,-7.82626000,-231.92338000
8.550000,20.97558974,1.33644551,26.08482760,84.09630000,190.86374000,-263.01338000
8.560000,20.43852124,1.16199370,26.76857333,89.03630000,401.08374000,-282.51338000
8.570000,19.91050635,1.02527779,27.42485274,95.91630000,512.37374000,-269.06338000
8.580000,19.39158407,0.93405779,28.05499284,78.77630000,389.97374000,-223.38338000
8.590000,18.87975940,0.87884944,28.66265137,26.37630000,144.11374000,-181.88338000
8.600000,18.37128433,0.83870975,29.25158384,-1.60370000,-79.48626000,-160.34338000
8.610000,17.86335588,0.79117197,29.82434575,-5.36370000,-285.09626000,-142.70338000
8.620000,17.35480678,0.71770284,30.38247384,-16.55370000,-391.60626000,-138.05338000
8.630000,16.84541829,0.60923737,30.92611662,0.83630000,-335.57626000,-159.05338000
8.640000,16.33706641,0.47006380,31.45372134,52.28630000,-169.59626000,-183.81338000
8.650000,15.83422788,0.31530864,31.96342549,111.06630000,47.47374000,-187.79338000
8.660000,15.34237321,0.16475963,32.45512533,160.87630000,238.86374000,-159.22338000
8.670000,14.86629716,0.03566028,32.93154935,194.26630000,328.75374000,-103.24338000
8.680000,14.40928896,-0.06531866,33.39789581,209.24630000,224.41374000,-35.84338000
8.690000,13.97211861,-0.14661345,33.86038045,176.69630000,5.75374000,22.00662000
8.700000,13.55275413,-0.22214958,34.32400928,145.53630000,-9.60626000,39.14662000
8.710000,13.15050125,-0.29352405,34.79092180,212.63630000,175.89374000,32.59662000
8.720000,12.77035199,-0.35097988,35.26138875,309.27630000,210.53374000,39.38662000
8.730000,12.41889558,-0.39347754,35.73545939,312.46630000,-2.66626000,34.32662000
8.740000,12.09663228,-0.43765155,36.21289771,229.45630000,-276.28626000,28.21662000
8.750000,11.79761133,-0.50578640,36.69438397,154.25630000,-407.22626000,72.70662000
8.760000,11.51676125,-0.60811760,37.18343392,184.80630000,-281.14626000,130.46662000
8.770000,11.25678502,-0.73329689,37.68415605,307.02630000,51.56374000,134.79662000
8.780000,11.02688540,-0.85250303,38.19682712,400.14630000,412.91374000,79.44662000
8.790000,10.83420864,-0.93532076,38.71670212,377.53630000,574.11374000,-3.98338000
8.800000,10.67624824,-0.96927933,39.23636606,229.37630000,389.19374000,-78.37338000
8.810000,10.53985895,-0.96810325,39.74896544,22.49630000,48.85374000,-120.30338000
8.820000,10.40822451,-0.95628451,40.25058675,-88.23370000,-65.22626000,-118.59338000
8.830000,10.27218493,-0.94545437,40.74065875,-26.29370000,38.02374000,-102.93338000
8.840000,10.13422246,-0.93187032,41.21951643,59.84630000,95.30374000,-122.56338000
8.850000,10.00019885,-0.90983612,41.68586180,60.09630000,105.34374000,-150.88338000
8.860000,9.87101485,-0.87777876,42.13775011,9.48630000,90.90374000,-152.40338000
8.870000,9.74143145,-0.83728674,42.57433235,-99.10370000,46.20374000,-155.00338000
8.880000,9.60182066,-0.78903157,42.99515903,-216.43370000,123.18374000,-166.26338000
8.890000,9.44235524,-0.72578024,43.39924389,-266.27370000,303.24374000,-180.59338000
8.900000,9.25693091,-0.63382326,43.78532769,-293.43370000,414.52374000,-191.04338000
8.910000,9.04229145,-0.50280637,44.15328893,-319.52370000,426.07374000,-160.67338000
8.920000,8.79692485,-0.33256357,44.50594785,-300.66370000,298.33374000,-98.15338000
8.930000,8.52244210,-0.13717487,44.84800746,-247.85370000,-20.93626000,-65.44338000
8.940000,8.22247696,0.05647899,45.18208225,-226.98370000,-329.88626000,-88.80338000
8.950000,7.89881918,0.22224325,45.50667023,-249.94370000,-438.90626000,-134.87338000
8.960000,7.55061926,0.34616067,45.81776390,-258.87370000,-470.20626000,-179.67338000
8.970000,7.17770070,0.42444324,46.11062250,-225.11370000,-450.10626000,-233.63338000
8.980000,6.78302449,0.46335947,46.38027779,-165.26370000,-208.26626000,-279.64338000
8.990000,6.37254639,0.48522261,46.62253501,-80.49370000,180.48374000,-301.45338000
9.000000,5.95502815,0.52152715,46.83549142,40.58630000,420.92374000,-287.93338000
9.010000,5.54134977,0.59324759,47.02146202,148.85630000,390.27374000,-200.56338000
9.020000,5.14065450,0.70105620,47.18791055,176.96630000,238.02374000,-90.27338000
9.030000,4.75683558,0.83373620,47.34315377,168.20630000,124.50374000,-65.55338000
9.040000,4.39082353,0.98057737,47.48954917,194.83630000,75.38374000,-130.98338000
9.050000,4.04426808,1.13557419,47.62240626,216.32630000,46.92374000,-212.46338000
9.060000,3.71825449,1.29537792,47.73563653,190.12630000,19.01374000,-227.61338000
9.070000,3.41190275,1.45842430,47.82820674,185.83630000,40.72374000,-157.16338000
9.080000,3.12501288,1.62446108,47.90559064,212.61630000,15.12374000,-63.96338000
9.090000,2.85757811,1.78931803,47.97601348,163.07630000,-122.19626000,8.19662000
9.100000,2.60595545,1.94595363,48.04639199,89.65630000,-103.61626000,47.34662000
9.110000,2.36630990,2.09744488,48.12045795,132.63630000,119.62374000,46.15662000
9.120000,2.14075996,2.25987129,48.19867684,204.83630000,297.74374000,28.00662000
9.130000,1.93384538,2.44981636,48.28008442,199.04630000,381.60374000,26.92662000
9.140000,1.74663140,2.67481808,48.36496618,181.03630000,337.28374000,58.65662000
9.150000,1.57790204,2.92832196,48.45595013,174.20630000,79.88374000,101.39662000
9.160000,1.42586378,3.18713524,48.55600502,134.13630000,-288.70626000,102.93662000
9.170000,1.28659513,3.41921793,48.66533759,64.24630000,-575.72626000,65.38662000
9.180000,1.15467533,3.59807878,48.78164809,27.26630000,-692.74626000,46.95662000
9.190000,1.02759065,3.70961778,48.90311229,70.56630000,-735.68626000,48.39662000
9.200000,0.90822732,3.74834269,49.02892066,136.39630000,-752.47626000,31.56662000
9.210000,0.80217010,3.71432400,49.15780623,184.82630000,-673.13626000,13.10662000
9.220000,0.71492824,3.61355997,49.28841098,242.50630000,-575.09626000,12.53662000
9.230000,0.65135174,3.45418759,49.42019942,272.71630000,-525.03626000,10.71662000
9.240000,0.61373584,3.24395887,49.55274754,246.42630000,-413.11626000,-2.03338000
9.250000,0.60080556,2.99647006,49.68454960,217.79630000,-143.16626000,-34.94338000
9.260000,0.61118738,2.73828740,49.81230834,246.40630000,267.66374000,-88.26338000
9.270000,0.64744956,2.50349915,49.93174852,320.54630000,539.58374000,-119.72338000
9.280000,0.71305635,2.31046705,50.04036764,282.22630000,319.38374000,-103.58338000
9.290000,0.80242100,2.14372411,50.13868819,61.25630000,-130.81626000,-83.50338000
9.300000,0.90074450,1.97231607,50.22734843,-50.44370000,-248.38626000,-114.27338000
9.310000,1.00017186,1.78302944,50.30281161,79.72630000,-91.58626000,-214.28338000
9.320000,1.10686083,1.58494347,50.35556147,177.39630000,75.55374000,-364.14338000
9.330000,1.22941166,1.39393715,50.37338401,195.89630000,219.63374000,-452.97338000
9.340000,1.37099360,1.22089649,50.34942850,187.99630000,199.77374000,-399.48338000
9.350000,1.52829690,1.06580798,50.28591066,52.90630000,94.87374000,-329.00338000
9.360000,1.69180155,0.92538713,50.18640827,-49.81370000,193.15374000,-380.34338000
9.370000,1.85420631,0.80844019,50.04677731,-1.33370000,453.74374000,-513.90338000
9.380000,2.01655218,0.73686940,49.85699953,46.06630000,710.37374000,-596.17338000
9.390000,2.18250316,0.73137251,49.61071320,49.34630000,764.43374000,-552.54338000
9.400000,2.35220274,0.79226979,49.31055130,1.12630000,412.49374000,-452.21338000
9.410000,2.52091419,0.89136471,48.96340708,-95.18370000,-65.54626000,-420.77338000
9.420000,2.68235449,0.99193130,48.57113480,-105.66370000,-226.56626000,-509.81338000
9.430000,2.83548215,1.07505729,48.12742546,-30.05370000,-182.97626000,-615.53338000
9.440000,2.98472592,1.13993218,47.62477580,6.35630000,-141.55626000,-615.18338000
9.450000,3.13432555,1.19363699,47.06156283,27.51630000,15.25374000,-575.08338000
9.460000,3.28720653,1.25059744,46.44013329,65.80630000,237.24374000,-561.76338000
9.470000,3.44602512,1.32810256,45.76314744,74.31630000,328.01374000,-522.09338000
9.480000,3.61185658,1.43420632,45.03477028,62.01630000,246.64374000,-448.15338000
9.490000,3.78370264,1.56088250,44.26157555,38.17630000,-2.43626000,-372.75338000
9.500000,3.95938705,1.68552708,43.45026701,11.10630000,-327.06626000,-329.34338000
9.510000,4.13672733,1.78128657,42.60418090,1.78630000,-502.86626000,-358.11338000
9.520000,4.31484246,1.83390371,41.72043748,12.25630000,-396.92626000,-459.17338000
9.530000,4.49551095,1.85257800,40.79015600,71.77630000,-65.02626000,-583.51338000
9.540000,4.68456255,1.86597796,39.80299270,175.45630000,311.97374000,-647.52338000
9.550000,4.88994701,1.90472232,38.75520583,226.56630000,450.82374000,-544.83338000
9.560000,5.11495658,1.98085583,37.65663841,152.35630000,277.91374000,-292.48338000
9.570000,5.35467225,2.08509075,36.52558892,52.90630000,113.37374000,-167.93338000
9.580000,5.60292704,2.20619658,35.36980486,79.33630000,166.14374000,-359.48338000
9.590000,5.86114543,2.34516256,34.17677025,182.90630000,264.71374000,-601.57338000
9.600000,6.13567843,2.50547220,32.93098106,203.37630000,154.14374000,-546.00338000
9.610000,6.42779003,2.67661874,31.63606532,109.42630000,-143.55626000,-269.93338000
9.620000,6.73096850,2.83609944,30.31101651,16.38630000,-337.69626000,-117.90338000
9.630000,7.03795857,2.96711580,28.96861513,6.20630000,-323.65626000,-186.81338000
9.640000,7.34679325,3.06812331,27.60635194,40.92630000,-219.37626000,-301.39338000
9.650000,7.65983504,3.14855448,26.21519994,76.16630000,-64.67626000,-364.40338000
9.660000,7.98026019,3.22340930,24.78897562,98.01630000,121.64374000,-371.14338000
9.670000,8.30980970,3.30904628,23.32764574,88.71630000,248.64374000,-295.98338000
9.680000,8.64805356,3.41611316,21.83814605,68.26630000,234.23374000,-162.13338000
9.690000,8.99354703,3.54355695,20.33187779,60.67630000,93.93374000,-48.94338000
9.700000,9.34494261,3.68073440,18.81894997,42.40630000,-36.78626000,-4.81338000
9.710000,9.70077480,3.81564375,17.30396783,27.91630000,-115.11626000,-22.05338000
9.720000,10.05987585,3.93689101,15.78647488,28.45630000,-283.49626000,-49.96338000
9.730000,10.42111600,4.02934842,14.26459661,-3.32370000,-473.51626000,-51.88338000
9.740000,10.78228551,4.07914299,12.73774529,-28.69370000,-480.01626000,-43.64338000
9.750000,11.14197788,4.08347321,11.20658989,-2.43370000,-389.05626000,-31.44338000
9.760000,11.50135586,4.05019734,9.67228569,16.92630000,-250.14626000,-17.87338000
9.770000,11.86234895,3.99472813,8.13620791,29.12630000,-2.41626000,-2.20338000
9.780000,12.22679190,3.93643582,6.60082458,58.75630000,138.02374000,51.60662000
9.790000,12.59616020,3.88608992,5.07095718,46.31630000,40.19374000,121.17662000
9.800000,12.96914961,3.83921717,3.55186347,-10.60370000,-83.51626000,138.53662000
9.810000,13.34198663,3.78704333,2.04545094,-35.26370000,-89.23626000,110.54662000
9.820000,13.71259426,3.72694640,0.55006185,-12.10370000,-58.96626000,82.85662000
9.830000,14.08214750,3.65906412,-0.93676831,13.23630000,-108.27626000,67.64662000
9.840000,14.45247559,3.58040350,-2.41643203,12.56630000,-159.64626000,70.05662000
9.850000,14.82417829,3.49001103,-3.88841656,12.55630000,-45.73626000,100.95662000
9.860000,15.19792885,3.39807072,-5.35005866,40.17630000,185.17374000,143.27662000
9.870000,15.57555302,3.32423281,-6.79749632,57.97630000,395.45374000,182.21662000
9.880000,15.95812755,3.28709306,-8.22628329,37.82630000,487.81374000,239.86662000
9.890000,16.34415993,3.29241297,-9.63117233,0.62630000,323.27374000,295.51662000
9.900000,16.73009443,3.32673203,-11.00832469,-47.05370000,21.57374000,280.11662000
9.910000,17.11179628,3.36873324,-12.35818935,-79.88370000,-63.16626000,237.30662000
9.920000,17.48647474,3.40827312,-13.68232708,-78.17370000,2.27374000,275.89662000
9.930000,17.85270580,3.44535115,-14.97768838,-105.72370000,-43.88626000,363.50662000
9.940000,18.20738598,3.47673083,-16.23667549,-176.47370000,-146.46626000,453.60662000
9.950000,18.54477126,3.49176317,-17.44985641,-237.18370000,-321.10626000,563.07662000
9.960000,18.85875066,3.47376842,-18.60835190,-289.45370000,-536.43626000,609.20662000
9.970000,19.14386266,3.40887782,-19.70723520,-342.66370000,-485.88626000,604.54662000
9.980000,19.39442501,3.30151988,-20.74263957,-411.26370000,-194.51626000,722.40662000
9.990000,19.60354448,3.17513684,-21.70320825,-496.58370000,109.88374000,945.61662000
10.000000,19.76520355,3.05908321,-22.57060324,-498.04370000,383.89374000,1114.85662000
10.010000,19.88120499,2.97600173,-23.33141930,-337.69370000,437.18374000,1089.37662000
10.020000,19.96494078,2.92946791,-23.99080742,-121.25370000,199.61374000,765.05662000
10.030000,20.03288793,2.90414450,-24.57427636,-55.40370000,7.97374000,418.82662000
10.040000,20.09093693,2.88520749,-25.10533986,-167.92370000,35.86374000,495.05662000
10.050000,20.13385380,2.87147764,-25.58232617,-218.09370000,124.55374000,755.69662000
10.060000,20.15942877,2.86772419,-25.99187955,-93.62370000,110.05374000,692.41662000
10.070000,20.17554960,2.87238390,-26.33573524,23.11630000,-12.16626000,488.92662000
10.080000,20.19163354,2.87762152,-26.62695075,41.85630000,-66.63626000,436.88662000
10.090000,20.21143434,2.88045179,-26.87367532,37.78630000,45.11374000,418.48662000
10.100000,20.23533575,2.88737622,-27.07783095,42.53630000,136.14374000,430.44662000
10.110000,20.26380201,2.90418005,-27.23899640,55.67630000,73.74374000,441.77662000
10.120000,20.29815038,2.92943079,-27.35897191,77.33630000,50.21374000,335.14662000
10.130000,20.34022861,2.96353693,-27.44337874,94.78630000,176.01374000,312.22662000
10.140000,20.39131445,3.01508498,-27.49285113,89.33630000,291.40374000,439.32662000
10.150000,20.45099040,3.09409419,-27.50030508,66.08630000,335.59374000,491.40662000
10.160000,20.51766970,3.20364555,-27.46071460,54.56630000,255.06374000,461.18662000
10.170000,20.59015412,3.33291532,-27.37611918,52.92630000,-61.01626000,387.96662000
10.180000,20.66757839,3.45662124,-27.25486283,33.11630000,-359.61626000,230.86662000
10.190000,20.74769252,3.55259032,-27.10855829,-15.62370000,-333.25626000,153.77662000
10.200000,20.82622775,3.61944156,-26.94178456,-69.08370000,-142.61626000,281.89662000
10.210000,20.89844360,3.67102220,-26.74584640,-103.04370000,3.63374000,450.55662000
10.220000,20.96093655,3.72354249,-26.50812730,-117.80370000,168.90374000,489.77662000
10.230000,21.01268236,3.79254344,-26.22386027,-95.29370000,313.75374000,433.35662000
10.240000,21.05607028,3.88701355,-25.89618530,-29.98370000,218.32374000,381.37662000
10.250000,21.09634631,3.99844382,-25.53120664,26.72630000,-76.02626000,297.58662000
10.260000,21.13793920,4.10678599,-25.13761555,25.14630000,-193.82626000,169.49662000
10.270000,21.18065919,4.20374031,-24.72350453,-35.99370000,4.13374000,185.76662000
10.280000,21.21985430,4.30038429,-24.28655656,-98.21370000,169.11374000,373.99662000
10.290000,21.25104451,4.40578318,-23.81472041,-91.83370000,3.80374000,463.31662000
10.300000,21.27443232,4.50843547,-23.30252608,-34.27370000,-290.61626000,315.24662000
10.310000,21.29360750,4.58727892,-22.75939456,-12.18370000,-378.95626000,145.22662000
10.320000,21.30977829,4.63293652,-22.19719610,-65.59370000,-282.93626000,158.52662000
10.330000,21.31951093,4.65301953,-21.61731221,-118.21370000,-82.18626000,246.68662000
10.340000,21.31941118,4.66749570,-21.01262138,-95.33370000,219.00374000,341.92662000
10.350000,21.31051954,4.69952877,-20.37401236,-46.85370000,342.42374000,427.73662000
10.360000,21.29685676,4.75710475,-19.69742266,-5.86370000,113.83374000,323.37662000
10.370000,21.28267333,4.82306138,-18.99098752,33.69630000,-238.89626000,120.87662000
10.380000,21.27069877,4.86711942,-18.26897070,22.76630000,-516.01626000,59.68662000
10.390000,21.26030106,4.86339986,-17.53953019,-20.21370000,-644.20626000,58.24662000
10.400000,21.24892546,4.80122421,-16.80473325,-25.51370000,-537.84626000,39.62662000
10.410000,21.23551372,4.68890497,-16.06335162,-14.26370000,-289.87626000,127.43662000
10.420000,21.22014958,4.54532688,-15.30760930,-28.11370000,-136.78626000,281.47662000
10.430000,21.20222031,4.38481595,-14.52808755,-36.17370000,-117.89626000,262.33662000
10.440000,21.18131764,4.21037092,-13.72704111,-22.53370000,-188.81626000,56.38662000
10.450000,21.15753758,4.01466755,-12.91863048,-37.91370000,-358.83626000,-78.99338000
10.460000,21.12946863,3.78342534,-12.11393842,-77.25370000,-519.09626000,-45.59338000
10.470000,21.09450854,3.50337828,-11.31371318,-87.28370000,-559.19626000,-6.94338000
10.480000,21.05114330,3.17084937,-10.51531824,-88.44370000,-465.81626000,-12.18338000
10.490000,20.99855943,2.79662488,-9.71661837,-108.63370000,-181.02626000,45.05662000
10.500000,20.93532666,2.40743279,-8.91223382,-124.30370000,225.13374000,151.00662000
10.510000,20.85966125,2.03653485,-8.09357683,-144.12370000,458.49374000,225.37662000
10.520000,20.76936270,1.70652107,-7.25597590,-176.83370000,489.21374000,157.54662000
10.530000,20.66232225,1.42453269,-6.40578079,-175.94370000,480.06374000,-35.15338000
10.540000,20.53855942,1.18575448,-5.55543724,-144.23370000,275.03374000,-79.75338000
10.550000,20.40015944,0.96889116,-4.70979701,-125.13370000,-157.56626000,8.07662000
10.560000,20.24948232,0.73817851,-3.86590234,-100.64370000,-517.90626000,-4.67338000
10.570000,20.08887006,0.46010175,-3.02288673,-75.04370000,-705.21626000,-32.34338000
10.580000,19.91986540,0.11641216,-2.18233444,-89.02370000,-700.20626000,-27.62338000
10.590000,19.74138261,-0.29070103,-1.34510046,-130.09370000,-435.34626000,-43.59338000
10.600000,19.54918817,-0.73738232,-0.50974654,-203.31370000,-15.85626000,41.15662000
10.610000,19.33630159,-1.18599319,0.33137681,-295.02370000,385.84374000,193.60662000
10.620000,19.09628187,-1.60019242,1.18818984,-296.02370000,616.60374000,200.76662000
10.630000,18.82944776,-1.95748273,2.06014231,-189.56370000,653.27374000,11.98662000
10.640000,18.54285225,-2.25050589,2.93324022,-119.36370000,643.50374000,-177.37338000
10.650000,18.24202086,-2.47992315,3.79349907,-145.20370000,599.92374000,-169.25338000
10.660000,17.92728907,-2.65358150,4.63942110,-150.30370000,382.97374000,-56.04338000
10.670000,17.59927289,-2.79260344,5.47838831,-89.62370000,15.55374000,4.69662000
10.680000,17.26127407,-2.92793598,6.31599996,-73.81370000,-270.53626000,-6.02338000
10.690000,16.91392485,-3.08348836,7.15093730,-140.82370000,-287.30626000,-98.07338000
10.700000,16.55192150,-3.26184284,7.97655533,-234.76370000,-70.96626000,-169.05338000
10.710000,16.16622700,-3.44590541,8.78822654,-341.35370000,196.88374000,-120.14338000
10.720000,15.74695511,-3.61259707,9.58801818,-429.68370000,368.00374000,-64.29338000
10.730000,15.28717483,-3.74621933,10.37971126,-423.67370000,385.85374000,-73.66338000
10.740000,14.78724116,-3.84436394,11.16302453,-333.16370000,275.36374000,-122.02338000
10.750000,14.25319259,-3.91556763,11.93344274,-278.65370000,137.02374000,-196.54338000
10.760000,13.68891063,-3.97142368,12.68480113,-322.92370000,60.46374000,-245.73338000
10.770000,13.09229954,-4.01884631,13.41274045,-372.72370000,75.35374000,-247.20338000
10.780000,12.46062555,-4.05749204,14.11662071,-338.20370000,135.87374000,-220.67338000
10.790000,11.79659466,-4.08398087,14.79884691,-249.20370000,135.14374000,-176.06338000
10.800000,11.10800764,-4.09836353,15.46291354,-149.69370000,74.05374000,-152.03338000
10.810000,10.40401147,-4.10385005,16.11081161,-71.83370000,68.56374000,-165.06338000
10.820000,9.69166266,-4.10026815,16.74222937,-44.80370000,147.52374000,-175.50338000
10.830000,8.97441221,-4.08181261,17.35672081,-38.68370000,227.30374000,-159.43338000
10.840000,8.25359787,-4.04111765,17.95553394,-24.44370000,283.41374000,-131.21338000
10.850000,7.53081939,-3.97269129,18.54119000,4.94630000,311.09374000,-102.87338000
10.860000,6.80914151,-3.87691927,19.11680525,54.51630000,184.19374000,-63.12338000
10.870000,6.09248600,-3.76619485,19.68596969,82.85630000,-85.41626000,-27.36338000
10.880000,5.38318734,-3.66235652,20.25141606,69.98630000,-292.83626000,-29.32338000
10.890000,4.68081329,-3.58473029,20.81350362,50.09630000,-381.42626000,-46.79338000
10.900000,3.98372634,-3.54211440,21.37104111,37.24630000,-348.75626000,-57.54338000
10.910000,3.29138876,-3.52965411,21.92252754,61.32630000,-131.31626000,-78.61338000
10.920000,2.60673378,-3.52966241,22.46646765,143.34630000,108.61374000,-85.53338000
10.930000,1.93578041,-3.52377255,23.00281546,195.98630000,145.98374000,-52.46338000
10.940000,1.28247615,-3.50707429,23.53398094,166.58630000,27.72374000,-15.28338000
10.950000,0.64552225,-3.48896012,24.06324987,120.79630000,-148.82626000,8.71662000
10.960000,0.02137471,-3.48481180,24.59299347,100.01630000,-292.73626000,18.38662000
10.970000,-0.59162948,-3.50649982,25.12367802,120.84630000,-303.18626000,-6.30338000
10.980000,-1.19135356,-3.55687118,25.65359025,185.43630000,-252.25626000,-35.12338000
10.990000,-1.77202428,-3.63263264,26.18083867,266.35630000,-211.93626000,-28.45338000
11.000000,-2.32584014,-3.72950894,26.70553552,351.98630000,-172.49626000,-8.48338000
11.010000,-2.84445339,-3.84179459,27.22910906,433.71630000,-63.47626000,2.03662000
11.020000,-3.31853029,-3.95599458,27.75259379,557.97630000,218.84374000,2.40662000
11.030000,-3.73553757,-4.04680467,28.27557220,729.05630000,557.35374000,-25.55338000
11.040000,-4.08204575,-4.08545385,28.79475929,799.81630000,748.85374000,-101.40338000
11.050000,-4.35336632,-4.05642812,29.30345083,674.75630000,647.90374000,-189.91338000
11.060000,-4.56102354,-3.97135649,29.79461029,393.14630000,193.14374000,-218.50338000
11.070000,-4.72859989,-3.86670495,30.26543120,138.12630000,-255.02626000,-185.07338000
11.080000,-4.87602514,-3.77686926,30.71699804,132.58630000,-279.75626000,-179.96338000
11.090000,-5.00581927,-3.70828116,31.14857082,297.88630000,-39.39626000,-253.21338000
11.100000,-5.10669255,-3.64384840,31.55465703,424.41630000,188.30374000,-331.52338000
11.110000,-5.16663123,-3.56303099,31.92947743,486.60630000,314.14374000,-332.82338000
11.120000,-5.18089029,-3.45817693,32.27282026,425.49630000,140.84374000,-260.38338000
11.130000,-5.15615750,-3.34460895,32.59094903,218.01630000,-251.30626000,-153.42338000
11.140000,-5.10779709,-3.25095608,32.89256049,79.51630000,-438.86626000,-91.91338000
11.150000,-5.04681683,-3.19441429,33.18170588,123.68630000,-359.43626000,-159.84338000
11.160000,-4.97124321,-3.17219085,33.45304246,252.78630000,-219.02626000,-299.20338000
11.170000,-4.87061949,-3.17245801,33.69594923,368.68630000,-106.16626000,-377.39338000
11.180000,-4.73559890,-3.18570801,33.90347668,381.65630000,-91.98626000,-359.63338000
11.190000,-4.56502096,-3.21061385,34.07655431,286.23630000,-180.12626000,-279.78338000
11.200000,-4.36537841,-3.25207504,34.22115888,204.39630000,-214.00626000,-218.17338000
11.210000,-4.14295825,-3.31042632,34.34077139,212.01630000,-71.49626000,-282.00338000
11.220000,-3.89796423,-3.37382819,34.43026984,270.46630000,150.94374000,-420.83338000
11.230000,-3.62683235,-3.42487616,34.48005497,288.50630000,259.73374000,-463.31338000
11.240000,-3.32899462,-3.45394748,34.48637203,216.69630000,204.62374000,-389.71338000
11.250000,-3.00989053,-3.46454089,34.45370179,124.69630000,66.10374000,-315.20338000
11.260000,-2.67689908,-3.46821789,34.38784072,85.34630000,-64.20626000,-305.96338000
11.270000,-2.33487327,-3.47560624,34.28963860,61.92630000,-90.17626000,-364.96338000
11.280000,-1.98693160,-3.48833543,34.15424116,23.37630000,26.89374000,-450.37338000
11.290000,-1.63598633,-3.49704746,33.97453640,7.40630000,193.04374000,-505.03338000
11.300000,-1.28379820,-3.48896884,33.74588209,7.46630000,254.61374000,-495.99338000
11.310000,-0.93163096,-3.45908707,33.46948620,-27.23370000,165.82374000,-411.09338000
11.320000,-0.58207636,-3.41521413,33.15241876,-61.56370000,-30.64626000,-307.13338000
11.330000,-0.23797365,-3.37663130,32.80341275,-71.77370000,-320.16626000,-250.63338000
11.340000,0.09823992,-3.36745605,32.42807367,-114.51370000,-509.35626000,-243.37338000
11.350000,0.42291659,-3.40203290,32.02731929,-164.73370000,-415.23626000,-277.68338000
11.360000,0.73194812,-3.47482935,31.59856833,-185.88370000,-192.98626000,-319.57338000
11.370000,1.02328301,-3.56555864,31.13840807,-175.42370000,79.86374000,-337.99338000
11.380000,1.29854326,-3.64783027,30.64513449,-110.31370000,367.53374000,-327.42338000
11.390000,1.56304311,-3.69884725,30.12059609,-38.42370000,431.22374000,-256.20338000
11.400000,1.82250458,-3.71439882,29.57212714,-18.43370000,184.60374000,-115.84338000
11.410000,2.07853040,-3.71423674,29.01108886,-66.19370000,-175.91626000,-13.33338000
11.420000,2.32742058,-3.72806875,28.44417353,-138.66370000,-396.56626000,-91.02338000
11.430000,2.56389487,-3.77730860,27.86599338,-157.17370000,-451.29626000,-253.66338000
11.440000,2.78625677,-3.86878405,27.26463841,-115.54370000,-394.29626000,-327.09338000
11.450000,2.99838452,-3.99709709,26.63184238,-25.16370000,-237.64626000,-348.24338000
11.460000,3.20762839,-4.15068923,25.96552154,46.45630000,-145.60626000,-315.86338000
11.470000,3.41969961,-4.32041571,25.26947088,41.28630000,-120.54626000,-207.67338000
11.480000,3.63618919,-4.50026779,24.55179066,43.64630000,-22.35626000,-132.42338000
11.490000,3.85736987,-4.68140046,23.81911613,55.00630000,110.00374000,-125.70338000
11.500000,4.08331192,-4.85143247,23.07276853,32.73630000,242.34374000,-161.54338000
11.510000,4.31293257,-4.99780083,22.31047037,22.60630000,347.82374000,-187.68338000
11.520000,4.54505208,-5.11047403,21.53094914,17.94630000,405.78374000,-150.46338000
11.530000,4.77930145,-5.18450908,20.73691860,22.63630000,382.10374000,-90.21338000
11.540000,5.01583068,-5.22510372,19.93412100,23.91630000,163.59374000,-18.24338000
11.550000,5.25355402,-5.25002670,19.12906183,-26.76370000,-86.45626000,37.78662000
11.560000,5.48923071,-5.27804678,18.32564009,-56.31370000,-118.59626000,9.71662000
11.570000,5.72072727,-5.31468421,17.52248630,-31.87370000,-25.07626000,-44.95338000
11.580000,5.94920793,-5.35255048,16.71544244,-4.63370000,115.56374000,-73.86338000
11.590000,6.17786544,-5.37822084,15.90130976,44.15630000,277.75374000,-89.32338000
11.600000,6.41069932,-5.38155679,15.07961952,79.31630000,218.27374000,-48.24338000
11.610000,6.64939531,-5.36885009,14.25438597,27.63630000,-76.62626000,45.62662000
11.620000,6.89035240,-5.35994124,13.43275860,-48.20370000,-220.96626000,102.78662000
11.630000,7.12819060,-5.36604123,12.61960142,-60.04370000,-85.82626000,89.15662000
11.640000,7.36115616,-5.37882956,11.81468993,-30.67370000,121.05374000,50.27662000
11.650000,7.59146633,-5.37940324,11.01495287,11.11630000,328.27374000,18.81662000
11.660000,7.82301310,-5.34961326,10.21775549,53.84630000,432.91374000,15.22662000
11.670000,8.05818999,-5.28148163,9.42343381,22.33630000,335.53374000,67.30662000
11.680000,8.29447548,-5.17823359,8.63579781,-58.23370000,296.64374000,119.13662000
11.690000,8.52677183,-5.04247614,7.85815574,-69.49370000,367.52374000,95.72662000
11.700000,8.75297054,-4.87413104,7.08946211,-50.74370000,267.78374000,48.89662000
11.710000,8.97394086,-4.68158628,6.32687642,-42.21370000,60.86374000,52.34662000
11.720000,9.19158803,-4.48156162,5.57001591,-1.81370000,-94.34626000,76.96662000
11.730000,9.40832781,-4.28970730,4.82008584,5.48630000,-203.01626000,72.48662000
11.740000,9.62470120,-4.11635957,4.07722595,-27.87370000,-243.91626000,62.41662000
11.750000,9.83940770,-3.96751119,3.34124675,-20.47370000,-293.15626000,79.45662000
11.760000,10.05236406,-3.84837366,2.61317274,-5.24370000,-362.23626000,96.42662000
11.770000,10.26443028,-3.76331347,1.89436316,-8.70370000,-349.49626000,99.81662000
11.780000,10.47604735,-3.71133137,1.18554902,0.62630000,-265.92626000,105.30662000
11.790000,10.68787253,-3.68330336,0.48704257,11.71630000,-80.84626000,103.42662000
11.800000,10.90107207,-3.66101395,-0.20102895,26.85630000,194.04374000,106.78662000
11.810000,11.11742472,-3.62237339,-0.87751604,56.63630000,342.77374000,147.92662000
11.820000,11.33904997,-3.55560042,-1.53911593,66.71630000,241.67374000,194.39662000
11.830000,11.56643309,-3.46856629,-2.18267990,36.18630000,-19.70626000,186.26662000
11.840000,11.79708731,-3.38291401,-2.80897392,-12.30370000,-261.56626000,125.41662000
11.850000,12.02682964,-3.31846232,-3.42260776,-52.11370000,-309.21626000,70.85662000
11.860000,12.25210633,-3.27923498,-4.02778417,-66.15370000,-133.00626000,72.71662000
11.870000,12.47174938,-3.24994398,-4.62454463,-44.98370000,173.74374000,121.89662000
11.880000,12.68771428,-3.20564782,-5.20905042,4.93630000,381.69374000,175.22662000
11.890000,12.90381379,-3.13296776,-5.77768351,36.43630000,194.19374000,164.10662000
11.900000,13.12204692,-3.04631529,-6.33256992,3.47630000,-215.21626000,47.97662000
11.910000,13.34048990,-2.97599567,-6.88231489,-39.05370000,-421.10626000,-52.85338000
11.920000,13.55589248,-2.94262614,-7.43476693,-51.04370000,-424.60626000,-49.00338000
11.930000,13.76562393,-2.94715696,-7.99218528,-89.76370000,-249.72626000,-46.24338000
11.940000,13.96653348,-2.97112787,-8.55478020,-126.36370000,142.42374000,-64.02338000
11.950000,14.15630414,-2.98300812,-9.12310343,-107.12370000,444.47374000,-53.29338000
11.960000,14.33601716,-2.95827397,-9.69745423,-65.75370000,429.17374000,-68.94338000
11.970000,14.50995454,-2.89696666,-10.27893283,3.54630000,156.07374000,-92.38338000
11.980000,14.68385728,-2.82113220,-10.86916676,53.21630000,-164.26626000,-94.95338000
11.990000,14.86023637,-2.75612558,-11.47009899,-14.98370000,-264.68626000,-144.09338000
12.000000,15.03450858,-2.71339830,-12.08564254,-111.58370000,-201.56626000,-199.76338000
12.010000,15.20031389,-2.68993112,-12.71936741,-104.58370000,-106.61626000,-182.08338000
12.020000,15.35754531,-2.67543629,-13.37036183,-26.26370000,51.87374000,-125.30338000
12.030000,15.51211983,-2.65907604,-14.03324133,46.77630000,73.45374000,-41.16338000
12.040000,15.67021647,-2.63987140,-14.69975888,69.53630000,-89.03626000,63.65662000
12.050000,15.83423396,-2.62583459,-15.36152125,46.92630000,-106.12626000,105.60662000
12.060000,16.00316906,-2.61908788,-16.01428819,29.25630000,5.65374000,86.49662000
12.070000,16.17491127,-2.61442927,-16.65871069,2.78630000,7.26374000,56.72662000
12.080000,16.34672584,-2.60963300,-17.29842025,-35.99370000,-18.70626000,-9.88338000
12.090000,16.51637452,-2.60508557,-17.93856788,-21.49370000,16.16374000,-52.93338000
12.100000,16.68450805,-2.59945949,-18.58166682,14.31630000,25.49374000,-0.75338000
12.110000,16.85324094,-2.59116700,-19.22506082,12.77630000,35.47374000,44.18662000
12.120000,17.02324319,-2.57821135,-19.86547589,6.84630000,86.05374000,33.08662000
12.130000,17.19400680,-2.55765905,-20.50202227,-0.07370000,92.25374000,45.93662000
12.140000,17.36464927,-2.52868160,-21.13324447,-15.60370000,62.41374000,89.55662000
12.150000,17.53437884,-2.49243024,-21.75571598,-9.29370000,69.84374000,126.52662000
12.160000,17.70358502,-2.44900897,-22.36557005,9.19630000,80.66374000,163.63662000
12.170000,17.87360556,-2.39919705,-22.95916544,19.41630000,20.42374000,198.09662000
12.180000,18.04553971,-2.35010947,-23.53375065,24.45630000,-154.51626000,202.12662000
12.190000,18.21979472,-2.31695898,-24.08887516,20.44630000,-352.90626000,177.62662000
12.200000,18.39612884,-2.31308534,-24.62565324,13.75630000,-314.77626000,178.02662000
12.210000,18.57452631,-2.33303105,-25.14229289,30.51630000,25.65374000,273.40662000
12.220000,18.75651864,-2.35181484,-25.62989860,64.94630000,305.91374000,438.06662000
12.230000,18.94384533,-2.34886674,-26.07669162,48.90630000,227.76374000,484.51662000
12.240000,19.13452838,-2.32768447,-26.48110671,-32.56370000,-36.10626000,289.56662000
12.250000,19.32294554,-2.30721105,-26.85774011,-78.47370000,-187.93626000,49.16662000
12.260000,19.50543955,-2.30057423,-27.22382407,-51.47370000,-145.51626000,35.62662000
12.270000,19.68275667,-2.30643375,-27.58253985,-29.71370000,-24.91626000,175.85662000
12.280000,19.85666865,-2.31564361,-27.92538620,-29.36370000,57.30374000,248.98662000
12.290000,20.02819099,-2.31954732,-28.24457410,-11.20370000,118.52374000,274.05662000
12.300000,20.19865794,-2.31310887,-28.53701632,5.49630000,115.30374000,274.27662000
12.310000,20.36935824,-2.29785776,-28.80453836,5.48630000,-0.65626000,175.74662000
12.320000,20.54081191,-2.28313425,-29.05397421,9.60630000,-139.12626000,99.22662000
12.330000,20.71327568,-2.28212009,-29.29069862,11.64630000,-273.49626000,135.80662000
12.340000,20.88689306,-2.30682027,-29.51421710,9.18630000,-346.48626000,158.94662000
12.350000,21.06191779,-2.36177129,-29.72221014,22.21630000,-247.59626000,168.86662000
12.360000,21.23955939,-2.43859091,-29.91123350,46.99630000,-37.09626000,263.65662000
12.370000,21.42204484,-2.51926662,-30.07354792,73.48630000,163.51374000,373.72662000
12.380000,21.61189041,-2.58758342,-30.20076240,96.37630000,200.39374000,394.43662000
12.390000,21.81065958,-2.64181332,-30.29150295,86.64630000,-4.85626000,297.90662000
12.400000,22.01741460,-2.69570432,-30.35386481,45.70630000,-181.15626000,146.44662000
12.410000,22.22982674,-2.76075791,-30.39790823,44.16630000,-83.36626000,143.48662000
12.420000,22.44836698,-2.83103934,-30.42256997,107.02630000,134.74374000,343.39662000
12.430000,22.67760209,-2.89022487,-30.41389828,165.51630000,253.68374000,504.60662000
12.440000,22.92223205,-2.92867124,-30.35938564,173.67630000,183.42374000,482.57662000
12.450000,23.18337687,-2.95366870,-30.25948008,143.66630000,-86.60626000,347.50662000
12.460000,23.45891879,-2.98826301,-30.12500957,110.81630000,-398.11626000,206.55662000
12.470000,23.74660083,-3.05890241,-29.96698038,116.24630000,-562.99626000,183.27662000
12.480000,24.04658697,-3.18156741,-29.78734151,144.79630000,-560.94626000,292.82662000
12.490000,24.36093422,-3.35666850,-29.57773369,164.54630000,-416.58626000,431.37662000
12.500000,24.69201508,-3.57105444,-29.32488670,191.39630000,-181.30626000,575.53662000
12.510000,25.04169080,-3.80546522,-29.01570476,192.39630000,-25.82626000,672.49662000
12.520000,25.40887788,-4.04673284,-28.64418014,120.20630000,-45.34626000,574.72662000
12.530000,25.78785856,-4.29463531,-28.21907409,34.87630000,-152.90626000,322.85662000
12.540000,26.17174310,-4.55687563,-27.75984534,2.13630000,-226.38626000,146.01662000
12.550000,26.55697575,-4.83913353,-27.28150767,10.71630000,-199.05626000,151.01662000
12.560000,26.94327676,-5.14034853,-26.78666280,15.10630000,-137.81626000,213.78662000
12.570000,27.33034013,-5.45656338,-26.27248900,-14.49370000,-129.33626000,196.11662000
12.580000,27.71602535,-5.78566482,-25.73966202,-45.30370000,-123.00626000,141.65662000
12.590000,28.09774619,-6.12542460,-25.19206809,-57.53370000,-55.01626000,112.79662000
12.600000,28.47361213,-6.46694373,-24.63254424,-77.88370000,158.63374000,111.49662000
12.610000,28.84214268,-6.78978321,-24.05977419,-84.17370000,480.90374000,195.60662000
12.620000,29.20322358,-7.07164902,-23.46734021,-55.81370000,514.47374000,285.39662000
12.630000,29.55849210,-7.31327818,-22.85196030,-40.75370000,95.58374000,152.98662000
12.640000,29.90903272,-7.54548444,-22.22447445,-55.85370000,-332.75626000,-105.58338000
12.650000,30.25408820,-7.80255204,-21.60272391,-71.00370000,-428.55626000,-169.68338000
12.660000,30.59170304,-8.09394848,-20.99412593,-103.82370000,-187.31626000,-79.60338000
12.670000,30.91846799,-8.39535552,-20.39271077,-159.40370000,398.73374000,43.12662000
12.680000,31.23069330,-8.65537565,-19.78279893,-163.01370000,1041.29374000,334.76662000
12.690000,31.52839546,-8.82717338,-19.14140890,-99.55370000,1043.54374000,548.01662000
12.700000,31.81587224,-8.91394445,-18.45852118,-50.95370000,268.65374000,230.65662000
12.710000,32.09754437,-8.97301511,-17.75629753,-34.78370000,-476.86626000,-234.34338000
12.720000,32.37597135,-9.06637037,-17.06633869,-13.34370000,-690.33626000,-251.01338000
12.730000,32.65258645,-9.22358973,-16.39833116,-15.06370000,-701.05626000,-140.13338000
12.740000,32.92716641,-9.44818867,-15.74903945,-41.99370000,-606.76626000,-215.80338000
12.750000,33.19839172,-9.72538121,-15.11694080,-39.19370000,-193.18626000,-114.43338000
12.760000,33.46564989,-10.01924110,-14.49189272,-42.36370000,322.41374000,164.19662000
12.770000,33.72810317,-10.28666733,-13.85349995,-72.33370000,601.67374000,321.37662000
12.780000,33.98440006,-10.50289966,-13.18613850,-63.28370000,517.96374000,353.34662000
12.790000,34.23459455,-10.67423957,-12.48907560,-49.25370000,154.06374000,161.53662000
12.800000,34.47882491,-10.82654359,-11.77945153,-80.83370000,-68.68626000,-172.42338000
12.810000,34.71544912,-10.97802094,-11.08097901,-97.38370000,12.34374000,-261.20338000
12.820000,34.94323419,-11.12953964,-10.40347856,-82.02370000,38.31374000,-142.50338000
12.830000,35.16297312,-11.28127619,-9.74093518,-64.47370000,-101.71626000,-50.52338000
12.840000,35.37680840,-11.44258808,-9.08335011,-29.23370000,-221.92626000,46.76662000
12.850000,35.58758355,-11.62340606,-8.42226510,-3.52370000,-238.70626000,98.53662000
12.860000,35.79651055,-11.82373864,-7.75423891,-41.70370000,-85.27626000,35.35662000
12.870000,36.00035991,-12.02763881,-7.08222578,-120.23370000,262.52374000,-8.22338000
12.880000,36.19238788,-12.20315758,-6.41007946,-194.74370000,691.45374000,-12.03338000
12.890000,36.36597571,-12.31411244,-5.73974296,-231.94370000,933.09374000,-38.55338000
12.900000,36.51841964,-12.34222265,-5.07354403,-191.18370000,752.11374000,-74.81338000
12.910000,36.65315544,-12.30183245,-4.41545940,-98.07370000,298.66374000,-134.84338000
12.920000,36.77695834,-12.22937684,-3.77087235,-54.04370000,-70.85626000,-193.85338000
12.930000,36.89269610,-12.15765483,-3.14580110,-120.50370000,-190.32626000,-256.53338000
12.940000,36.99536672,-12.10154391,-2.54800017,-231.69370000,-176.96626000,-382.34338000
12.950000,37.07622594,-12.06396308,-1.98853605,-292.62370000,-200.97626000,-510.70338000
12.960000,37.12960453,-12.04572860,-1.47901825,-286.34370000,-198.96626000,-592.55338000
12.970000,37.15630222,-12.04718972,-1.02823176,-205.98370000,-192.94626000,-651.89338000
12.980000,37.16337177,-12.07196293,-0.64055134,-90.87370000,-351.65626000,-626.35338000
12.990000,37.15961318,-12.13129273,-0.31371248,-49.45370000,-490.03626000,-527.51338000
13.000000,37.14896894,-12.23399938,-0.04208993,-89.70370000,-407.37626000,-525.72338000
13.010000,37.12918407,-12.37525762,0.17399030,-140.82370000,-241.30626000,-641.18338000
13.020000,37.09593580,-12.54024621,0.32673522,-171.24370000,-63.25626000,-723.77338000
13.030000,37.04644439,-12.71066039,0.40926182,-170.47370000,146.76374000,-718.45338000
13.040000,36.98066184,-12.86649791,0.42153812,-143.51370000,348.76374000,-647.78338000
13.050000,36.90114115,-12.98945703,0.37079459,-96.08370000,466.81374000,-505.22338000
13.060000,36.81187981,-13.07061774,0.27091225,-58.00370000,385.51374000,-305.77338000
13.070000,36.71518684,-13.11605830,0.13933160,-89.23370000,186.93374000,-149.61338000
13.080000,36.60888597,-13.14147495,-0.01092311,-151.90370000,37.54374000,-140.41338000
13.090000,36.48850671,-13.16298144,-0.17713264,-174.15370000,-109.64626000,-206.20338000
13.100000,36.35114131,-13.19288078,-0.36313474,-183.29370000,-157.99626000,-237.33338000
13.110000,36.19575451,-13.23317272,-0.57317740,-184.17370000,5.90374000,-279.20338000
13.120000,36.02260258,-13.27468549,-0.81048612,-163.02370000,93.32374000,-293.35338000
13.130000,35.83296275,-13.31037137,-1.07429865,-153.35370000,36.49374000,-192.69338000
13.140000,35.62850528,-13.33994808,-1.35743675,-127.03370000,74.02374000,-92.73338000
13.150000,35.41176117,-13.36139864,-1.65152542,-88.10370000,136.47374000,-58.31338000
13.160000,35.18506467,-13.37041155,-1.95194864,-98.91370000,146.50374000,-42.47338000
13.170000,34.94862077,-13.36481880,-2.25764869,-108.02370000,150.71374000,-66.26338000
13.180000,34.70228174,-13.34520639,-2.57002154,-84.90370000,108.82374000,-90.36338000
13.190000,34.44709756,-13.31420233,-2.89017321,-80.03370000,83.27374000,-62.61338000
13.200000,34.18385399,-13.27345911,-3.21634545,-81.46370000,110.16374000,-23.68338000
13.210000,33.91268202,-13.22257923,-3.54548575,-78.23370000,97.83374000,-7.19338000
13.220000,33.63357892,-13.16314170,-3.87599561,-83.37370000,32.44374000,-15.16338000
13.230000,33.34649692,-13.10000377,-4.20792328,-78.23370000,-18.73626000,-17.64338000
13.240000,33.05185604,-13.03743468,-4.54100127,-66.57370000,-21.75626000,5.98662000
13.250000,32.75009951,-12.97652018,-4.87363858,-77.30370000,-7.96626000,24.84662000
13.260000,32.44038558,-12.91635853,-5.20449045,-101.17370000,3.54374000,17.28662000
13.270000,32.12089377,-12.85498022,-5.53388663,-115.52370000,45.51374000,0.35662000
13.280000,31.79012831,-12.78803200,-5.86286488,-122.78370000,124.19374000,0.26662000
13.290000,31.44722647,-12.70962588,-6.19144394,-128.42370000,160.38374000,16.62662000
13.300000,31.09149223,-12.61638661,-6.51859531,-137.72370000,144.33374000,25.13662000
13.310000,30.72215060,-12.50825418,-6.84353800,-144.48370000,142.64374000,22.99662000
13.320000,30.33866382,-12.38717284,-7.16607500,-143.17370000,84.30374000,26.64662000
13.330000,29.94073941,-12.25817809,-7.48592957,-150.73370000,1.25374000,32.55662000
13.340000,29.52773135,-12.12574394,-7.80232670,-162.76370000,46.73374000,48.08662000
13.350000,29.09873290,-11.98846714,-8.11337739,-167.41370000,94.95374000,86.67662000
13.360000,28.65322306,-11.84326643,-8.41620640,-166.92370000,76.28374000,108.97662000
13.370000,28.19151708,-11.68819231,-8.70870397,-150.64370000,143.38374000,110.17662000
13.380000,27.71519771,-11.51991079,-8.98966411,-120.38370000,161.21374000,133.71662000
13.390000,27.22690719,-11.34039511,-9.25788231,-91.49370000,-20.47626000,133.61662000
13.400000,26.72953928,-11.16241478,-9.51396333,-63.78370000,-185.70626000,86.08662000
13.410000,26.22569848,-10.99996054,-9.76058016,-43.91370000,-233.18626000,74.32662000
13.420000,25.71687354,-10.85872364,-9.99921330,-51.81370000,-200.64626000,86.15662000
13.430000,25.20271771,-10.73278184,-10.22981726,-69.75370000,18.64374000,76.07662000
13.440000,24.68247298,-10.60252988,-10.45183328,-56.29370000,331.73374000,106.75662000
13.450000,24.15732937,-10.44280327,-10.66286736,-17.67370000,492.84374000,151.23662000
13.460000,23.63067761,-10.23950400,-10.86063226,27.25630000,421.45374000,123.08662000
13.470000,23.10653171,-9.99976733,-11.04702947,59.33630000,117.71374000,58.84662000
13.480000,22.58700767,-9.74782100,-11.22762975,34.88630000,-172.52626000,-7.35338000
13.490000,22.07062723,-9.50635901,-11.40867159,-7.42370000,-196.06626000,-60.25338000
13.500000,21.55496740,-9.28194212,-11.59439050,4.72630000,-121.17626000,-57.67338000
13.510000,21.04065394,-9.06946507,-11.78507272,47.76630000,-43.20626000,-21.38338000
13.520000,20.53146058,-8.86017587,-11.97766825,100.48630000,76.04374000,25.45662000
13.530000,20.03236082,-8.64602451,-12.16776210,150.94630000,81.57374000,72.08662000
13.540000,19.54704068,-8.42711925,-12.35189051,144.74630000,-53.06626000,70.53662000
13.550000,19.07489615,-8.21358832,-12.53011948,82.52630000,-194.44626000,24.36662000
13.560000,18.61136622,-8.01724000,-12.70586352,30.72630000,-249.37626000,-18.32338000
13.570000,18.15271165,-7.84224077,-12.88334663,46.97630000,-164.79626000,-55.73338000
13.580000,17.70084419,-7.68220088,-13.06726379,142.74630000,-23.43626000,-126.02338000
13.590000,17.26377583,-7.52738733,-13.26420677,255.43630000,-1.41626000,-211.70338000
13.600000,16.85018159,-7.37590038,-13.48089532,281.28630000,-110.82626000,-238.84338000
13.610000,16.46268895,-7.23486253,-13.72028568,221.99630000,-198.92626000,-217.13338000
13.620000,16.09764767,-7.11171627,-13.98210760,168.71630000,-211.01626000,-222.60338000
13.630000,15.75065525,-7.00679485,-14.26787259,158.46630000,-112.06626000,-293.83338000
13.640000,15.42157619,-6.91025903,-14.58409189,226.82630000,95.69374000,-406.35338000
13.650000,15.11607399,-6.80689630,-14.93931551,326.89630000,189.72374000,-452.08338000
13.660000,14.84069339,-6.68850367,-15.33692469,320.18630000,122.02374000,-383.35338000
13.670000,14.59606790,-6.55832113,-15.77263543,258.87630000,33.79374000,-303.72338000
13.680000,14.37832702,-6.42598793,-16.24028174,233.38630000,-107.61626000,-285.07338000
13.690000,14.18379325,-6.30359183,-16.73801461,198.57630000,-220.07626000,-328.04338000
13.700000,14.01013884,-6.19837557,-17.26965705,200.57630000,-143.45626000,-413.67338000
13.710000,13.85822128,-6.10662816,-17.84140430,265.68630000,-35.79626000,-447.25338000
13.720000,13.73136333,-6.02142234,-18.45500986,266.37630000,-50.64626000,-364.60338000
13.730000,13.62934875,-5.94244262,-19.10407949,191.23630000,-115.98626000,-240.55338000
13.740000,13.54682826,-5.87613248,-19.77823343,126.85630000,-228.19626000,-156.11338000
13.750000,13.47706739,-5.83202270,-20.46923394,61.37630000,-319.66626000,-119.53338000
13.760000,13.41431188,-5.81448451,-21.17358176,26.54630000,-199.36626000,-137.16338000
13.770000,13.35634747,-5.81323366,-21.89243564,73.11630000,62.87374000,-184.83338000
13.780000,13.30591542,-5.80551616,-22.62900884,124.45630000,328.25374000,-200.39338000
13.790000,13.26749723,-5.76607275,-23.38465910,154.46630000,545.62374000,-175.91338000
13.800000,13.24382215,-5.67971693,-24.15659918,152.27630000,452.96374000,-97.82338000
13.810000,13.23274443,-5.55622871,-24.93722207,40.81630000,29.71374000,25.79662000
13.820000,13.22538756,-5.42659583,-25.71718002,-89.13370000,-270.63626000,74.37662000
13.830000,13.21153680,-5.31572205,-26.49214754,-126.36370000,-242.83626000,26.61662000
13.840000,13.18658440,-5.22465186,-27.26420737,-106.26370000,-39.86626000,-9.75338000
13.850000,13.15282586,-5.13659652,-28.03643602,-17.41370000,197.94374000,-12.31338000
13.860000,13.11787543,-5.03026852,-28.80940823,89.35630000,370.85374000,6.18662000
13.870000,13.08934560,-4.89057561,-29.58117775,91.46630000,390.91374000,49.59662000
13.880000,13.06822189,-4.71687680,-30.34844184,19.89630000,203.52374000,76.38662000
13.890000,13.04888203,-4.52489783,-31.10934624,-63.96370000,-70.78626000,53.56662000
13.900000,13.02400928,-4.33602846,-31.86556571,-117.34370000,-190.36626000,5.42662000
13.910000,12.98982913,-4.16278343,-32.62028924,-77.70370000,-177.48626000,-3.03338000
13.920000,12.94873235,-4.00771575,-33.37387883,-7.97370000,-185.78626000,47.54662000
13.930000,12.90590342,-3.86967641,-34.12288649,20.30630000,-136.10626000,92.76662000
13.940000,12.86486710,-3.74300116,-34.86323646,35.00630000,-0.59626000,114.77662000
13.950000,12.82693064,-3.61833626,-35.59218375,29.61630000,52.85374000,135.33662000
13.960000,12.79139479,-3.49188370,-36.30840310,-2.27370000,-37.63626000,125.21662000
13.970000,12.75565105,-3.37011099,-37.01306077,-37.44370000,-168.80626000,78.24662000
13.980000,12.71679116,-3.26212662,-37.70978624,-51.54370000,-180.31626000,37.12662000
13.990000,12.67423089,-3.16786385,-38.40160154,-11.54370000,-23.45626000,45.45662000
14.000000,12.63114247,-3.07427791,-39.08759739,49.44630000,196.12374000,106.28662000
14.010000,12.59235316,-2.96343508,-39.76299632,80.55630000,317.45374000,167.39662000
14.020000,12.56063720,-2.82751909,-40.42281905,68.31630000,167.86374000,183.51662000
14.030000,12.53444611,-2.67892344,-41.06588635,-0.25370000,-150.02626000,137.33662000
14.040000,12.50845112,-2.54090813,-41.69612921,-64.02370000,-295.05626000,56.33662000
14.050000,12.47799099,-2.42704442,-42.31950339,-54.36370000,-229.95626000,26.28662000
14.060000,12.44298797,-2.33594006,-42.93794713,-13.02370000,-159.43626000,89.85662000
14.070000,12.40663206,-2.26308879,-43.54664768,22.23630000,-185.32626000,185.27662000
14.080000,12.37227076,-2.21166086,-44.13852405,44.27630000,-330.87626000,214.10662000
14.090000,12.34153781,-2.19423503,-44.71110749,30.28630000,-517.03626000,159.77662000
14.100000,12.31343072,-2.22540554,-45.26789698,-3.87370000,-582.93626000,99.64662000
14.110000,12.28518024,-2.31020215,-45.81322854,-32.33370000,-466.16626000,100.79662000
14.120000,12.25393462,-2.43975310,-46.34515192,-55.32370000,-278.93626000,236.63662000
14.130000,12.21718361,-2.59814289,-46.84924436,-81.29370000,-133.54626000,540.71662000
14.140000,12.17229395,-2.76980153,-47.29859361,-111.69370000,11.24374000,873.20662000
14.150000,12.11684290,-2.93983001,-47.66378793,-121.83370000,172.23374000,1080.61662000
14.160000,12.05009022,-3.09236384,-47.92451681,-100.76370000,340.04374000,1145.72662000
14.170000,11.97398113,-3.21104026,-48.07330226,-54.95370000,497.94374000,1107.21662000
14.180000,11.89294366,-3.28529227,-48.11363552,9.47630000,437.01374000,979.47662000
14.190000,11.81258855,-3.32279738,-48.05827609,59.23630000,93.87374000,763.08662000
14.200000,11.73722354,-3.35076859,-47.92518948,67.59630000,-247.43626000,604.98662000
14.210000,11.66753089,-3.39686114,-47.72602268,28.40630000,-327.88626000,671.69662000
14.220000,11.60018810,-3.46737628,-47.45716019,-34.47370000,-77.72626000,840.99662000
14.230000,11.53068692,-3.54350351,-47.10641477,-49.85370000,254.82374000,923.17662000
14.240000,11.45756885,-3.60246509,-46.66821767,-14.55370000,250.67374000,812.26662000
14.250000,11.38246013,-3.64395127,-46.15609212,-4.72370000,-61.18626000,410.97662000
14.260000,11.30606677,-3.68811054,-45.60429615,-31.44370000,-239.25626000,-45.85338000
14.270000,11.22674027,-3.74885815,-45.04811648,-53.77370000,-127.86626000,-142.37338000
14.280000,11.14264913,-3.82137236,-44.49918538,-55.65370000,20.29374000,42.20662000
14.290000,11.05334535,-3.89455166,-43.94765784,-47.48370000,56.64374000,163.36662000
14.300000,10.95908542,-3.96279531,-43.38238962,-51.68370000,59.81374000,182.23662000
14.310000,10.85981711,-4.02479605,-42.80042546,-53.54370000,69.41374000,141.54662000
14.320000,10.75557940,-4.07910538,-42.20573737,-44.06370000,104.98374000,45.17662000
14.330000,10.64638630,-4.12097531,-41.60477359,-60.60370000,214.16374000,20.67662000
14.340000,10.53129305,-4.14140283,-41.00008837,-74.79370000,320.35374000,63.87662000
14.350000,10.40975517,-4.13276520,-40.39033497,-51.65370000,303.70374000,55.84662000
14.360000,10.28296564,-4.09579266,-39.77579113,-36.02370000,201.60374000,17.59662000
14.370000,10.15242423,-4.03838947,-39.15957361,-30.43370000,106.28374000,-22.54338000
14.380000,10.01914167,-3.96958287,-38.54570365,-16.81370000,37.93374000,-64.86338000
14.390000,9.88393521,-3.89624836,-37.93758975,-16.95370000,-5.06626000,-76.42338000
14.400000,9.74690362,-3.82256970,-37.33648092,-26.34370000,-18.06626000,-60.94338000
14.410000,9.60755238,-3.74994538,-36.74126915,-27.20370000,-5.00626000,-36.02338000
14.420000,9.46580726,-3.67826841,-36.14976970,-19.06370000,-13.84626000,-13.95338000
14.430000,9.32232924,-3.60950078,-35.56039281,-8.04370000,-87.70626000,-19.42338000
14.440000,9.17796683,-3.55060699,-34.97334023,-4.28370000,-209.72626000,-38.62338000
14.450000,9.03295027,-3.51273255,-34.38975347,-13.61370000,-337.64626000,-40.41338000
14.460000,8.88657383,-3.50647471,-33.81016277,-26.94370000,-383.67626000,-38.84338000
14.470000,8.73780649,-3.53396870,-33.23469714,-32.19370000,-249.10626000,-45.35338000
14.480000,8.58629551,-3.58205930,-32.66337332,-22.47370000,53.99374000,-34.57338000
14.490000,8.43342989,-3.62589773,-32.09482932,18.89630000,307.17374000,4.85662000
14.500000,8.28290263,-3.64597801,-31.52637437,74.15630000,277.95374000,22.84662000
14.510000,8.13864298,-3.64272064,-30.95755300,79.43630000,66.39374000,-34.34338000
14.520000,8.00106868,-3.63067611,-30.39260018,30.32630000,-63.28626000,-107.35338000
14.530000,7.86692499,-3.61967842,-29.83692443,-6.92370000,14.27374000,-120.48338000
14.540000,7.73323716,-3.60300483,-29.29288850,-2.30370000,257.74374000,-115.72338000
14.550000,7.60011319,-3.56167733,-28.76059913,30.02630000,452.36374000,-116.38338000
14.560000,7.47045258,-3.48054792,-28.23934282,76.72630000,425.57374000,-91.28338000
14.570000,7.34803082,-3.36075436,-27.72748083,102.01630000,239.02374000,-75.27338000
14.580000,7.23466668,-3.21669240,-27.22422465,77.48630000,63.08374000,-100.85338000
14.590000,7.12857689,-3.06290953,-26.73162403,29.92630000,19.61374000,-147.69338000
14.600000,7.02605871,-2.90445425,-26.25368898,1.46630000,80.55374000,-188.83338000
14.610000,6.92496738,-2.73891132,-25.79354299,20.15630000,98.75374000,-184.65338000
14.620000,6.82666117,-2.56796223,-25.35073507,65.56630000,-65.84626000,-133.83338000
14.630000,6.73395006,-2.40737148,-24.92122871,68.45630000,-385.42626000,-78.19338000
14.640000,6.64686906,-2.28277533,-24.50022941,18.66630000,-607.11626000,-48.51338000
14.650000,6.56204567,-2.21259903,-24.08580043,-19.54370000,-581.16626000,-86.04338000
14.660000,6.47649639,-2.19715881,-23.68158152,-12.67370000,-424.02626000,-186.25338000
14.670000,6.39042597,-2.22264620,-23.29579491,19.98630000,-211.91626000,-277.19338000
14.680000,6.30641915,-2.26752042,-22.93703612,51.18630000,68.35374000,-338.92338000
14.690000,6.22761219,-2.30657099,-22.61133690,81.57630000,304.12374000,-365.79338000
14.700000,6.15738584,-2.32118291,-22.31977674,124.82630000,296.91374000,-293.50338000
14.710000,6.09875710,-2.31117617,-22.05628239,128.61630000,82.76374000,-168.28338000
14.720000,6.05147597,-2.29096502,-21.81287611,67.78630000,-58.29626000,-171.90338000
14.730000,6.01166169,-2.27337697,-21.59007514,30.42630000,-75.12626000,-310.57338000
14.740000,5.97642903,-2.26222776,-21.39687473,50.56630000,-53.03626000,-389.42338000
14.750000,5.94717772,-2.25585789,-21.23902289,103.63630000,-14.00626000,-322.97338000
14.760000,5.92783377,-2.25365262,-21.11170537,134.39630000,-89.56626000,-184.45338000
14.770000,5.92011043,-2.26011870,-21.00387365,88.33630000,-157.74626000,-86.00338000
14.780000,5.92195144,-2.27828762,-20.90638501,67.44630000,-67.08626000,-55.71338000
14.790000,5.93165032,-2.30504163,-20.81433367,87.02630000,-55.51626000,-18.51338000
14.800000,5.94864855,-2.33936424,-20.72460240,46.41630000,-128.65626000,1.48662000
14.810000,5.97069039,-2.38485244,-20.63602419,17.82630000,-137.82626000,-29.03338000
14.820000,5.99566459,-2.44440598,-20.54933080,31.16630000,-162.33626000,-17.26338000
14.830000,6.02330164,-2.52014137,-20.46357222,22.29630000,-188.80626000,27.71662000
14.840000,6.05310681,-2.61199411,-20.37592771,6.90630000,-108.77626000,38.81662000
14.850000,6.08392158,-2.71043769,-20.28461376,0.21630000,138.69374000,42.97662000
14.860000,6.11538546,-2.79216911,-20.18902312,14.56630000,495.84374000,47.84662000
14.870000,6.14869420,-2.82659962,-20.08884330,40.38630000,757.62374000,46.44662000
14.880000,6.18533880,-2.79157774,-19.98382504,34.03630000,762.97374000,54.34662000
14.890000,6.22461775,-2.68672694,-19.87364135,-7.14370000,505.55374000,53.02662000
14.900000,6.26322856,-2.53418474,-19.75896497,-50.53370000,129.54374000,20.85662000
14.910000,6.29767049,-2.36655588,-19.64252165,-62.60370000,-165.20626000,-22.51338000
14.920000,6.32666927,-2.21174312,-19.52786890,-46.04370000,-315.80626000,-45.90338000
14.930000,6.35123065,-2.08755570,-19.41718471,-26.86370000,-432.22626000,-42.87338000
14.940000,6.37263690,-2.00475563,-19.31063158,-30.49370000,-479.26626000,-32.04338000
14.950000,6.39014025,-1.96414265,-19.20701152,-72.32370000,-300.75626000,-8.81338000
14.960000,6.39966272,-1.95151526,-19.10297328,-148.15370000,-42.67626000,67.94662000
14.970000,6.39401579,-1.94510197,-18.99120410,-242.20370000,133.51374000,183.70662000
14.980000,6.36510596,-1.92617078,-18.86205448,-302.01370000,272.33374000,261.40662000
14.990000,6.30826675,-1.88371517,-18.70907742,-275.00370000,258.76374000,248.12662000
15.000000,6.22564540,-1.82071516,-18.53406968,-183.32370000,27.88374000,125.11662000
15.010000,6.12411815,-1.75338775,-18.34771376,-118.64370000,-145.46626000,-42.88338000
15.020000,6.00835301,-1.69324718,-18.16269215,-152.96370000,-28.45626000,-91.17338000
15.030000,5.87608523,-1.63056145,-17.98244060,-239.59370000,300.15374000,35.97662000
15.040000,5.72134106,-1.53818507,-17.79746636,-270.96370000,611.74374000,209.67662000
15.050000,5.54213674,-1.39218353,-17.59365169,-200.94370000,617.33374000,299.83662000
15.060000,5.34448603,-1.19434459,-17.36410884,-69.06370000,223.05374000,221.32662000
15.070000,5.13871894,-0.97503749,-17.11530380,10.35630000,-208.74626000,29.54662000
15.080000,4.93113020,-0.77124799,-16.86112382,-28.57370000,-430.29626000,-63.87338000
15.090000,4.71981356,-0.60663408,-16.61099491,-106.38370000,-501.71626000,-62.29338000
15.100000,4.49827904,-0.48685201,-16.36722931,-171.43370000,-363.57626000,-64.52338000
15.110000,4.25950737,-0.40039879,-16.12750677,-244.29370000,-108.31626000,31.16662000
15.120000,3.99732232,-0.32700016,-15.88327780,-280.57370000,53.99374000,183.99662000
15.130000,3.70919112,-0.25069038,-15.62358714,-236.46370000,112.74374000,220.85662000
15.140000,3.39879828,-0.16494244,-15.34480105,-141.02370000,94.01374000,139.65662000
15.150000,3.07353779,-0.06981459,-15.05330202,-80.25370000,70.39374000,9.89662000
15.160000,2.73775092,0.03341241,-14.76018255,-123.58370000,85.13374000,-93.08338000
15.170000,2.38902515,0.14520207,-14.47487815,-194.19370000,97.81374000,-134.78338000
15.180000,2.02279199,0.26576388,-14.20211631,-192.38370000,66.09374000,-137.50338000
15.190000,1.63842169,0.39210910,-13.94221054,-150.58370000,-2.69626000,-102.90338000
15.200000,1.23889200,0.52057597,-13.69241108,-116.88370000,20.13374000,-59.39338000
15.210000,0.82729617,0.65238150,-13.44918244,-102.35370000,91.94374000,-39.59338000
15.220000,0.40477469,0.79273794,-13.21081360,-119.49370000,133.98374000,-54.26338000
15.230000,-0.02979518,0.94879428,-12.97874109,-144.65370000,264.05374000,-102.18338000
15.240000,-0.47791694,1.12975253,-12.75671488,-137.33370000,329.95374000,-141.67338000
15.250000,-0.93878284,1.33742768,-12.54862649,-94.50370000,140.68374000,-170.43338000
15.260000,-1.40886013,1.55693724,-12.35761967,-46.17370000,-141.97626000,-199.17338000
15.270000,-1.88421957,1.76329770,-12.18585966,-28.49370000,-386.72626000,-199.54338000
15.280000,-2.36335465,1.93386732,-12.03472421,-51.92370000,-520.23626000,-225.17338000
15.290000,-2.84766912,2.05782560,-11.90872308,-78.89370000,-441.28626000,-353.93338000
15.300000,-3.33853148,2.14055478,-11.81929451,-56.26370000,-250.38626000,-528.31338000
15.310000,-3.83398123,2.19788137,-11.78111550,3.86630000,-78.07626000,-637.87338000
15.320000,-4.32888162,2.24877036,-11.80421481,66.44630000,145.00374000,-645.52338000
15.330000,-4.81653916,2.31456651,-11.88918294,148.89630000,380.32374000,-544.28338000
15.340000,-5.28972959,2.41415382,-12.02648612,210.38630000,441.96374000,-357.76338000
15.350000,-5.74359316,2.55367278,-12.20096012,199.34630000,328.98374000,-225.47338000
15.360000,-6.17766162,2.72231764,-12.40159394,178.66630000,61.07374000,-236.13338000
15.370000,-6.59385348,2.89393342,-12.62633632,154.32630000,-336.32626000,-265.05338000
15.380000,-6.99536047,3.03554084,-12.87603451,96.01630000,-592.78626000,-230.44338000
15.390000,-7.38617311,3.12544868,-13.14969502,77.35630000,-550.11626000,-231.00338000
15.400000,-7.76736339,3.16667342,-13.44873084,130.10630000,-258.33626000,-321.01338000
15.410000,-8.13390081,3.18743231,-13.78029423,244.48630000,244.12374000,-426.52338000
15.420000,-8.47544087,3.23079161,-14.15213293,376.75630000,670.07374000,-435.40338000
15.430000,-8.78292258,3.33024582,-14.56359869,360.27630000,655.49374000,-286.20338000
15.440000,-9.05871418,3.48580268,-15.00138552,166.23630000,259.01374000,-43.48338000
15.450000,-9.31732167,3.66685745,-15.44517991,-9.44370000,-157.63626000,134.41662000
15.460000,-9.57403755,3.84017788,-15.88028986,-75.74370000,-257.14626000,123.57662000
15.470000,-9.83711032,3.99555296,-16.30661638,-97.40370000,-49.91626000,-28.68338000
15.480000,-10.10895448,4.14588744,-16.73534872,-84.36370000,151.32374000,-160.89338000
15.490000,-10.38771629,4.30783358,-17.17825536,-14.63370000,207.70374000,-214.95338000
15.500000,-10.66852249,4.48622213,-17.64072183,27.79630000,86.93374000,-190.04338000
15.510000,-10.94858033,4.66947334,-18.11983985,-15.08370000,-191.09626000,-69.47338000
15.520000,-11.23047506,4.83700494,-18.60628294,-75.16370000,-337.55626000,37.53662000
15.530000,-11.51962193,4.97653096,-19.09204084,-128.73370000,-258.04626000,23.35662000
15.540000,-11.82165520,5.09125213,-19.57659456,-186.88370000,-142.57626000,-34.53338000
15.550000,-12.14087786,5.19232746,-20.06357009,-189.13370000,-6.66626000,-49.61338000
15.560000,-12.47699141,5.29150469,-20.55472219,-114.54370000,75.95374000,-31.75338000
15.570000,-12.82449835,5.39407983,-21.04840810,-41.57370000,-13.35626000,13.31662000
15.580000,-13.17775293,5.49571362,-21.54068382,-36.27370000,-90.92626000,63.07662000
15.590000,-13.53602816,5.59193807,-22.02776011,-90.76370000,-25.19626000,70.05662000
15.600000,-13.90342502,5.68611743,-22.50865371,-151.12370000,55.48374000,45.66662000
15.610000,-14.28458353,5.78408819,-22.98505963,-161.51370000,61.85374000,19.66662000
15.620000,-14.68053543,5.88694035,-23.45912911,-121.64370000,12.03374000,10.00662000
15.630000,-15.08850147,5.98950068,-23.93145390,-79.82370000,-101.62626000,31.65662000
15.640000,-15.50537916,6.08207565,-24.40088901,-79.23370000,-212.22626000,43.81662000
15.650000,-15.93103598,6.15906179,-24.86692893,-116.93370000,-101.50626000,18.06662000
15.660000,-16.36766145,6.23161383,-25.33066067,-129.70370000,233.84374000,13.92662000
15.670000,-16.81567406,6.32533527,-25.79182597,-83.20370000,476.56374000,58.28662000
15.680000,-17.27192431,6.45915288,-26.24735858,-37.45370000,412.84374000,96.35662000
15.690000,-17.73316146,6.62861188,-26.69406576,-45.42370000,119.37374000,103.56662000
15.700000,-18.19947249,6.80967730,-27.13088126,-78.71370000,-191.36626000,93.72662000
15.710000,-18.67348892,6.97525736,-27.55895606,-109.42370000,-360.08626000,60.15662000
15.720000,-19.15798624,7.10871834,-27.98126793,-125.73370000,-377.25626000,18.02662000
15.730000,-19.65376820,7.20606297,-28.40054512,-94.55370000,-334.08626000,26.72662000
15.740000,-20.15823730,7.27118026,-28.81582536,-36.70370000,-247.69626000,89.94662000
15.750000,-20.66658480,7.31373770,-29.22228418,8.76630000,-76.94626000,147.78662000
15.760000,-21.17402894,7.34852405,-29.61439030,51.24630000,86.71374000,190.13662000
15.770000,-21.67681396,7.38990855,-29.98786474,71.04630000,163.41374000,218.75662000
15.780000,-22.17341888,7.44548721,-30.34097800,49.80630000,150.19374000,188.34662000
15.790000,-22.66531895,7.51302577,-30.67665982,13.47630000,10.56374000,103.35662000
15.800000,-23.15534415,7.58136424,-31.00151770,-5.82370000,-143.35626000,39.44662000
15.810000,-23.64458625,7.63801237,-31.32074590,25.43630000,-195.49626000,44.48662000
15.820000,-24.13063848,7.67584640,-31.63471216,78.48630000,-222.24626000,83.60662000
15.830000,-24.60935411,7.69346759,-31.94058523,106.99630000,-172.55626000,113.57662000
15.840000,-25.07650813,7.69775769,-32.23452937,165.92630000,30.08374000,167.94662000
15.850000,-25.52563105,7.70487444,-32.51084307,278.33630000,221.42374000,257.29662000
15.860000,-25.94779060,7.73041784,-32.76242859,351.87630000,260.10374000,308.13662000
15.870000,-26.33707830,7.77822015,-32.98539767,328.72630000,144.69374000,272.63662000
15.880000,-26.69461714,7.84002837,-33.18268207,256.56630000,6.71374000,175.52662000
15.890000,-27.02474662,7.90614674,-33.36168427,250.45630000,10.25374000,109.14662000
15.900000,-27.32765274,7.97386777,-33.52753580,327.39630000,32.85374000,133.75662000
15.910000,-27.59920576,8.04182996,-33.67974413,344.81630000,-70.34626000,170.61662000
15.920000,-27.83790216,8.10323605,-33.81608779,293.17630000,-158.43626000,161.14662000
15.930000,-28.04570696,8.15110929,-33.93665025,300.43630000,-158.12626000,139.88662000
15.940000,-28.22264790,8.18369369,-34.04355078,336.44630000,-140.89626000,107.10662000
15.950000,-28.36698873,8.20295925,-34.13996737,326.61630000,-96.86626000,66.80662000
15.960000,-28.47868596,8.21437396,-34.22911503,312.00630000,16.56374000,51.58662000
15.970000,-28.55866782,8.22852583,-34.31275425,313.92630000,169.19374000,51.90662000
15.980000,-28.60770783,8.25912861,-34.39131879,293.75630000,299.05374000,49.13662000
15.990000,-28.62780048,8.31881679,-34.46503539,252.39630000,392.08374000,45.28662000
16.000000,-28.62240352,8.41467563,-34.53414180,216.97630000,359.57374000,46.24662000
16.010000,-28.59603045,8.54006237,-34.59880353,148.63630000,65.85374000,41.55662000
16.020000,-28.55585478,8.66972927,-34.66002782,33.79630000,-324.10626000,9.68662000
16.030000,-28.51104050,8.77241032,-34.72048517,-34.74370000,-501.10626000,-28.70338000
16.040000,-28.46774185,8.83049753,-34.78317934,-28.99370000,-461.46626000,-40.20338000
16.050000,-28.42693460,8.84511064,-34.84938583,-10.98370000,-318.95626000,-29.83338000
16.060000,-28.38697675,8.83144442,-34.91805162,12.92630000,-35.82626000,3.04662000
16.070000,-28.34528928,8.81645709,-34.98610623,50.25630000,333.73374000,49.73662000
16.080000,-28.29851746,8.83076392,-35.04988341,85.87630000,536.09374000,70.12662000
16.090000,-28.24353328,8.89030816,-35.10761790,102.42630000,399.54374000,53.26662000
16.100000,-28.18010024,8.98626556,-35.16102245,43.16630000,117.31374000,-1.91338000
16.110000,-28.11337634,9.09888836,-35.21500607,-61.18370000,28.41374000,-71.05338000
16.120000,-28.05087658,9.21748356,-35.27438525,-93.82370000,60.72374000,-70.25338000
16.130000,-27.99642122,9.33912917,-35.33943425,-77.00370000,-31.87626000,-13.68338000
16.140000,-27.94971749,9.45690194,-35.40686006,-66.29370000,-155.91626000,4.09662000
16.150000,-27.90896466,9.56175062,-35.47432968,-32.50370000,-177.28626000,5.28662000
16.160000,-27.87156822,9.65017744,-35.54082537,-7.01370000,-150.41626000,25.83662000
16.170000,-27.83590743,9.72357343,-35.60540587,-26.95370000,-127.14626000,21.19662000
16.180000,-27.80305827,9.78438682,-35.66840294,-55.60370000,-102.62626000,-3.34338000
16.190000,-27.77548401,9.83531387,-35.73125907,-76.89370000,-67.08626000,-7.32338000
16.200000,-27.75542314,9.87936932,-35.79444301,-95.20370000,-42.09626000,6.42662000
16.210000,-27.74443741,9.91909443,-35.85698577,-99.76370000,-25.96626000,21.66662000
16.220000,-27.74306957,9.95661794,-35.91757409,-94.04370000,1.93374000,29.96662000
16.230000,-27.75111437,9.99270061,-35.97522048,-92.71370000,-39.56626000,37.62662000
16.240000,-27.76830032,10.02118443,-36.02906143,-90.23370000,-230.78626000,48.54662000
16.250000,-27.79396741,10.02572666,-36.07866644,-70.12370000,-460.55626000,36.26662000
16.260000,-27.82647488,9.98788430,-36.12538627,-47.19370000,-547.51626000,-4.12338000
16.270000,-27.86444826,9.90034284,-36.17205491,-58.18370000,-436.40626000,-24.42338000
16.280000,-27.90881652,9.77286479,-36.21964787,-96.29370000,-181.16626000,17.54662000
16.290000,-27.96234467,9.62908415,-36.26408114,-119.68370000,142.60374000,117.26662000
16.300000,-28.02690072,9.49943166,-36.29678497,-109.51370000,457.05374000,218.64662000
16.310000,-28.10107216,9.41082857,-36.30948412,-49.96370000,581.23374000,247.17662000
16.320000,-28.17947574,9.37129489,-36.30011433,36.09630000,339.22374000,171.30662000
16.330000,-28.25620821,9.36222437,-36.27550536,40.55630000,-45.18626000,21.32662000
16.340000,-28.33096183,9.35444650,-36.24802595,-42.11370000,-201.17626000,-97.59338000
16.350000,-28.40857783,9.33106429,-36.22699035,-74.88370000,-180.66626000,-82.34338000
16.360000,-28.49208523,9.29089249,-36.21180532,-47.83370000,-113.10626000,29.80662000
16.370000,-28.58041852,9.24204484,-36.19325085,-26.54370000,55.81374000,159.05662000
16.380000,-28.67047945,9.19791859,-36.15918470,27.75630000,186.30374000,274.09662000
16.390000,-28.75751678,9.16751025,-36.10019686,87.91630000,116.26374000,291.16662000
16.400000,-28.83783699,9.14629732,-36.01562609,61.03630000,-55.04626000,168.43662000
16.410000,-28.91309385,9.12007354,-35.91466887,-11.51370000,-210.63626000,28.96662000
16.420000,-28.98823860,9.07357792,-35.80819348,-37.58370000,-338.58626000,-4.09338000
16.430000,-29.06586174,8.99459271,-35.70028239,-16.51370000,-415.80626000,38.19662000
16.440000,-29.14479002,8.87740390,-35.58828612,14.34630000,-361.97626000,92.65662000
16.450000,-29.22176995,8.72784950,-35.46566942,61.69630000,-158.89626000,202.85662000
16.460000,-29.29185077,8.56330900,-35.32128753,134.16630000,76.29374000,373.78662000
16.470000,-29.34879198,8.40408291,-35.14099995,191.49630000,214.85374000,487.34662000
16.480000,-29.38783558,8.26316872,-34.91562994,194.68630000,222.44374000,456.36662000
16.490000,-29.40847057,8.14274669,-34.64746674,151.41630000,155.91374000,313.19662000
16.500000,-29.41363145,8.03753806,-34.34721760,117.38630000,70.23374000,202.22662000
16.510000,-29.40561598,7.93925510,-34.02340928,136.80630000,-23.38626000,226.26662000
16.520000,-29.38318340,7.83886003,-33.67536928,181.62630000,-111.97626000,316.05662000
16.530000,-29.34285921,7.72762613,-33.29597308,211.54630000,-190.24626000,397.41662000
16.540000,-29.28153816,7.59842962,-32.87700445,231.09630000,-230.06626000,473.55662000
16.550000,-29.19674600,7.44833703,-32.41126264,261.04630000,-189.49626000,527.94662000
16.560000,-29.08535824,7.28054059,-31.89375789,306.57630000,-103.12626000,542.61662000
16.570000,-28.94344486,7.10214580,-31.32334070,342.76630000,-32.21626000,504.86662000
16.580000,-28.76807538,6.92001393,-30.70409133,342.07630000,14.04374000,402.48662000
16.590000,-28.55907029,6.73896195,-30.04499327,314.44630000,43.29374000,285.65662000
16.600000,-28.31844985,6.56226489,-29.35635427,289.58630000,69.53374000,209.38662000
16.610000,-28.04828304,6.39356598,-28.64600734,284.17630000,133.53374000,165.43662000
16.620000,-27.74923463,6.23891872,-27.91846773,293.26630000,221.43374000,148.99662000
16.630000,-27.42094261,6.10483737,-27.17541042,294.97630000,242.20374000,158.82662000
16.640000,-27.06370098,5.99254243,-26.41674444,270.70630000,161.58374000,159.24662000
16.650000,-26.67983174,5.89509014,-25.64264226,224.65630000,24.30374000,141.67662000
16.660000,-26.27330664,5.80023051,-24.85428415,182.15630000,-110.51626000,129.18662000
16.670000,-25.84771744,5.69672078,-24.05289635,169.53630000,-153.30626000,122.68662000
16.680000,-25.40387438,5.58216471,-23.23896637,204.86630000,-28.75626000,128.67662000
16.690000,-24.93837370,5.46756980,-22.41140545,282.97630000,205.23374000,166.74662000
16.700000,-24.44507943,5.37229529,-21.56742160,336.86630000,387.07374000,196.29662000
16.710000,-23.92027329,5.31150968,-20.70584256,299.70630000,396.14374000,146.01662000
16.720000,-23.36691479,5.28544274,-19.83099908,201.75630000,205.35374000,43.79662000
16.730000,-22.79298319,5.27829969,-18.95100967,115.64630000,-53.92626000,-26.22338000
16.740000,-22.20569848,5.26955806,-18.07236157,97.01630000,-165.47626000,-43.45338000
16.750000,-21.60697341,5.24820208,-17.19705704,143.87630000,-123.72626000,-19.06338000
16.760000,-20.99383573,5.21647375,-16.32311032,187.67630000,-5.99626000,28.81662000
16.770000,-20.36213370,5.18622083,-15.44634891,219.28630000,190.70374000,75.56662000
16.780000,-19.70895255,5.17264407,-14.56271132,228.85630000,287.60374000,96.64662000
16.790000,-19.03505105,5.18180196,-13.67113754,147.75630000,139.44374000,50.13662000
16.800000,-18.34686144,5.20264176,-12.77546182,43.09630000,-103.24626000,-31.29338000
16.810000,-17.65244597,5.21463822,-11.88160842,11.02630000,-290.71626000,-58.89338000
16.820000,-16.95619515,5.20145633,-10.99281459,4.20630000,-326.48626000,-51.75338000
16.830000,-16.25902946,5.16068734,-10.10929582,13.09630000,-163.82626000,-47.05338000
16.840000,-15.55902917,5.10520277,-9.22942236,78.92630000,61.48374000,1.59662000
16.850000,-14.85113827,5.05218659,-8.34886246,140.61630000,135.56374000,72.86662000
16.860000,-14.13132401,5.00634008,-7.46306438,112.71630000,-49.85626000,63.74662000
16.870000,-13.40161014,4.95380072,-6.57290062,25.87630000,-307.59626000,-24.18338000
16.880000,-12.66813442,4.87553576,-5.68417167,-18.05370000,-368.00626000,-71.22338000
16.890000,-11.93496134,4.76524671,-4.80080028,-5.93370000,-241.38626000,-46.12338000
16.900000,-11.20226789,4.63429307,-3.92229596,6.67630000,20.16374000,-29.66338000
16.910000,-10.46850334,4.50751258,-3.04682520,31.36630000,363.95374000,-14.34338000
16.920000,-9.73137419,4.41176625,-2.17215075,61.11630000,489.26374000,28.04662000
16.930000,-8.98943142,4.35647307,-1.29596587,34.88630000,271.61374000,20.21662000
16.940000,-8.24444030,4.32802780,-0.41903455,-13.01370000,37.39374000,-37.07338000
16.950000,-7.49988531,4.30809569,0.45505445,-30.36370000,-9.90626000,-58.21338000
16.960000,-6.75840147,4.28867448,1.32387489,-53.16370000,-1.17626000,-55.69338000
16.970000,-6.02215678,4.26848518,2.18692677,-76.93370000,-22.49626000,-59.59338000
16.980000,-5.29233897,4.24483678,3.04474983,-54.10370000,-96.22626000,-32.72338000
16.990000,-4.56730455,4.21044904,3.89963083,-10.25370000,-218.65626000,8.90662000
17.000000,-3.84359778,4.15612045,4.75428901,17.44630000,-268.12626000,7.54662000
17.010000,-3.11831115,4.07803227,5.60916838,34.49630000,-199.50626000,-13.60338000
17.020000,-2.38973016,3.98175175,6.46308644,41.27630000,-64.58626000,-17.24338000
17.030000,-1.65727356,3.88010013,7.31535693,33.91630000,109.80374000,-16.26338000
17.040000,-0.92259411,3.78775517,8.16623910,-24.25370000,213.21374000,-4.21338000
17.050000,-0.19303280,3.71243011,9.01696247,-194.19370000,140.53374000,19.88662000
17.060000,0.51493488,3.64857921,9.86869152,-455.16370000,-39.34626000,6.21662000
17.070000,1.17765141,3.58079621,10.71907500,-709.58370000,-223.15626000,-84.59338000
17.080000,1.77136479,3.49211387,11.55925967,-889.85370000,-354.34626000,-243.43338000
17.090000,2.27800629,3.37160219,12.37436253,-997.64370000,-345.35626000,-430.26338000
17.100000,2.68702889,3.22034241,13.14728607,-1023.67370000,-188.89626000,-581.66338000
17.110000,2.99732136,3.05070054,13.86444355,-908.27370000,-16.16626000,-635.50338000
17.120000,3.21976768,2.87807157,14.52036697,-677.68370000,97.71374000,-595.14338000
17.130000,3.37384211,2.71326201,15.11746157,-475.29370000,129.48374000,-525.81338000
17.140000,3.47784764,2.55837111,15.66166786,-378.54370000,36.03374000,-467.21338000
17.150000,3.54230654,2.40587211,16.15846633,-353.54370000,-109.90626000,-434.52338000
17.160000,3.57047804,2.24460552,16.61015674,-369.92370000,-170.95626000,-466.51338000
17.170000,3.56113540,2.06973983,17.01365683,-411.23370000,-96.17626000,-558.51338000
17.180000,3.51138287,1.88777580,17.36175911,-428.06370000,75.34374000,-630.82338000
17.190000,3.42070645,1.71273917,17.64854483,-373.65370000,218.55374000,-630.95338000
17.200000,3.29447438,1.55639370,17.87381498,-250.91370000,231.16374000,-566.34338000
17.210000,3.14391593,1.42060464,18.04351132,-101.63370000,137.34374000,-457.76338000
17.220000,2.98243783,1.29727973,18.16747235,13.33630000,-11.31626000,-345.99338000
17.230000,2.82026084,1.17325598,18.25559456,42.94630000,-146.69626000,-282.25338000
17.240000,2.66065321,1.03742213,18.31413020,-0.51370000,-171.72626000,-271.41338000
17.250000,2.50084468,0.88722894,18.34533779,-54.01370000,-88.25626000,-266.49338000
17.260000,2.33641177,0.72934115,18.35039056,-80.49370000,36.42374000,-240.24338000
17.270000,2.16475571,0.57504252,18.33155776,-77.98370000,154.94374000,-206.89338000
17.280000,1.98596826,0.43479430,18.29231465,-52.85370000,211.67374000,-160.83338000
17.290000,1.80197692,0.31314148,18.23754998,-28.52370000,161.49374000,-90.75338000
17.300000,1.61462069,0.20656832,18.17353524,-28.75370000,64.49374000,-26.11338000
17.310000,1.42411031,0.10953606,18.10584869,-44.19370000,87.12374000,-2.34338000
17.320000,1.22951580,0.02474596,18.03686782,-50.28370000,246.91374000,-19.42338000
17.330000,1.03020314,-0.03652673,17.96540814,-48.02370000,355.71374000,-56.41338000
17.340000,0.82608059,-0.06506502,17.88816415,-50.12370000,347.00374000,-97.57338000
17.350000,0.61727315,-0.05943916,17.80184359,-43.18370000,312.81374000,-109.95338000
17.360000,0.40478481,-0.02290163,17.70585372,-14.80370000,259.80374000,-67.74338000
17.370000,0.19076059,0.03842104,17.60306253,7.29630000,154.95374000,-25.06338000
17.380000,-0.02302628,0.11533613,17.49649629,5.64630000,49.95374000,-31.58338000
17.390000,-0.23622404,0.19790712,17.38668397,0.91630000,-32.65626000,-40.06338000
17.400000,-0.44923544,0.27824751,17.27348859,-4.08370000,-77.89626000,-22.06338000
17.410000,-0.66235824,0.35301931,17.15798415,-1.26370000,-38.32626000,-6.62338000
17.420000,-0.87489717,0.42450552,17.04163215,25.90630000,19.09374000,2.95662000
17.430000,-1.08490725,0.49714813,16.92522508,46.54630000,42.36374000,0.05662000
17.440000,-1.29064097,0.57386465,16.80850594,47.99630000,55.10374000,-14.00338000
17.450000,-1.49157083,0.65504158,16.69070624,45.55630000,21.81374000,-13.72338000
17.460000,-1.68807483,0.73823116,16.57139248,33.86630000,-22.25626000,-17.56338000
17.470000,-1.88088698,0.82024514,16.44984891,30.32630000,-28.35626000,-38.79338000
17.480000,-2.07018276,0.89885253,16.32451302,42.07630000,-61.32626000,-54.99338000
17.490000,-2.25546294,0.97123333,16.19377506,42.08630000,-102.08626000,-65.75338000
17.500000,-2.43643801,1.03505829,16.05657804,41.89630000,-80.76626000,-70.31338000
17.510000,-2.61269072,1.09105139,15.91257746,58.95630000,-53.68626000,-64.21338000
17.520000,-2.78322208,1.14024616,15.76196082,64.98630000,-87.82626000,-64.35338000
17.530000,-2.94786407,1.17979508,15.60477186,42.58630000,-160.52626000,-68.42338000
17.540000,-3.10825596,1.20418316,15.44090533,15.78630000,-201.58626000,-64.35338000
17.550000,-3.26612724,1.21049714,15.27026874,22.60630000,-163.29626000,-72.12338000
17.560000,-3.42084716,1.20137703,15.09205309,60.99630000,-93.21626000,-93.01338000
17.570000,-3.56984772,1.18254657,14.90495337,80.11630000,-42.71626000,-95.66338000
17.580000,-3.71152268,1.15954427,14.70875134,67.73630000,7.74374000,-78.20338000
17.590000,-3.84642378,1.13786662,14.50461700,51.30630000,76.18374000,-63.67338000
17.600000,-3.97592426,1.12441814,14.29356009,41.61630000,165.02374000,-69.80338000
17.610000,-4.10085589,1.12648255,14.07505887,44.15630000,210.25374000,-92.94338000
17.620000,-4.22148317,1.14684113,13.84757633,38.18630000,142.20374000,-102.01338000
17.630000,-4.33860508,1.18074185,13.61048248,15.62630000,42.99374000,-85.93338000
17.640000,-4.45341789,1.22019599,13.36473857,18.86630000,-10.08626000,-70.57338000
17.650000,-4.56575909,1.25973178,13.11118859,41.44630000,-23.58626000,-83.61338000
17.660000,-4.67406718,1.29860422,12.84867630,55.50630000,26.69374000,-119.14338000
17.670000,-4.77651591,1.34124958,12.57485094,77.85630000,117.08374000,-129.07338000
17.680000,-4.87117803,1.39496683,12.28906977,96.18630000,177.98374000,-99.39338000
17.690000,-4.95673555,1.46487150,11.99325603,89.89630000,170.41374000,-71.89338000
17.700000,-5.03354745,1.54965256,11.68975298,69.78630000,72.21374000,-62.84338000
17.710000,-5.10349350,1.64120629,11.37970937,41.10630000,-47.96626000,-62.49338000
17.720000,-5.16874719,1.72988867,11.06333894,31.63630000,-95.16626000,-63.69338000
17.730000,-5.22985353,1.81014421,10.74074520,57.45630000,-102.80626000,-57.50338000
17.740000,-5.28515950,1.88056990,10.41234340,81.40630000,-96.44626000,-52.07338000
17.750000,-5.33238437,1.94248300,10.07869303,98.91630000,-48.83626000,-46.74338000
17.760000,-5.36970013,1.99930925,9.74072335,113.06630000,-13.38626000,-25.66338000
17.770000,-5.39628478,2.05400966,9.40008410,100.13630000,-13.45626000,-7.16338000
17.780000,-5.41289707,2.10717297,9.05827779,81.49630000,-25.21626000,-5.14338000
17.790000,-5.42103100,2.15719219,8.71581641,71.94630000,-65.90626000,-7.20338000
17.800000,-5.42198033,2.20113857,8.37245847,57.93630000,-89.91626000,-14.76338000
17.810000,-5.41670605,2.23773360,8.02775547,57.06630000,-52.34626000,-15.52338000
17.820000,-5.40519491,2.26939104,7.68196790,73.34630000,-6.92626000,3.97662000
17.830000,-5.38637991,2.29972338,7.33653627,84.33630000,9.16374000,23.35662000
17.840000,-5.35940155,2.33033413,6.99324983,80.45630000,-4.29626000,36.66662000
17.850000,-5.32457009,2.36008554,6.65363032,64.81630000,-38.97626000,51.53662000
17.860000,-5.28307551,2.38631260,6.31887449,52.37630000,-62.75626000,56.35662000
17.870000,-5.23591258,2.40687032,5.98946686,53.10630000,-66.31626000,51.22662000
17.880000,-5.18314279,2.42093394,5.66527916,61.62630000,-68.40626000,51.53662000
17.890000,-5.12408665,2.42797247,5.34644614,71.03630000,-81.90626000,61.43662000
17.900000,-5.05796539,2.42682865,5.03392656,74.84630000,-99.10626000,79.67662000
17.910000,-4.98433878,2.41658749,4.72942267,75.42630000,-87.80626000,101.38662000
17.920000,-4.90294756,2.39784374,4.43488671,80.82630000,-69.41626000,117.81662000
17.930000,-4.81352123,2.37111339,4.15179769,80.26630000,-96.85626000,122.40662000
17.940000,-4.71626104,2.33484370,3.88051335,67.93630000,-122.47626000,111.10662000
17.950000,-4.61175849,2.28828866,3.62019445,69.49630000,-73.63626000,95.54662000
17.960000,-4.49951359,2.23607028,3.36975324,98.70630000,39.18374000,94.45662000
17.970000,-4.37717982,2.18728731,3.12906396,132.58630000,128.65374000,107.16662000
17.980000,-4.24209345,2.14761824,2.89905287,142.16630000,64.03374000,119.88662000
17.990000,-4.09361222,2.11015382,2.68047671,114.81630000,-172.56626000,112.00662000
18.000000,-3.93416539,2.05533382,2.47226975,62.76630000,-417.15626000,72.41662000
18.010000,-3.76770394,1.96296846,2.27136371,36.17630000,-498.96626000,36.74662000
18.020000,-3.59575339,1.82626027,2.07524761,80.38630000,-362.65626000,47.23662000
18.030000,-3.41444498,1.65785248,1.88486220,173.30630000,-47.73626000,99.55662000
18.040000,-3.21583096,1.48582834,1.70505323,261.16630000,309.44374000,178.25662000
18.050000,-2.99231733,1.34073436,1.54270419,296.28630000,502.02374000,243.87662000
18.060000,-2.74156835,1.23817279,1.40258333,231.61630000,383.77374000,224.66662000
18.070000,-2.46983950,1.16865612,1.28268866,75.61630000,48.19374000,117.38662000
18.080000,-2.18960430,1.10635786,1.17434293,-46.65370000,-195.45626000,4.06662000
18.090000,-1.91027499,1.03023726,1.06828539,-22.60370000,-214.20626000,-32.44338000
18.100000,-1.63142532,0.93505006,0.96118478,68.61630000,-142.82626000,20.64662000
18.110000,-1.34645479,0.82657026,0.85699835,126.14630000,-35.87626000,109.26662000
18.120000,-1.04893491,0.71490587,0.76347511,177.00630000,83.16374000,188.89662000
18.130000,-0.73448292,0.60918964,0.68773706,193.06630000,103.44374000,225.89662000
18.140000,-0.40269332,0.51173156,0.63267344,126.30630000,36.24374000,187.83662000
18.150000,-0.05860086,0.41731439,0.59517151,42.37630000,-58.32626000,102.44662000
18.160000,0.29073271,0.31690363,0.56829452,-5.47370000,-163.36626000,33.81662000
18.170000,0.64064388,0.20204877,0.54614796,-12.38370000,-196.73626000,20.68662000
18.180000,0.99035942,0.06927781,0.52739134,18.35630000,-163.83626000,61.95662000
18.190000,1.34195906,-0.07977948,0.51499065,46.97630000,-131.07626000,111.18662000
18.200000,1.69791106,-0.24055238,0.51303415,57.72630000,-46.66626000,134.98662000
18.210000,2.05969717,-0.40500211,0.52435259,66.87630000,73.30374000,151.38662000
18.220000,2.42786113,-0.56311544,0.55051296,59.57630000,149.48374000,157.46662000
18.230000,2.80158071,-0.70678612,0.59162352,32.13630000,201.40374000,133.23662000
18.240000,3.17860864,-0.83040314,0.64575176,4.42630000,245.82374000,98.31662000
18.250000,3.55635568,-0.93003700,0.70999944,-16.28370000,262.24374000,76.45662000
18.260000,3.93292933,-1.00481171,0.78225481,-22.85370000,220.02374000,70.62662000
18.270000,4.30763159,-1.05961526,0.86162761,-16.92370000,92.52374000,68.53662000
18.280000,4.68077020,-1.10596666,0.94762234,-9.90370000,-71.01626000,58.72662000
18.290000,5.05300367,-1.15790690,1.03973177,-3.53370000,-178.07626000,60.14662000
18.300000,5.42488275,-1.22561023,1.13855388,-1.26370000,-207.38626000,91.03662000
18.310000,5.79647794,-1.31290991,1.24682842,-9.35370000,-195.03626000,137.42662000
18.320000,6.16708699,-1.41853968,1.36889915,-23.53370000,-139.77626000,187.50662000
18.330000,6.53540265,-1.53735480,1.50977857,-39.37370000,-56.85626000,241.45662000
18.340000,6.89971541,-1.66232651,1.67430842,-61.89370000,3.19374000,277.14662000
18.350000,7.25788078,-1.78757132,1.86539946,-86.79370000,35.51374000,268.24662000
18.360000,7.60777351,-1.91031897,2.08227744,-99.48370000,21.63374000,219.38662000
18.370000,7.94822135,-2.03241271,2.32057285,-96.09370000,-56.65626000,151.22662000
18.380000,8.27940130,-2.16008255,2.57452895,-83.10370000,-135.39626000,106.13662000
18.390000,8.60226360,-2.29987098,2.84064073,-74.46370000,-161.32626000,124.27662000
18.400000,8.91742326,-2.45405801,3.11982670,-80.13370000,-121.92626000,169.82662000
18.410000,9.22469428,-2.61858088,3.41532610,-84.87370000,-12.28626000,190.15662000
18.420000,9.52399341,-2.78460484,3.72930944,-73.05370000,82.42374000,190.76662000
18.430000,9.81616815,-2.94475990,4.06141997,-58.05370000,78.16374000,154.94662000
18.440000,10.10244774,-3.09784556,4.40781368,-50.70370000,39.99374000,72.21662000
18.450000,10.38372845,-3.24624655,4.76202608,-44.55370000,25.20374000,14.91662000
18.460000,10.66052201,-3.39187165,5.11891542,-43.73370000,16.60374000,6.57662000
18.470000,10.93284243,-3.53529458,5.47655194,-50.96370000,25.64374000,3.36662000
18.480000,11.20027896,-3.67612111,5.83483564,-53.75370000,31.93374000,14.12662000
18.490000,11.46260434,-3.81485049,6.19491554,-50.03370000,-9.65626000,41.77662000
18.500000,11.71997809,-3.95495271,6.55856262,-48.30370000,-71.56626000,46.55662000
18.510000,11.97249669,-4.10133327,6.92632288,-51.62370000,-102.37626000,31.18662000
18.520000,12.21973740,-4.25675843,7.29746733,-63.62370000,-89.49626000,27.98662000
18.530000,12.46039097,-4.42039118,7.67178472,-88.67370000,-50.96626000,41.30662000
18.540000,12.69211989,-4.58907527,8.05032204,-120.07370000,-14.65626000,59.74662000
18.550000,12.91207968,-4.75896971,8.43462305,-146.00370000,27.83374000,71.29662000
18.560000,13.11771532,-4.92528150,8.82575799,-164.94370000,98.26374000,72.56662000
18.570000,13.30697032,-5.08199713,9.22397262,-183.39370000,155.45374000,68.30662000
18.580000,13.47785793,-5.22439710,9.62852894,-207.02370000,159.42374000,46.03662000
18.590000,13.62805090,-5.35173717,10.03714719,-234.40370000,124.06374000,3.64662000
18.600000,13.75502247,-5.46681058,10.44626613,-257.08370000,79.08374000,-31.75338000
18.610000,13.85660316,-5.57317283,10.85263525,-271.12370000,62.18374000,-48.58338000
18.620000,13.93132995,-5.67283968,11.25429006,-278.88370000,60.33374000,-58.10338000
18.630000,13.97835185,-5.76666838,11.64991731,-283.36370000,46.64374000,-74.76338000
18.640000,13.99727011,-5.85584416,12.03794449,-282.59370000,28.46374000,-94.82338000
18.650000,13.98843647,-5.94312730,12.41676861,-265.58370000,-31.89626000,-102.16338000
18.660000,13.95343445,-6.03401752,12.78540891,-237.03370000,-112.98626000,-106.65338000
18.670000,13.89430528,-6.13443909,13.14324090,-229.49370000,-127.41626000,-115.31338000
18.680000,13.81140822,-6.24614501,13.48951808,-258.75370000,-87.58626000,-123.36338000
18.690000,13.70223177,-6.36579527,13.82285144,-308.23370000,-19.21626000,-154.16338000
18.700000,13.56239192,-6.48660937,14.13988874,-355.37370000,75.43374000,-218.60338000
18.710000,13.38782694,-6.60036557,14.43479172,-374.08370000,146.63374000,-292.45338000
18.720000,13.17704906,-6.70063611,14.70079164,-349.03370000,166.69374000,-351.06338000
18.730000,12.93209529,-6.78496999,14.93255775,-298.94370000,153.41374000,-373.22338000
18.740000,12.65702138,-6.85439848,15.12797204,-261.94370000,118.66374000,-355.01338000
18.750000,12.35492508,-6.91209755,15.28818852,-262.12370000,74.40374000,-323.11338000
18.760000,12.02618464,-6.96101022,15.41566093,-283.63370000,79.95374000,-306.97338000
18.770000,11.66969430,-7.00043998,15.51214578,-284.66370000,140.97374000,-300.89338000
18.780000,11.28577707,-7.02715634,15.57913182,-248.17370000,142.60374000,-269.64338000
18.790000,10.87754995,-7.04165004,15.61995729,-195.44370000,58.69374000,-204.69338000
18.800000,10.44967319,-7.05033283,15.64064120,-150.98370000,-31.58626000,-125.08338000
18.810000,10.00619654,-7.06153372,15.64871204,-130.64370000,-100.27626000,-48.11338000
18.820000,9.54902974,-7.08085071,15.65101982,-139.39370000,-96.53626000,-7.66338000
18.830000,9.07780830,-7.10676554,15.65137704,-156.81370000,25.40374000,-13.03338000
18.840000,8.59142797,-7.12964146,15.65020119,-157.39370000,163.25374000,-26.04338000
18.850000,8.09007425,-7.13930798,15.64641578,-131.39370000,172.43374000,-37.71338000
18.860000,7.57615114,-7.13478209,15.63882780,-86.65370000,55.54374000,-49.08338000
18.870000,7.05344613,-7.12369504,15.62710501,-50.63370000,-25.10626000,-27.96338000
18.880000,6.52507049,-7.11114084,15.61324240,-42.96370000,49.32374000,20.96662000
18.890000,5.99205095,-7.09150473,15.60087124,-53.25370000,205.70374000,47.23662000
18.900000,5.45389552,-7.05259322,15.59212825,-60.02370000,306.25374000,31.23662000
18.910000,4.91027970,-6.98596130,15.58619021,-49.17370000,286.57374000,4.03662000
18.920000,4.36235798,-6.89268898,15.58125910,-17.92370000,182.18374000,2.51662000
18.930000,3.81279263,-6.78060675,15.57715717,15.21630000,97.42374000,25.64662000
18.940000,3.26420788,-6.65691337,15.57529093,22.65630000,83.38374000,37.16662000
18.950000,2.71749599,-6.52425682,15.57647863,10.32630000,90.30374000,23.72662000
18.960000,2.17210571,-6.38320188,15.58017051,5.49630000,67.91374000,17.09662000
18.970000,1.62768203,-6.23561552,15.58598233,13.28630000,31.09374000,28.42662000
18.980000,1.08482272,-6.08444377,15.59452759,26.44630000,9.28374000,36.93662000
18.990000,0.54459476,-5.93205885,15.60648403,35.01630000,-5.16626000,35.69662000
19.000000,0.00757416,-5.78020778,15.62177690,27.75630000,-24.33626000,26.67662000
19.010000,-0.52671733,-5.63086481,15.63977597,14.57630000,-50.51626000,20.74662000
19.020000,-1.05918646,-5.48694217,15.66012947,11.92630000,-95.47626000,27.55662000
19.030000,-1.59019449,-5.35222764,15.68319115,15.95630000,-130.88626000,34.01662000
19.040000,-2.11948340,-5.22876719,15.70963402,20.86630000,-96.94626000,41.20662000
19.050000,-2.64641221,-5.11342409,15.74053208,32.65630000,-3.94626000,63.32662000
19.060000,-3.16981866,-4.99883109,15.77768082,50.65630000,70.80374000,83.71662000
19.070000,-3.68828975,-4.87898318,15.82260100,59.38630000,68.50374000,81.64662000
19.080000,-4.20118974,-4.75384236,15.87531486,49.35630000,-0.12626000,66.28662000
19.090000,-4.70926786,-4.62870114,15.93473517,30.71630000,-72.26626000,55.58662000
19.100000,-5.21403288,-4.50962626,15.99992115,17.67630000,-102.02626000,54.71662000
19.110000,-5.71661329,-4.39943848,16.07066757,17.25630000,-83.19626000,58.94662000
19.120000,-6.21701534,-4.29656954,16.14748018,30.88630000,-28.36626000,71.58662000
19.130000,-6.71403304,-4.19671219,16.23172073,52.28630000,15.43374000,96.54662000
19.140000,-7.20592237,-4.09666844,16.32526996,65.61630000,0.92374000,109.21662000
19.150000,-7.69158910,-3.99695054,16.42895537,61.32630000,-34.34626000,92.01662000
19.160000,-8.17121747,-3.90002422,16.54174098,49.20630000,-47.92626000,72.30662000
19.170000,-8.64575648,-3.80747776,16.66205377,39.77630000,-49.02626000,66.00662000
19.180000,-9.11586738,-3.71827388,16.78912499,44.30630000,8.24374000,67.56662000
19.190000,-9.58083167,-3.62673135,16.92342565,73.41630000,122.05374000,89.58662000
19.200000,-10.03848186,-3.52475767,17.06653575,97.36630000,160.86374000,107.18662000
19.210000,-10.48731369,-3.40924657,17.21901153,80.52630000,93.68374000,72.21662000
19.220000,-10.92845316,-3.28493433,17.37828350,45.21630000,-0.21626000,21.77662000
19.230000,-11.36470877,-3.16079792,17.54055665,20.33630000,-104.31626000,5.82662000
19.240000,-11.79866602,-3.04642812,17.70345949,1.98630000,-185.84626000,-6.69338000
19.250000,-12.23198667,-2.94870540,17.86553952,-2.90370000,-193.90626000,-23.80338000
19.260000,-12.66499721,-2.86933453,18.02594398,12.16630000,-164.44626000,-11.17338000
19.270000,-13.09664889,-2.80592725,18.18549888,28.86630000,-119.77626000,13.71662000
19.280000,-13.52550871,-2.75387857,18.34614271,37.71630000,-54.37626000,28.84662000
19.290000,-13.95063992,-2.70757899,18.50965323,40.78630000,-5.46626000,44.80662000
19.300000,-14.37181177,-2.66225449,18.67726994,35.02630000,22.27374000,47.33662000
19.310000,-14.78952027,-2.61511059,18.84905333,23.63630000,29.66374000,28.73662000
19.320000,-15.20477141,-2.56593929,19.02369191,11.93630000,-4.53626000,10.94662000
19.330000,-15.61858044,-2.51738333,19.19959592,6.11630000,-49.23626000,1.53662000
19.340000,-16.03134361,-2.47372646,19.37589212,13.60630000,-96.98626000,3.21662000
19.350000,-16.44256168,-2.43973394,19.55261876,24.41630000,-147.39626000,10.79662000
19.360000,-16.85130663,-2.41880301,19.73013258,32.42630000,-134.71626000,8.22662000
19.370000,-17.25654373,-2.40995768,19.90835184,46.98630000,-70.62626000,2.51662000
19.380000,-17.65693947,-2.40839669,20.08679403,63.19630000,-19.43626000,-2.79338000
19.390000,-18.05115810,-2.40895229,20.26471391,69.64630000,20.80374000,-16.27338000
19.400000,-18.43866163,-2.40765799,20.44108848,62.05630000,47.79374000,-24.92338000
19.410000,-18.82008404,-2.40164953,20.61515448,45.42630000,68.14374000,-24.67338000
19.420000,-19.19658960,-2.38830467,20.78652267,39.70630000,105.34374000,-32.09338000
19.430000,-19.56865355,-2.36474765,20.95451579,48.76630000,125.62374000,-44.59338000
19.440000,-19.93588264,-2.32944098,21.11818435,52.09630000,109.36374000,-50.15338000
19.450000,-20.29805662,-2.28336240,21.27692459,45.18630000,82.49374000,-50.68338000
19.460000,-20.65563875,-2.22857591,21.43051603,37.14630000,69.93374000,-52.88338000
19.470000,-21.00918601,-2.16537452,21.57856189,37.85630000,110.20374000,-63.82338000
19.480000,-21.35831342,-2.09051272,21.71998070,59.87630000,172.04374000,-83.00338000
19.490000,-21.70121947,-2.00045877,21.85309144,87.18630000,149.36374000,-100.94338000
19.500000,-22.03602191,-1.89781641,21.97630661,85.83630000,28.73374000,-109.38338000
19.510000,-22.36285175,-1.79239039,22.08891822,55.98630000,-99.51626000,-102.88338000
19.520000,-22.68374422,-1.69469847,22.19109777,35.62630000,-143.09626000,-100.58338000
19.530000,-22.99986709,-1.60815290,22.28226500,59.48630000,-64.17626000,-134.89338000
19.540000,-23.30901910,-1.52587367,22.35939267,120.17630000,96.76374000,-189.66338000
19.550000,-23.60614900,-1.43453703,22.41830278,176.98630000,228.91374000,-212.93338000
19.560000,-23.88667854,-1.32373823,22.45720507,185.80630000,219.86374000,-183.23338000
19.570000,-24.15013473,-1.19434303,22.47860505,130.27630000,71.18374000,-119.14338000
19.580000,-24.40096181,-1.05835768,22.48776146,54.74630000,-102.65626000,-66.67338000
19.590000,-24.64486352,-0.93020392,22.48878231,33.18630000,-183.16626000,-71.38338000
19.600000,-24.88346213,-0.81724025,22.48171559,86.94630000,-142.64626000,-112.51338000
19.610000,-25.11267314,-0.71758743,22.46397256,164.36630000,-68.00626000,-129.09338000
19.620000,-25.32646553,-0.62594570,22.43423972,197.00630000,-45.81626000,-107.34338000
19.630000,-25.52221932,-0.53989282,22.39423981,159.10630000,-67.94626000,-65.35338000
19.640000,-25.70263700,-0.46109653,22.34757034,94.16630000,-112.58626000,-27.18338000
19.650000,-25.87292107,-0.39382233,22.29736931,53.84630000,-171.79626000,-19.99338000
19.660000,-26.03690478,-0.34224273,22.24455146,46.09630000,-175.63626000,-35.95338000
19.670000,-26.19528388,-0.30628147,22.18832405,74.08630000,-105.69626000,-42.93338000
19.680000,-26.34591488,-0.28086006,22.12830557,111.59630000,-38.59626000,-28.27338000
19.690000,-26.48606126,-0.25945724,22.06567403,118.04630000,18.11374000,-3.49338000
19.700000,-26.61478229,-0.23680052,22.00264542,105.26630000,48.49374000,20.92662000
19.710000,-26.73305571,-0.21057539,21.94150575,85.26630000,23.60374000,38.74662000
19.720000,-26.84263203,-0.18125785,21.88383702,68.02630000,23.96374000,41.96662000
19.730000,-26.94483173,-0.14892491,21.83030972,69.68630000,45.05374000,44.52662000
19.740000,-27.04001783,-0.11338431,21.78141311,69.08630000,10.20374000,55.75662000
19.750000,-27.12849707,-0.07751956,21.73795018,56.35630000,-56.52626000,62.85662000
19.760000,-27.21126220,-0.04721915,21.70075495,42.70630000,-123.75626000,70.78662000
19.770000,-27.28953247,-0.02787658,21.67070864,33.96630000,-138.30626000,83.07662000
19.780000,-27.36384313,-0.01970661,21.64890277,43.68630000,-50.56626000,94.22662000
19.790000,-27.43348069,-0.01565573,21.63651809,61.52630000,70.64374000,106.86662000
19.800000,-27.49732939,-0.00530845,21.63455635,60.75630000,157.10374000,110.50662000
19.810000,-27.55546248,0.01941499,21.64326954,41.52630000,186.16374000,100.66662000
19.820000,-27.60955521,0.06112358,21.66180291,13.74630000,145.94374000,82.51662000
19.830000,-27.66208583,0.11693783,21.68829348,-10.59370000,82.14374000,54.13662000
19.840000,-27.71520585,0.18126374,21.72023072,-20.19370000,26.20374000,28.62662000
19.850000,-27.77002900,0.24829505,21.75527391,-21.20370000,-30.36626000,14.39662000
19.860000,-27.82666555,0.31277376,21.79195153,-13.99370000,-71.60626000,9.50662000
19.870000,-27.88433274,0.37080189,21.82998333,3.90630000,-88.47626000,22.30662000
19.880000,-27.94165758,0.42092091,21.87033333,15.81630000,-71.83626000,40.15662000
19.890000,-27.99759480,0.46517360,21.91430400,15.90630000,-6.53626000,43.75662000
19.900000,-28.05189617,0.50922619,21.96240937,13.74630000,72.87374000,39.26662000
19.910000,-28.10477343,0.55982419,22.01425217,9.50630000,118.57374000,28.75662000
19.920000,-28.15678483,0.62140734,22.06869090,-2.18370000,125.35374000,8.60662000
19.930000,-28.20905812,0.69514839,22.12395683,-19.67370000,113.00374000,-11.33338000
19.940000,-28.26310530,0.77945886,22.17821993,-33.48370000,67.38374000,-24.50338000
19.950000,-28.32038038,0.86882573,22.22998523,-46.53370000,-49.54626000,-38.02338000
19.960000,-28.38233535,0.95323300,22.27793696,-64.70370000,-170.70626000,-50.44338000
19.970000,-28.45033870,1.02349343,22.32120612,-70.05370000,-178.94626000,-46.84338000
19.980000,-28.52489946,1.07836652,22.35987973,-61.54370000,-90.92626000,-38.14338000
19.990000,-28.60568460,1.12507276,22.39405001,-59.89370000,30.09374000,-55.45338000
