t,dx,dy,dz,ax,az
0.0,28.56299201,-1.14876371,-22.36514501,-13.0937,-8.83338
0.01,28.3930983,-1.15203522,-22.27611104,-18.4637,-13.87338
0.02,28.22146896,-1.15981181,-22.18867238,-23.4637,-25.68338
0.03,28.04749696,-1.17478551,-22.10336703,-32.3737,-18.54338
0.04,27.87050083,-1.19717604,-22.019726,-36.8137,-2.25338
0.05,27.6901183,-1.22702792,-21.93662978,-33.5137,2.80662
0.06,27.50650114,-1.26536215,-21.85329162,-29.6037,7.86662
0.07,27.31992133,-1.31389947,-21.76914903,-29.8437,15.18662
0.08,27.13040438,-1.37324113,-21.68372951,-32.2537,14.38662
0.09,26.93789003,-1.43901664,-21.59690205,-29.6037,13.90662
0.1,26.7429303,-1.50118299,-21.50862065,-10.4137,17.50662
0.11,26.54736617,-1.55252069,-21.41884831,22.1963,12.26662
0.12,26.35404641,-1.59815023,-21.32807829,51.7363,-0.58338
0.13,26.16596724,-1.65036686,-21.23709909,79.8963,-1.18338
0.14,25.98623419,-1.71335059,-21.14572244,118.2563,20.39662
0.15,25.8183055,-1.77858691,-21.05218611,151.7063,48.32662
0.16,25.66499166,-1.83480358,-20.9542546,158.8663,60.30662
0.17,25.52726694,-1.87780284,-20.85060465,150.0663,61.34662
0.18,25.40460932,-1.91141545,-20.74072526,139.6263,67.72662
0.19,25.2959173,-1.94235965,-20.62416594,125.2463,71.94662
0.2,25.19989165,-1.97535094,-20.50057893,112.4763,71.03662
0.21,25.11537186,-2.01116958,-20.36986749,105.9763,72.50662
0.22,25.04125742,-2.04665581,-20.23213636,87.7263,66.28662
0.23,24.97536484,-2.07777964,-20.08816554,43.3863,46.05662
0.24,24.91375037,-2.10395881,-19.93997054,-7.4337,12.11662
0.25,24.85201901,-2.12714957,-19.7906681,-37.2537,-24.44338
0.26,24.78735275,-2.14757543,-19.64333248,-39.5137,-40.35338
0.27,24.71946136,-2.16294964,-19.49984992,-16.7837,-47.42338
0.28,24.65032257,-2.17120193,-19.36134167,19.1263,-62.22338
0.29,24.58292564,-2.17418008,-19.22900149,44.1463,-73.30338
0.3,24.51945032,-2.17906056,-19.10410862,45.3863,-87.51338
0.31,24.46011035,-2.19271364,-18.98820157,26.4363,-109.55338
0.32,24.403002,-2.21364082,-18.88291158,-13.0537,-116.51338
0.33,24.344396,-2.23338084,-18.7888324,-64.2937,-104.30338
0.34,24.27982736,-2.24680995,-18.70535979,-100.9237,-97.59338
0.35,24.20582708,-2.25856166,-18.63226,-115.1837,-113.87338
0.36,24.12068141,-2.27827471,-18.57112376,-118.5837,-151.65338
0.37,24.02384809,-2.3097441,-18.52535059,-119.2137,-195.79338
0.38,23.91565489,-2.34656059,-18.49855574,-101.4437,-214.34338
0.39,23.79827504,-2.37963193,-18.49227444,-49.4237,-194.51338
0.4,23.6756243,-2.40726661,-18.50537222,-14.6037,-170.24338
0.41,23.55032291,-2.43662013,-18.53589855,-31.4537,-160.59338
0.42,23.42198314,-2.4761265,-18.5821492,-48.0837,-135.99338
0.43,23.28945322,-2.52904771,-18.64118742,-44.0437,-77.37338
0.44,23.15259042,-2.59441126,-18.7080637,-41.2037,-21.23338
0.45,23.01191247,-2.66914966,-18.77798854,-30.2137,-0.55338
0.46,22.86889637,-2.74771866,-18.8480452,4.0463,18.61662
0.47,22.72672339,-2.82451999,-18.91576842,51.7863,58.20662
0.48,22.58962927,-2.89884893,-18.9781777,91.4763,79.07662
0.49,22.4614315,-2.9743672,-19.0334253,117.0563,71.65662
0.5,22.34517384,-3.05246357,-19.08131871,147.9563,73.32662
0.51,22.24375604,-3.12890529,-19.12151194,176.5663,91.24662
0.52,22.15895485,-3.1991346,-19.15294198,159.5163,96.25662
0.53,22.08969701,-3.2644825,-19.17527059,122.0763,81.84662
0.54,22.03352729,-3.32925725,-19.18941426,115.7963,68.99662
0.55,21.98901642,-3.39371009,-19.19618724,108.6263,76.53662
0.56,21.95506141,-3.45335528,-19.19487229,85.1263,102.99662
0.57,21.9301695,-3.50181581,-19.1835169,79.5863,120.63662
0.58,21.91383396,-3.53217693,-19.16031707,93.8963,131.05662
0.59,21.90725978,-3.53975765,-19.12377581,119.0163,152.45662
0.6,21.9125647,-3.52580196,-19.07246436,139.1763,156.38662
0.61,21.93135598,-3.49760962,-19.00604548,138.0263,140.61662
0.62,21.96414187,-3.46461512,-18.92520216,140.4963,140.90662
0.63,22.01147661,-3.43222872,-18.83015466,158.8763,147.28662
0.64,22.07444047,-3.39739316,-18.72054022,162.8563,148.74662
0.65,22.15312843,-3.35186619,-18.59576184,140.3163,163.32662
0.66,22.24555775,-3.29196732,-18.45488603,102.1063,170.04662
0.67,22.34810768,-3.22422829,-18.29811903,56.2363,133.77662
0.68,22.45664897,-3.15997461,-18.12834459,21.0163,84.24662
0.69,22.56802212,-3.10577077,-17.94915122,10.9463,76.03662
0.7,22.68076287,-3.06212602,-17.76180217,7.7363,91.45662
0.71,22.79394848,-3.02918187,-17.56588817,-12.6837,85.19662
0.72,22.9054857,-3.00906157,-17.3614915,-52.3637,79.00662
0.73,23.01161628,-3.0045116,-17.14905888,-102.9137,79.77662
0.74,23.10736347,-3.01652699,-16.92928158,-161.2037,56.77662
0.75,23.18684401,-3.04193071,-16.7035681,-229.4037,45.66662
0.76,23.24392916,-3.07736953,-16.47290742,-279.8637,51.32662
0.77,23.27408942,-3.1267122,-16.23817006,-291.9237,16.29662
0.78,23.27479204,-3.19887446,-16.00228077,-318.6537,-36.29338
0.79,23.24275327,-3.29641031,-15.76963179,-384.4837,-71.77338
0.8,23.1728841,-3.40753776,-15.54399712,-429.6537,-99.18338
0.81,23.0618483,-3.5123478,-15.32779027,-406.9337,-105.42338
0.82,22.9115671,-3.60037043,-15.12198073,-330.3537,-104.31338
0.83,22.72753426,-3.67981916,-14.92721651,-286.4837,-126.21338
0.84,22.51294603,-3.76604149,-14.74514085,-322.9537,-149.25338
0.85,22.26695565,-3.86394466,-14.5772205,-327.7537,-139.94338
0.86,21.99082614,-3.96536067,-14.42272597,-231.1637,-106.34338
0.87,21.69139523,-4.05939253,-14.2793235,-146.0337,-89.50338
0.88,21.37584918,-4.14052848,-14.14560285,-125.4337,-100.37338
0.89,21.04815974,-4.20948777,-14.02158251,-92.8937,-96.21338
0.9,20.7117944,-4.26879141,-13.90647548,-39.8737,-62.18338
0.91,20.37103293,-4.31750465,-13.79725502,-7.2637,-13.33338
0.92,20.02957506,-4.35329697,-13.68869587,22.4863,63.94662
0.93,19.69096805,-4.3784519,-13.57370279,72.2663,144.34662
0.94,19.3594644,-4.39813491,-13.44559452,113.0563,173.51662
0.95,19.03866561,-4.41573127,-13.30073806,125.7563,180.09662
0.96,18.73079618,-4.43433973,-13.13740042,148.5463,207.08662
0.97,18.4382781,-4.45596228,-12.9536476,187.1463,223.88662
0.98,18.16387838,-4.47495267,-12.74825408,197.8363,212.31662
0.99,17.90886277,-4.47988041,-12.52175038,188.4863,197.43662
1.0,17.67280602,-4.46622149,-12.27590575,179.4863,167.99662
1.01,17.45403062,-4.44242492,-12.01420242,139.7363,102.46662
1.02,17.24879134,-4.42080744,-11.74219017,78.4263,40.97662
1.03,17.05240816,-4.40654305,-11.46524397,53.5963,14.48662
1.04,16.86201584,-4.39732151,-11.18701459,49.9563,-17.07338
1.05,16.67580838,-4.38742506,-10.91126653,9.8263,-78.04338
1.06,16.48999978,-4.36983421,-10.64316303,-57.7137,-131.07338
1.07,16.29885828,-4.3420507,-10.38743484,-111.7737,-153.27338
1.08,16.09736815,-4.31006704,-10.14725122,-136.7437,-182.61338
1.09,15.88258012,-4.27908572,-9.92627116,-150.7137,-248.09338
1.1,15.6525167,-4.24529149,-9.72969566,-176.9037,-295.83338
1.11,15.40519338,-4.20475061,-9.56104498,-189.9337,-275.68338
1.12,15.13949943,-4.16463082,-9.41983761,-182.1137,-248.98338
1.13,14.85522983,-4.13954288,-9.30526731,-192.9237,-290.28338
1.14,14.55152785,-4.13811478,-9.22074907,-213.3937,-370.98338
1.15,14.22685297,-4.15488502,-9.1724819,-223.2637,-416.24338
1.16,13.88007744,-4.17638211,-9.16410729,-228.1637,-390.68338
1.17,13.51102828,-4.19290755,-9.19409249,-215.4137,-335.23338
1.18,13.12060447,-4.20365732,-9.25847976,-200.0537,-313.38338
1.19,12.70971453,-4.21718044,-9.35486159,-207.1837,-316.23338
1.2,12.27809294,-4.24967341,-9.48260098,-218.9037,-306.90338
1.21,11.82468371,-4.31838047,-9.64080469,-230.5737,-286.98338
1.22,11.34815708,-4.43239013,-9.82838021,-248.7037,-292.45338
1.23,10.84724757,-4.58440137,-10.04654455,-251.3937,-350.11338
1.24,10.32231566,-4.74982147,-10.2994582,-213.4637,-395.74338
1.25,9.77736336,-4.89986465,-10.58938992,-126.5537,-337.57338
1.26,9.22000942,-5.02027719,-10.9115402,-33.5537,-216.30338
1.27,8.65781584,-5.11871131,-11.25728804,-3.9837,-172.17338
1.28,8.09438062,-5.21405253,-11.6229032,-12.2037,-232.49338
1.29,7.53088325,-5.31868585,-12.01075292,21.8463,-250.67338
1.3,6.97049724,-5.4319855,-12.42042295,88.9063,-137.42338
1.31,6.41887934,-5.54636001,-12.8433303,147.0063,-2.42338
1.32,5.8816473,-5.6533141,-13.26874147,188.4563,43.66662
1.33,5.36253912,-5.7468058,-13.69075095,196.9763,52.70662
1.34,4.86283179,-5.82416958,-14.10659899,189.5663,98.92662
1.35,4.38255683,-5.88173696,-14.51216034,197.1263,162.45662
1.36,3.92178072,-5.91439368,-14.90185401,192.0763,212.41662
1.37,3.47991222,-5.92405875,-15.27054875,170.9663,254.21662
1.38,3.05570458,-5.92090716,-15.61370779,168.3663,302.12662
1.39,2.64849804,-5.91312042,-15.92678741,168.2863,346.25662
1.4,2.25776461,-5.90364877,-16.20599783,149.9263,361.67662
1.41,1.88223805,-5.89695022,-16.44924382,136.0763,370.51662
1.42,1.52080934,-5.898857,-16.65497062,137.7763,399.60662
1.43,1.17339973,-5.90730064,-16.82068849,145.0763,432.17662
1.44,0.84073824,-5.91021436,-16.94341467,157.9363,457.25662
1.45,0.52406285,-5.89772944,-17.02164442,174.4363,434.71662
1.46,0.22481308,-5.8745486,-17.05879523,186.1563,318.01662
1.47,-0.05570434,-5.85563886,-17.0643691,198.4863,193.87662
1.48,-0.31590765,-5.85032472,-17.04809879,225.3763,169.54662
1.49,-0.55332886,-5.85569992,-17.01413929,257.9863,176.14662
1.5,-0.7654797,-5.86392396,-16.96401711,265.4063,126.21662
1.51,-0.95141244,-5.8689526,-16.90114774,255.8663,82.85662
1.52,-1.11130957,-5.86741333,-16.82857093,260.2263,97.91662
1.53,-1.24531909,-5.85941715,-16.74610069,255.1263,118.59662
1.54,-1.3542655,-5.84878782,-16.65251901,227.9863,110.89662
1.55,-1.4398708,-5.83952734,-16.5481544,218.4863,92.47662
1.56,-1.502873,-5.83147969,-16.4343171,235.1063,84.60662
1.57,-1.54213959,-5.8204854,-16.31174762,256.6663,89.14662
1.58,-1.55586707,-5.80458919,-16.18078144,269.0663,74.51662
1.59,-1.54312519,-5.78956233,-16.04327434,259.9163,25.00662
1.6,-1.5044977,-5.78454932,-15.90326829,242.4663,-23.02338
1.61,-1.44101886,-5.79199815,-15.76476931,245.1463,-37.69338
1.62,-1.35279991,-5.80623032,-15.62959065,252.7863,-32.85338
1.63,-1.2398601,-5.82200184,-15.49803355,234.0563,-39.91338
1.64,-1.10355743,-5.83957745,-15.37078326,209.5563,-58.04338
1.65,-0.9455534,-5.86073141,-15.24894479,210.8263,-58.92338
1.66,-0.76608726,-5.88400946,-15.13261963,223.2163,-43.09338
1.67,-0.56469402,-5.90681285,-15.02091028,215.7663,-37.97338
1.68,-0.34220092,-5.93021859,-14.9134645,185.1863,-49.95338
1.69,-0.10081571,-5.95674392,-14.81096653,165.4863,-58.48338
1.7,0.15784436,-5.9850056,-14.71383563,170.7763,-46.21338
1.71,0.43298503,-6.01492437,-14.62132104,148.1263,-32.19338
1.72,0.72214857,-6.05506424,-14.53271551,89.8263,-44.21338
1.73,1.02146796,-6.11266645,-14.4485283,74.3963,-54.56338
1.74,1.32909546,-6.18043525,-14.36878966,89.6463,-23.05338
1.75,1.64458107,-6.2451289,-14.29096507,56.5763,25.65662
1.76,1.96540129,-6.30424714,-14.2114883,6.5263,39.37662
1.77,2.28793736,-6.36504098,-14.1289476,-5.0537,19.69662
1.78,2.61046129,-6.43044591,-14.04379096,-0.9637,27.41662
1.79,2.93238209,-6.49384869,-13.95475438,-21.2037,82.21662
1.8,3.25151798,-6.55009031,-13.85795062,-72.0837,120.38662
1.81,3.56381949,-6.60469802,-13.75033592,-112.0637,110.99662
1.82,3.86551511,-6.66658233,-13.63170528,-132.0837,99.80662
1.83,4.15350583,-6.73743048,-13.50247871,-176.0237,114.77662
1.84,4.42392666,-6.81191122,-13.36194546,-222.7237,124.45662
1.85,4.67325235,-6.88286007,-13.21020551,-226.3937,86.12662
1.86,4.90059165,-6.94391375,-13.05079638,-208.0037,11.60662
1.87,5.10722081,-6.99176878,-12.88969707,-190.0637,-40.18338
1.88,5.29498257,-7.03105065,-12.73163082,-170.6237,-51.01338
1.89,5.46551394,-7.07498062,-12.57852638,-161.9637,-54.71338
1.9,5.61912043,-7.13424443,-12.43130751,-186.5037,-73.43338
1.91,5.75335926,-7.20468909,-12.29170245,-243.7937,-101.42338
1.92,5.86377146,-7.26992159,-12.16162746,-283.0337,-103.37338
1.93,5.94732102,-7.31627968,-12.04073778,-268.7037,-57.69338
1.94,6.00436893,-7.34467137,-11.92580591,-243.6837,-18.00338
1.95,6.0361787,-7.3657584,-11.81409936,-257.5137,-33.76338
1.96,6.04137108,-7.38308653,-11.70662862,-310.0437,-82.35338
1.97,6.01607682,-7.38920325,-11.60697819,-345.9237,-112.79338
1.98,5.95829666,-7.38082232,-11.51710858,-301.6037,-81.74338
1.99,5.87114687,-7.36693098,-11.43495654,-229.7137,-30.87338
2.0,5.75915593,-7.35941548,-11.35780331,-236.6737,-54.91338
2.01,5.6224116,-7.36370083,-11.28720539,-291.1337,-119.96338
2.02,5.45802313,-7.37669152,-11.22697453,-290.8837,-118.29338
2.03,5.26550776,-7.38861856,-11.17750674,-256.2337,-72.42338
2.04,5.04652326,-7.39215844,-11.13628527,-259.4737,-65.16338
2.05,4.80135636,-7.39165116,-11.1020131,-276.1737,-73.67338
2.06,4.52878832,-7.40010723,-11.07494576,-288.2837,-74.13338
2.07,4.22699564,-7.43026265,-11.05606497,-320.3037,-103.97338
2.08,3.89334507,-7.4867559,-11.0476085,-349.4837,-133.34338
2.09,3.52501985,-7.56065775,-11.0517571,-371.7737,-131.99338
2.1,3.1199145,-7.6327902,-11.06879525,-382.2337,-116.70338
2.11,2.677866,-7.68290474,-11.09670023,-345.5437,-67.72338
2.12,2.20174586,-7.69697363,-11.13114176,-293.6037,-7.76338
2.13,1.69575908,-7.67399985,-11.16748386,-265.9737,8.77662
2.14,1.16287065,-7.62828043,-11.20357853,-254.5737,1.65662
2.15,0.60438659,-7.57886859,-11.23931775,-252.7637,3.67662
2.16,0.02109313,-7.53417411,-11.2745883,-236.3337,11.28662
2.17,-0.58453672,-7.48957171,-11.3086294,-172.0837,24.47662
2.18,-1.20656546,-7.43975191,-11.33996307,-79.5137,49.60662
2.19,-1.83737709,-7.38831796,-11.36692581,-24.2637,52.69662
2.2,-2.47192587,-7.34267809,-11.39021511,-25.5037,-6.51338
2.21,-3.10900754,-7.30139858,-11.41443597,-30.1037,-75.38338
2.22,-3.7484621,-7.25097615,-11.44452564,-13.2637,-75.92338
2.23,-4.38890655,-7.17909782,-11.48091439,12.9763,-23.18338
2.24,-5.02772864,-7.08844059,-11.52017944,48.1463,8.78662
2.25,-5.66233587,-6.9942512,-11.56043656,55.2663,-32.52338
2.26,-6.29213325,-6.9118534,-11.60473649,29.6563,-103.90338
2.27,-6.91756402,-6.8467872,-11.65788049,56.0263,-111.88338
2.28,-7.53599243,-6.79322884,-11.7208633,134.3263,-64.33338
2.29,-8.14158523,-6.74110608,-11.79061767,184.6863,-28.76338
2.3,-8.72933167,-6.68440316,-11.86381286,206.0963,-14.22338
2.31,-9.29611576,-6.62288458,-11.93900561,237.5563,-21.14338
2.32,-9.83869724,-6.55859635,-12.01704818,282.8363,-55.93338
2.33,-10.35348311,-6.49343822,-12.10064506,304.5363,-87.61338
2.34,-10.83871312,-6.42899767,-12.19220651,286.2663,-85.87338
2.35,-11.29582552,-6.36671997,-12.29138627,243.5763,-43.82338
2.36,-11.72927656,-6.31117362,-12.39513609,168.9763,-7.73338
2.37,-12.14559275,-6.27057711,-12.50092497,99.8063,-20.72338
2.38,-12.55025883,-6.24499544,-12.60826143,93.3563,-11.17338
2.39,-12.9447178,-6.21850862,-12.71516594,117.7063,61.89662
2.4,-13.32819091,-6.17435565,-12.81639427,106.6063,115.97662
2.41,-13.70156692,-6.11144251,-12.90740116,68.9063,116.55662
2.42,-14.06717231,-6.03579997,-12.98675287,62.3463,118.66662
2.43,-14.42633385,-5.94778653,-13.05349489,60.0963,152.04662
2.44,-14.78004128,-5.84764518,-13.10503273,31.5663,186.95662
2.45,-15.12995585,-5.73994192,-13.13838588,24.4263,202.97662
2.46,-15.47704182,-5.62552826,-13.15121409,28.6663,229.63662
2.47,-15.82086767,-5.49807344,-13.14068637,44.5863,273.53662
2.48,-16.15928167,-5.35297172,-13.10399646,94.5763,271.32662
2.49,-16.48899181,-5.19792409,-13.04193486,110.3563,200.22662
2.5,-16.80828384,-5.0498823,-12.95957433,97.3763,141.72662
2.51,-17.11683676,-4.91985586,-12.86154736,120.3963,144.52662
2.52,-17.41339758,-4.80536252,-12.74909196,137.4563,147.90662
2.53,-17.69686003,-4.69746901,-12.62300137,124.5663,106.61662
2.54,-17.96766438,-4.59281511,-12.4864481,115.6763,58.91662
2.55,-18.22703112,-4.50158354,-12.34389339,97.5263,17.15662
2.56,-18.47642325,-4.43930107,-12.20001749,84.1963,-38.83338
2.57,-18.71610578,-4.40438045,-12.05928041,118.4063,-63.49338
2.58,-18.94386619,-4.37407842,-11.92357764,151.8163,-34.00338
2.59,-19.15754625,-4.32878948,-11.79167544,137.1163,-18.97338
2.6,-19.35775995,-4.26879589,-11.66308655,108.5463,-59.03338
2.61,-19.54631604,-4.20590589,-11.54030722,108.0363,-93.79338
2.62,-19.72331777,-4.14908298,-11.42533871,133.4963,-64.26338
2.63,-19.8871629,-4.10016667,-11.31684451,147.1763,-35.10338
2.64,-20.03614467,-4.05717446,-11.21333938,162.6263,-63.54338
2.65,-20.16850857,-4.01788809,-11.11592206,188.2263,-79.77338
2.66,-20.28294238,-3.98510081,-11.0254448,174.0663,-52.96338
2.67,-20.38000407,-3.96816737,-10.94100636,154.4663,-54.30338
2.68,-20.46028615,-3.97194754,-10.86325873,184.1263,-104.51338
2.69,-20.52164913,-3.98817904,-10.79526666,229.9863,-125.34338
2.7,-20.56054725,-4.00448939,-10.73822916,250.4363,-81.43338
2.71,-20.57531826,-4.01785733,-10.68976548,230.1663,-53.19338
2.72,-20.56694991,-4.03428462,-10.64791061,210.7463,-74.98338
2.73,-20.5363232,-4.05755575,-10.6126683,234.6163,-59.79338
2.74,-20.48260639,-4.08480098,-10.58188381,239.5663,17.80662
2.75,-20.40642221,-4.11245205,-10.55013938,180.8863,64.12662
2.76,-20.31231893,-4.13899596,-10.51360701,111.3663,47.00662
2.77,-20.2064883,-4.16300572,-10.47217646,61.4163,39.33662
2.78,-20.09425055,-4.18501558,-10.42590222,18.0263,69.61662
2.79,-19.97990269,-4.20908702,-10.37299055,-17.1237,88.47662
2.8,-19.86670423,-4.23690457,-10.31192719,-33.8137,81.04662
2.81,-19.75674691,-4.26288945,-10.24248264,-48.9537,86.22662
2.82,-19.65215473,-4.28099293,-10.16436716,-86.9437,94.88662
2.83,-19.55582594,-4.29307926,-10.07771974,-111.7537,66.82662
2.84,-19.4697223,-4.30495192,-9.98445839,-102.6137,37.56662
2.85,-19.39453179,-4.31927519,-9.8864171,-123.6037,50.78662
2.86,-19.33226993,-4.33598329,-9.78302262,-171.3837,76.53662
2.87,-19.28591621,-4.35296249,-9.67235021,-174.0137,88.80662
2.88,-19.25638513,-4.36642129,-9.55323736,-157.5537,85.01662
2.89,-19.24299319,-4.37732593,-9.42612783,-160.5037,62.57662
2.9,-19.24506915,-4.39441241,-9.29268211,-144.2137,44.82662
2.91,-19.26095475,-4.42465299,-9.15436746,-107.5137,44.07662
2.92,-19.28783549,-4.46349791,-9.01185636,-84.6237,36.42662
2.93,-19.32301587,-4.49766493,-8.86600409,-59.2837,18.26662
2.94,-19.36342239,-4.51552429,-8.71820012,-9.9137,6.65662
2.95,-19.4050558,-4.51746199,-8.57004672,25.9763,-16.05338
2.96,-19.44504136,-4.51865279,-8.42399389,19.8163,-57.02338
2.97,-19.48313406,-4.53463344,-8.28334987,6.0463,-84.70338
2.98,-19.52027965,-4.56294742,-8.15106916,1.9163,-106.55338
2.99,-19.55731063,-4.58547376,-8.02901502,-9.3537,-109.70338
3.0,-19.59503425,-4.58644443,-7.91642594,-14.9737,-51.09338
3.01,-19.63379477,-4.5657307,-7.80946017,-6.2337,-11.49338
3.02,-19.67357043,-4.54014507,-7.70614422,-17.2237,-70.36338
3.03,-19.71564923,-4.53130253,-7.61050259,-55.5037,-153.20338
3.04,-19.76250292,-4.54514983,-7.52934651,-66.8237,-201.10338
3.05,-19.81456175,-4.56532373,-7.46761775,-23.1137,-220.13338
3.06,-19.86834748,-4.57181097,-7.42672731,39.9163,-190.61338
3.07,-19.91843734,-4.5597188,-7.40438993,87.0563,-139.21338
3.08,-19.96058835,-4.53765373,-7.39773386,99.4663,-156.66338
3.09,-19.99298375,-4.51692401,-7.40841811,100.1763,-239.52338
3.1,-20.0143498,-4.50124937,-7.44174142,137.2963,-268.30338
3.11,-20.02189348,-4.48300159,-7.4993738,174.0663,-194.68338
3.12,-20.01388031,-4.45492089,-7.57561099,132.7863,-84.97338
3.13,-19.99415827,-4.42367754,-7.66133999,24.6563,-13.49338
3.14,-19.97091338,-4.40305479,-7.75056331,-45.2437,-26.26338
3.15,-19.95061314,-4.39625413,-7.84296894,-56.0137,-59.72338
3.16,-19.93687053,-4.39270306,-7.93905088,-109.0937,0.20662
3.17,-19.93414631,-4.37669084,-8.03391139,-170.5937,109.71662
3.18,-19.94675249,-4.33468621,-8.11935047,-166.9937,158.76662
3.19,-19.97595831,-4.26472293,-8.19071185,-163.4637,137.40662
3.2,-20.02215902,-4.18275524,-8.24827756,-189.9337,119.79662
3.21,-20.08803238,-4.11416664,-8.29265507,-247.6337,152.07662
3.22,-20.17958962,-4.07508589,-8.3215754,-346.2137,195.88662
3.23,-20.30511851,-4.06112374,-8.33161879,-422.8637,212.77662
3.24,-20.47020029,-4.05406967,-8.32235025,-394.2337,152.58662
3.25,-20.67183521,-4.03236445,-8.29977327,-254.8537,15.93662
3.26,-20.89844377,-3.97621358,-8.27489386,-99.0637,-90.81338
3.27,-21.13691897,-3.8779453,-8.25750051,-25.7437,-132.20338
3.28,-21.38002682,-3.74828436,-8.25242822,-38.8137,-136.07338
3.29,-21.62666006,-3.60296952,-8.26077175,-41.7037,-130.73338
3.3,-21.87554919,-3.44663702,-8.28329984,27.9263,-168.29338
3.31,-22.12162246,-3.27546537,-8.32259775,94.4263,-201.92338
3.32,-22.35936937,-3.09149431,-8.38020897,112.2163,-158.84338
3.33,-22.58537768,-2.9087616,-8.454305,146.6263,-138.23338
3.34,-22.79556662,-2.74292248,-8.54491085,223.2463,-223.53338
3.35,-22.98275196,-2.59413445,-8.65798076,322.9663,-311.71338
3.36,-23.13811544,-2.44351227,-8.79970674,399.6363,-297.73338
3.37,-23.25536356,-2.26919618,-8.96933528,398.3163,-207.37338
3.38,-23.33328383,-2.06333619,-9.16053638,372.7863,-148.87338
3.39,-23.37334899,-1.83613454,-9.36859005,366.2563,-167.43338
3.4,-23.37737128,-1.61005373,-9.59319878,332.3563,-176.91338
3.41,-23.34792972,-1.40596752,-9.83420258,303.5263,-132.99338
3.42,-23.28710131,-1.22929541,-10.08878444,312.0063,-98.67338
3.43,-23.19603303,-1.07123838,-10.35384687,277.9963,-87.33338
3.44,-23.0781739,-0.92000345,-10.6272701,199.5763,-59.54338
3.45,-22.9390524,-0.76679112,-10.90670391,169.2863,-32.45338
3.46,-22.7816618,-0.60595063,-11.19059402,188.5563,-52.25338
3.47,-22.60536759,-0.43286223,-11.4805147,205.6863,-102.71338
3.48,-22.40918503,-0.24365243,-11.77987395,191.5463,-118.31338
3.49,-22.1949196,-0.04130498,-12.09005751,130.4763,-92.08338
3.5,-21.96756657,0.16291064,-12.40971463,66.9463,-74.91338
3.51,-21.73227143,0.36110141,-12.73723232,49.2563,-70.96338
3.52,-21.49172943,0.55620858,-13.07137007,40.3563,-46.41338
3.53,-21.24747207,0.75546591,-13.40980788,14.5863,-6.66338
3.54,-21.00149861,0.9627344,-13.74932701,-4.9437,18.03662
3.55,-20.75628178,1.17155929,-14.0874867,-39.0237,26.51662
3.56,-20.5150851,1.35963234,-14.42307346,-81.8737,33.39662
3.57,-20.28143406,1.50041029,-14.75532303,-103.1137,41.72662
3.58,-20.05839916,1.58369115,-15.08306316,-140.6037,65.07662
3.59,-19.8496329,1.62030766,-15.40343386,-190.4837,124.44662
3.6,-19.65904729,1.63257983,-15.71086113,-209.7137,205.31662
3.61,-19.48856757,1.63984291,-15.99880495,-198.3837,245.80662
3.62,-19.33767199,1.64206339,-16.26444884,-180.9437,196.61662
3.63,-19.20591105,1.62083178,-16.5104898,-209.1737,146.62662
3.64,-19.0959885,1.56385632,-16.73866557,-278.3037,226.28662
3.65,-19.01203035,1.47848577,-16.94316615,-276.8537,349.35662
3.66,-18.95234008,1.38101513,-17.1148093,-142.7637,390.84662
3.67,-18.90647096,1.28605189,-17.24854026,5.4763,386.98662
3.68,-18.86286323,1.20146156,-17.34434078,37.2963,353.94662
3.69,-18.81665464,1.12824388,-17.40452562,19.9063,331.29662
3.7,-18.7664972,1.06939511,-17.42985203,76.7863,379.34662
3.71,-18.70721714,1.03206324,-17.41785574,187.3663,404.46662
3.72,-18.63037373,1.01943253,-17.36692478,246.9563,370.65662
3.73,-18.53096346,1.02849198,-17.27799737,217.3363,375.62662
3.74,-18.41077333,1.05327933,-17.15105753,145.5063,400.13662
3.75,-18.27595459,1.08612334,-16.98566675,72.7363,363.68662
3.76,-18.13372575,1.11949525,-16.78511854,1.3663,280.33662
3.77,-17.99145505,1.15141132,-16.55627839,-77.8537,208.86662
3.78,-17.85683974,1.18931105,-16.30514856,-155.9337,195.06662
3.79,-17.73669407,1.24367468,-16.03400029,-193.1237,203.28662
3.8,-17.63464604,1.31790621,-15.74366708,-185.7837,167.30662
3.81,-17.5516239,1.4108679,-15.43637769,-200.4037,141.89662
3.82,-17.48946116,1.52679675,-15.11356861,-251.8437,171.23662
3.83,-17.45146106,1.67378301,-14.77441385,-266.4737,171.00662
3.84,-17.4385191,1.84955317,-14.4196734,-221.5937,111.72662
3.85,-17.44798028,2.03207748,-14.05383526,-190.5237,50.99662
3.86,-17.47836385,2.1916542,-13.68269769,-238.3137,-0.19338
3.87,-17.53384457,2.31847158,-13.31119418,-340.7937,-34.42338
3.88,-17.62226843,2.43513686,-12.94125498,-401.8837,8.01662
3.89,-17.74759468,2.57274605,-12.5697021,-335.5937,84.48662
3.9,-17.90429582,2.73364864,-12.19292604,-185.9837,33.48662
3.91,-18.08215385,2.88565064,-11.81455179,-142.7737,-85.98338
3.92,-18.27908378,2.9932558,-11.4416536,-295.4037,-79.01338
3.93,-18.50623584,3.05004136,-11.07537747,-479.3637,-19.32338
3.94,-18.7776508,3.08218183,-10.71074091,-520.4437,53.62662
3.95,-19.0968814,3.12474495,-10.33883892,-396.4337,204.23662
3.96,-19.45357839,3.19759698,-9.94994774,-189.4037,219.01662
3.97,-19.83261678,3.29935941,-9.54285262,-122.4737,87.43662
3.98,-20.2300308,3.41344,-9.12366906,-304.7337,91.19662
3.99,-20.65690547,3.5201465,-8.69369307,-450.5437,163.41662
4.0,-21.12269278,3.60998415,-8.24902615,-354.7437,171.15662
4.01,-21.62374348,3.68458621,-7.78732054,-254.5637,177.36662
4.02,-22.15402683,3.74666017,-7.30864374,-309.4937,154.50662
4.03,-22.71479131,3.79495654,-6.81487151,-349.7537,118.98662
4.04,-23.30857744,3.82744307,-6.30806334,-315.9237,130.50662
4.05,-23.93485596,3.846119,-5.78885573,-322.1537,117.52662
4.06,-24.59380237,3.85801634,-5.25894644,-350.5437,64.05662
4.07,-25.28607017,3.86909108,-4.72214746,-313.6737,31.49662
4.08,-26.00847762,3.87565698,-4.1821633,-231.7537,1.90662
4.09,-26.75470295,3.86579578,-3.6423662,-179.5937,-41.24338
4.1,-27.52040018,3.83596899,-3.10592591,-191.9937,-52.14338
4.11,-28.30522305,3.80382161,-2.57383369,-205.5037,-26.84338
4.12,-29.10780932,3.79675463,-2.04399103,-111.5937,17.39662
4.13,-29.91967122,3.82760455,-1.51239144,53.6063,63.87662
4.14,-30.72839952,3.88126289,-0.97635141,125.6663,34.01662
4.15,-31.52784145,3.92440912,-0.4382622,62.4563,-48.39338
4.16,-32.32081928,3.93242027,0.09651246,3.9263,-68.26338
4.17,-33.11013325,3.90830307,0.62536629,72.1863,-50.36338
4.18,-33.88976787,3.87822828,1.14945457,234.8163,-20.08338
4.19,-34.64633337,3.87180264,1.67262077,376.8863,55.19662
4.2,-35.36722702,3.90058765,2.20038042,434.2263,94.97662
4.21,-36.04509106,3.95281558,2.73514675,471.7863,36.66662
4.22,-36.67406799,4.01156316,3.27228502,573.6263,-71.88338
4.23,-37.24522006,4.07146114,3.80178347,689.8963,-196.94338
4.24,-37.74800078,4.13777803,4.31268686,777.3763,-276.48338
4.25,-38.17350388,4.22248183,4.79918469,842.3963,-224.76338
4.26,-38.51749763,4.33775403,5.2652732,794.1463,-88.81338
4.27,-38.78459827,4.48306039,5.72145039,640.9763,7.48662
4.28,-38.9854158,4.64602215,6.17616328,571.1663,16.81662
4.29,-39.12647323,4.81710857,6.63142584,603.0363,-17.58338
4.3,-39.20826429,4.99451765,7.0851796,589.3563,-40.45338
4.31,-39.23235675,5.17889388,7.53480154,522.1363,-65.23338
4.32,-39.2038571,5.36948026,7.97716917,465.9963,-117.70338
4.33,-39.12875909,5.56284506,8.40795298,405.7463,-161.16338
4.34,-39.01360997,5.75228101,8.82315923,320.4963,-181.52338
4.35,-38.866505,5.92804111,9.22002241,227.4363,-207.96338
4.36,-38.69583342,6.08206737,9.59598278,163.2363,-237.11338
4.37,-38.50736647,6.21500579,9.94800409,153.8463,-273.82338
4.38,-38.30261117,6.33589361,10.27218408,176.5463,-327.34338
4.39,-38.08043002,6.45534433,10.56416076,186.0363,-358.07338
4.4,-37.839949,6.58258197,10.82107163,179.3163,-357.59338
4.41,-37.58065863,6.72628051,11.04202993,203.6463,-363.29338
4.42,-37.30047514,6.8870567,11.22664141,245.0563,-368.14338
4.43,-36.9971618,7.0465378,11.37554809,227.3763,-327.06338
4.44,-36.67122861,7.17651206,11.49204419,200.9263,-272.60338
4.45,-36.3226358,7.26117747,11.57927799,273.0963,-296.67338
4.46,-35.94560463,7.30373079,11.63624697,386.3563,-343.09338
4.47,-35.53133986,7.31989576,11.66117538,439.4763,-297.21338
4.48,-35.07472173,7.33087289,11.65741674,424.7663,-208.41338
4.49,-34.57664574,7.35365443,11.63248602,365.2463,-131.29338
4.5,-34.04140865,7.39602712,11.59426225,327.1263,-59.17338
4.51,-33.47217419,7.45959596,11.54911566,336.3363,-25.72338
4.52,-32.87002513,7.54036346,11.50094651,312.7263,-8.73338
4.53,-32.23755195,7.62938562,11.45248404,247.1163,33.00662
4.54,-31.57986217,7.71771319,11.40697426,197.6463,62.37662
4.55,-30.90198154,7.79944791,11.36733916,161.1663,78.77662
4.56,-30.20796054,7.87297553,11.33609075,121.5763,117.08662
4.57,-29.50183019,7.93971081,11.31625903,75.9963,145.26662
4.58,-28.78798922,8.0001945,11.30998599,30.7963,136.27662
4.59,-28.07023915,8.05581359,11.31709014,14.7163,118.81662
4.6,-27.35019873,8.11286109,11.33590747,27.3263,96.16662
4.61,-26.62697044,8.180199,11.36363224,54.0863,46.69662
4.62,-25.89777354,8.26408556,11.39559269,99.1863,-18.58338
4.63,-25.15926104,8.36272702,11.42573109,116.1063,-80.86338
4.64,-24.41029093,8.46437114,11.44795641,82.8463,-134.66338
4.65,-23.65236346,8.55530292,11.45706493,72.4363,-172.93338
4.66,-22.88666588,8.62678611,11.44892813,79.0263,-207.73338
4.67,-22.1138017,8.67257794,11.41993301,52.1163,-244.38338
4.68,-21.33525365,8.68818294,11.36731258,40.0363,-246.96338
4.69,-20.55195375,8.67241784,11.29120134,53.8263,-199.77338
4.7,-19.76341624,8.62457665,11.19566054,57.7563,-129.12338
4.71,-18.96859437,8.54373286,11.08693042,77.9763,-68.00338
4.72,-18.16533065,8.43265273,10.97079448,119.9063,-29.55338
4.73,-17.34963081,8.30122775,10.85145023,175.5963,0.32662
4.74,-16.51575712,8.16626793,10.73260867,251.7963,50.55662
4.75,-15.65768507,8.04501677,10.61979154,284.6863,141.08662
4.76,-14.77251316,7.94801726,10.52072785,258.7663,218.95662
4.77,-13.86145814,7.87547665,10.4417166,229.0463,224.64662
4.78,-12.92783102,7.81416196,10.38405753,181.9663,187.38662
4.79,-11.97530379,7.74352541,10.3452174,158.9663,154.88662
4.8,-11.00552844,7.64862553,10.32274995,185.9663,159.29662
4.81,-10.01787174,7.5226413,10.31682619,180.2963,189.81662
4.82,-9.01179869,7.36642972,10.32980986,186.0363,218.91662
4.83,-7.98652527,7.18894506,10.36468422,211.5863,249.52662
4.84,-6.941722,6.99937529,10.42345727,167.9263,239.52662
4.85,-5.87973936,6.80497494,10.50528125,135.6763,195.00662
4.86,-4.80364412,6.61446598,10.60709342,121.1663,171.53662
4.87,-3.71674003,6.43291819,10.72532278,50.2863,120.15662
4.88,-2.62402557,6.26116055,10.85474682,6.6163,37.48662
4.89,-1.5299235,6.10115757,10.9884618,-12.0737,-21.94338
4.9,-0.43776408,5.95486849,11.11985996,-64.2337,-84.72338
4.91,0.6481937,5.82309257,11.24285556,-111.5837,-143.16338
4.92,1.72319309,5.70575605,11.35232259,-154.9937,-168.54338
4.93,2.78243734,5.59966344,11.44494306,-212.6937,-192.06338
4.94,3.81997719,5.49862798,11.51826097,-291.8537,-217.88338
4.95,4.8269544,5.39556818,11.57007206,-430.1637,-230.89338
4.96,5.78976798,5.28516104,11.59852034,-618.4237,-253.29338
4.97,6.69183891,5.16846905,11.60118731,-766.7537,-292.22338
4.98,7.51984069,5.05207347,11.57486321,-814.8937,-320.35338
4.99,8.26882784,4.9395108,11.51677804,-768.1037,-335.96338
5.0,8.94276209,4.82705328,11.42524632,-655.0737,-344.03338
5.01,9.55066396,4.70633491,11.29987377,-567.1037,-328.05338
5.02,10.09924693,4.56766295,11.14167592,-587.5337,-311.32338
5.03,10.58793626,4.4049769,10.95181,-657.6337,-314.47338
5.04,11.01224669,4.22084,10.73108102,-676.4137,-292.70338
5.05,11.37033249,4.02682376,10.48207422,-642.5837,-229.68338
5.06,11.66510314,3.83911118,10.21051336,-575.0837,-148.54338
5.07,11.9037504,3.66976225,9.92469518,-456.2437,-41.97338
5.08,12.09707802,3.51981922,9.63439969,-329.2737,54.94662
5.09,12.2556825,3.38411035,9.34762364,-278.1937,74.40662
5.1,12.38432083,3.26164064,9.06707977,-317.0437,47.07662
5.11,12.48079453,3.15685108,8.79168559,-378.3637,38.97662
5.12,12.54115883,3.07309193,8.52108734,-374.6637,68.35662
5.13,12.56579149,3.00841869,8.25805603,-305.6337,128.53662
5.14,12.55882626,2.95727035,8.00708916,-282.0437,158.69662
5.15,12.52154938,2.91462367,7.77045997,-346.8037,129.12662
5.16,12.45024112,2.87618214,7.54699472,-389.6637,111.15662
5.17,12.34200746,2.83455177,7.33541715,-354.9437,125.61662
5.18,12.19826966,2.7783298,7.13599877,-324.6737,125.52662
5.19,12.02060897,2.69983999,6.94915383,-356.6837,127.81662
5.2,11.80662464,2.60490659,6.77573082,-418.9637,157.26662
5.21,11.55225916,2.50915234,6.61777875,-424.6937,178.03662
5.22,11.25780405,2.42650849,6.47738011,-339.2937,190.34662
5.23,10.92945729,2.36660131,6.35629091,-256.4437,215.19662
5.24,10.57358264,2.33405227,6.25622665,-252.9937,221.80662
5.25,10.1915501,2.32286265,6.17779657,-287.9437,208.10662
5.26,9.78119141,2.31972918,6.12070968,-308.2237,217.25662
5.27,9.34002883,2.31786486,6.08573747,-331.8237,243.51662
5.28,8.86560837,2.32234796,6.0742072,-362.5037,234.93662
5.29,8.35641776,2.3429987,6.08561287,-338.0337,205.59662
5.3,7.81471551,2.38731936,6.11845172,-265.9537,212.74662
5.31,7.24590811,2.45658267,6.17263975,-218.3237,224.42662
5.32,6.65460808,2.54453763,6.24854048,-201.1637,208.45662
5.33,6.04324815,2.641506,6.34557014,-185.8037,205.36662
5.34,5.41361108,2.74055078,6.46334998,-162.3737,212.36662
5.35,4.76790837,2.83911771,6.60176151,-136.1337,196.71662
5.36,4.10884227,2.93681655,6.75974423,-103.9537,178.59662
5.37,3.43965802,3.03561829,6.93635513,-64.7437,192.76662
5.38,2.76373539,3.14033644,7.13245622,-40.1537,217.02662
5.39,2.08373211,3.25499524,7.34973,-22.2337,221.63662
5.4,1.40185894,3.37971221,7.58922471,5.7663,230.08662
5.41,0.72036438,3.50883707,7.85173836,21.7863,240.49662
5.42,0.04049992,3.63001784,8.13771144,11.8063,228.84662
5.43,-0.63840292,3.73093977,8.44699846,-10.9937,235.91662
5.44,-1.31828291,3.80971036,8.78102867,-32.9637,290.59662
5.45,-2.00140929,3.8759566,9.14381806,-56.9937,334.80662
5.46,-2.69006531,3.94327499,9.53898663,-78.2937,336.50662
5.47,-3.38576823,4.02137654,9.96758015,-72.3537,330.72662
5.48,-4.08819728,4.1102975,10.42872685,-50.1037,305.71662
5.49,-4.79605123,4.19981136,10.91985298,-48.4937,258.56662
5.5,-5.50959032,4.27620388,11.4377588,-84.3737,249.88662
5.51,-6.23195605,4.33112406,11.98163306,-139.8837,281.94662
5.52,-6.96768892,4.36580939,12.55396975,-174.6037,326.26662
5.53,-7.72001668,4.38631587,13.15823213,-178.7637,344.09662
5.54,-8.48934984,4.39573927,13.79511944,-152.1437,292.08662
5.55,-9.27370414,4.39441806,14.46063995,-121.8537,218.60662
5.56,-10.07139383,4.38604577,15.14898663,-141.6237,185.29662
5.57,-10.88333966,4.38126113,15.85681425,-169.2037,191.58662
5.58,-11.71047938,4.39174189,16.58316081,-131.7837,173.83662
5.59,-12.5498715,4.41715681,17.32522306,-61.3837,90.91662
5.6,-13.39665576,4.44223764,18.07672099,-45.1937,23.30662
5.61,-14.2495664,4.44932062,18.83187261,-97.3437,10.16662
5.62,-15.1119927,4.42943001,19.58810966,-144.8037,1.32662
5.63,-15.98738288,4.38100055,20.34459615,-135.6637,-1.29338
5.64,-16.87518945,4.30442925,21.10124957,-84.5837,9.48662
5.65,-17.77161267,4.20125486,21.85791918,-43.8937,-15.48338
5.66,-18.67302278,4.07649337,22.61215023,-31.1637,-74.51338
5.67,-19.57733753,3.94015279,23.35986621,-14.0237,-94.54338
5.68,-20.48265842,3.80547211,24.09914388,14.9063,-72.38338
5.69,-21.38643721,3.68674909,24.83064498,41.8363,-70.20338
5.7,-22.28597288,3.59845797,25.55432127,67.0863,-98.65338
5.71,-23.17889545,3.54891776,26.26767225,84.4563,-143.95338
5.72,-24.06406841,3.53285271,26.96600991,69.9263,-212.42338
5.73,-24.94274276,3.53638106,27.64313526,31.5763,-278.14338
5.74,-25.8173125,3.54824707,28.29362629,27.0463,-295.11338
5.75,-26.68808189,3.56222273,28.91542151,62.2863,-277.91338
5.76,-27.55272342,3.57386805,29.50866342,89.4363,-289.64338
5.77,-28.40853909,3.57970852,30.07167751,107.8163,-350.36338
5.78,-29.25368065,3.57637265,30.59923979,117.8363,-426.15338
5.79,-30.0870011,3.56252594,31.08422125,125.2963,-499.01338
5.8,-30.90622844,3.54546413,31.5199494,191.2363,-544.40338
5.81,-31.70549118,3.53924598,31.90302049,286.7563,-516.91338
5.82,-32.47759431,3.55472798,32.23526226,317.5763,-453.39338
5.83,-33.21893433,3.59447764,32.52141272,304.5563,-418.40338
5.84,-33.92947474,3.65150721,32.76518061,301.2363,-403.55338
5.85,-34.60929954,3.71345018,32.96783219,317.5363,-417.59338
5.86,-35.25632349,3.77272331,33.12807546,371.6663,-456.04338
5.87,-35.86536433,3.82951559,33.24333966,454.3963,-467.93338
5.88,-36.42902806,3.88762728,33.3121653,530.5663,-464.08338
5.89,-36.94046168,3.95004287,33.33496512,569.6163,-443.38338
5.9,-37.39660069,4.01371262,33.31452263,537.9263,-377.29338
5.91,-37.7992871,4.07176003,33.25621458,488.5763,-315.10338
5.92,-38.15023589,4.12361634,33.16515546,550.3663,-300.99338
5.93,-38.44469508,4.17497355,33.04365128,666.2163,-299.16338
5.94,-38.67588316,4.22677593,32.89309628,643.9863,-261.16338
5.95,-38.84502688,4.27227271,32.71707922,523.5263,-195.44338
5.96,-38.95986025,4.30407589,32.52122559,477.3163,-139.86338
5.97,-39.0243305,4.32079173,32.31098366,532.3063,-98.81338
5.98,-39.03456315,4.33114873,32.0905929,623.5163,-66.91338
5.99,-38.98394894,4.35080938,31.86339659,650.4763,-38.03338
6.0,-38.87086787,4.39051844,31.63285321,570.1463,10.64662
6.01,-38.70097895,4.4494144,31.40345651,477.4863,64.15662
6.02,-38.48169816,4.52058002,31.17973275,446.4963,89.50662
6.03,-38.21629527,4.60167829,30.96476193,470.3463,108.49662
6.04,-37.90371402,4.69990373,30.76097154,495.8863,142.26662
6.05,-37.54361116,4.82355381,30.57119109,434.6863,168.91662
6.06,-37.14191069,4.9686603,30.39781758,294.5863,177.72662
6.07,-36.71007412,5.1172427,30.24165925,177.5263,165.78662
6.08,-36.25864244,5.24865001,30.1016626,130.1063,138.71662
6.09,-35.79281164,5.35177872,29.97618915,134.1663,139.25662
6.1,-35.31340849,5.42625708,29.86539963,140.3963,171.67662
6.11,-34.82069799,5.47394135,29.77121929,113.2763,183.30662
6.12,-34.31675037,5.49409053,29.69435539,78.4763,155.91662
6.13,-33.8044419,5.48597836,29.63282943,60.1463,119.92662
6.14,-33.28565856,5.4519731,29.58387415,56.1663,108.60662
6.15,-32.76065112,5.3998625,29.54623206,72.4263,116.93662
6.16,-32.22785332,5.3438043,29.52034991,106.5363,129.46662
6.17,-31.68519892,5.296831,29.50717344,104.7063,133.90662
6.18,-31.1335444,5.25923686,29.5062244,39.9963,93.36662
6.19,-30.57692203,5.22099788,29.51396481,9.9563,28.48662
6.2,-30.0173713,5.1758548,29.52517539,53.1663,-9.98338
6.21,-29.45274521,5.12711363,29.53565217,82.6663,-36.32338
6.22,-28.88020801,5.08237987,29.54253988,93.8863,-59.38338
6.23,-28.29808571,5.04292451,29.54369603,108.9063,-72.62338
6.24,-27.70607754,4.9958313,29.53749636,79.6763,-88.05338
6.25,-27.10602302,4.92396076,29.52207813,49.5363,-118.46338
6.26,-26.49893589,4.82436761,29.49380608,98.4963,-187.62338
6.27,-25.8814739,4.70856363,29.44637497,164.4063,-271.10338
6.28,-25.24874031,4.58867705,29.37357855,179.4963,-283.23338
6.29,-24.59847235,4.46962812,29.27449781,173.9163,-212.25338
6.3,-23.93110954,4.3473596,29.15464651,152.4063,-121.53338
6.31,-23.24925037,4.21101424,29.02138489,97.0663,-79.54338
6.32,-22.55679884,4.05441853,28.87777596,73.0963,-131.72338
6.33,-21.8552147,3.88558373,28.72071572,117.9863,-193.51338
6.34,-21.14186821,3.71980484,28.54641266,157.3663,-169.41338
6.35,-20.41398836,3.5662036,28.35622054,144.5563,-101.67338
6.36,-19.67281539,3.42273351,28.15572635,81.1863,-37.77338
6.37,-18.92286308,3.28259383,27.9502771,40.1863,-19.43338
6.38,-18.16680715,3.14240131,27.74175529,78.5263,-44.71338
6.39,-17.40378286,2.99870194,27.52971591,77.4363,-30.29338
6.4,-16.63385022,2.84527173,27.31529797,38.8763,11.70662
6.41,-15.85785172,2.68426893,27.10138946,83.3863,28.80662
6.42,-15.07360986,2.53038453,26.89008839,120.0263,36.52662
6.43,-14.27876914,2.40011003,26.68262476,96.4563,53.18662
6.44,-13.47399031,2.29899919,26.48123606,80.5263,101.64662
6.45,-12.66199163,2.21146176,26.2897908,27.2263,142.80662
6.46,-11.84728008,2.11051899,26.11055222,-30.5237,102.55662
6.47,-11.03355168,1.98835387,25.94148558,-9.5637,60.50662
6.48,-10.22075892,1.86607715,25.78066138,8.1663,107.67662
6.49,-9.40808006,1.77239434,25.63110311,-15.3837,176.32662
6.5,-8.59719308,1.72195519,25.49809178,-53.1337,203.09662
6.51,-7.79163575,1.70822294,25.38380963,-95.5937,168.19662
6.52,-6.99455656,1.7136356,25.28524217,-98.8637,90.64662
6.53,-6.20798326,1.72981666,25.1973564,-130.9737,79.32662
6.54,-5.43669735,1.76405588,25.11981931,-254.7437,166.19662
6.55,-4.69095733,1.82622351,25.05888491,-385.4337,253.93662
6.56,-3.98285921,1.91728529,25.02157069,-484.1237,272.28662
6.57,-3.32225073,2.03010348,25.00966191,-549.9637,219.25662
6.58,-2.71590089,2.15215532,25.01886056,-590.3537,135.04662
6.59,-2.16900444,2.26839782,25.04195291,-651.5237,67.94662
6.6,-1.68762288,2.36927772,25.07275143,-731.2537,38.85662
6.61,-1.27913197,2.45508078,25.1084344,-805.6537,51.26662
6.62,-0.95031569,2.53181925,25.14964605,-848.4837,81.30662
6.63,-0.70425081,2.60568362,25.19829663,-811.4937,85.22662
6.64,-0.53740882,2.6803789,25.25445415,-701.5037,50.06662
6.65,-0.44076673,2.75812258,25.31554711,-597.5537,13.60662
6.66,-0.40516177,2.83866767,25.378778,-548.9337,9.78662
6.67,-0.42446046,2.91607666,25.44271683,-504.7837,-3.31338
6.68,-0.49362103,2.98526831,25.50587685,-440.0337,-32.76338
6.69,-0.60759175,3.04899737,25.56675305,-411.6137,-20.96338
6.7,-0.76205162,3.10900683,25.62530293,-360.3637,-16.81338
6.71,-0.95051512,3.15967245,25.68105126,-231.8637,-55.92338
6.72,-1.16380852,3.19729072,25.73178077,-173.1637,-70.54338
6.73,-1.39721905,3.2287774,25.77571796,-230.5537,-73.13338
6.74,-1.65325748,3.26952174,25.81216334,-274.9037,-81.31338
6.75,-1.93463305,3.32897798,25.84133866,-237.1837,-53.49338
6.76,-2.23764652,3.39644888,25.86478016,-120.3037,-39.50338
6.77,-2.55311862,3.45232993,25.8830506,-24.6137,-72.79338
6.78,-2.87462087,3.49138839,25.89450498,-75.7337,-86.00338
6.79,-3.20545426,3.5239795,25.89791104,-201.2237,-75.58338
6.8,-3.55415579,3.56425852,25.89412353,-240.6037,-49.02338
6.81,-3.92404896,3.6220612,25.88631547,-169.2937,14.35662
6.82,-4.30977477,3.69414053,25.87862558,-58.1737,26.58662
6.83,-4.70281223,3.76620027,25.87134589,-10.8837,-49.57338
6.84,-5.09941333,3.83113866,25.86011488,-66.6637,-83.94338
6.85,-5.50254732,3.89731871,25.84259081,-121.1637,-32.71338
6.86,-5.9159147,3.97522891,25.82154867,-104.4037,10.19662
6.87,-6.33855922,4.06389452,25.80085622,-45.1737,27.85662
6.88,-6.76546564,4.15245854,25.78295995,20.2163,47.48662
6.89,-7.19137995,4.23079121,25.76910412,40.3663,40.33662
6.9,-7.61473464,4.29688479,25.75889073,-2.6237,19.08662
6.91,-8.03850849,4.35631477,25.75091452,-55.9437,12.52662
6.92,-8.46652647,4.42186791,25.74452825,-59.3137,21.00662
6.93,-8.89922209,4.51166246,25.74062016,-16.5937,46.13662
6.94,-9.33378611,4.63472641,25.74052126,13.7063,40.63662
6.95,-9.76784002,4.78141752,25.7437878,5.5263,8.75662
6.96,-10.20157957,4.93723428,25.74927002,-16.2437,32.02662
6.97,-10.63663976,5.0985937,25.75869668,-29.9237,86.51662
6.98,-11.07480909,5.26924952,25.77562377,-52.3337,96.50662
6.99,-11.51805732,5.4519665,25.8018463,-72.6237,93.83662
7.0,-11.96733819,5.65038989,25.83830602,-47.7837,126.85662
7.01,-12.42097845,5.86734793,25.88682692,-10.2437,136.44662
7.02,-12.87637735,6.09476212,25.94750851,-6.1337,88.22662
7.03,-13.33256839,6.31398398,26.01746928,-13.2337,59.81662
7.04,-13.78972158,6.50733499,26.09453774,-9.9437,77.99662
7.05,-14.24792065,6.6650139,26.17912739,-12.7737,86.58662
7.06,-14.70738587,6.78735797,26.27248297,-19.2137,101.01662
7.07,-15.16782598,6.8868812,26.37758399,8.1463,182.74662
7.08,-15.62721499,6.98250408,26.50082669,40.9063,260.70662
7.09,-16.08327563,7.08811537,26.64764908,39.1163,240.57662
7.1,-16.53504067,7.20827131,26.81781491,48.6263,193.42662
7.11,-16.98150134,7.33960791,27.00796167,71.7463,173.35662
7.12,-17.42097441,7.47496591,27.21572912,83.3263,166.23662
7.13,-17.85184163,7.61152307,27.4412465,101.7763,205.71662
7.14,-18.27228298,7.75514839,27.68770382,126.0963,261.47662
7.15,-18.67986498,7.91661436,27.95879483,156.3463,258.22662
7.16,-19.07222311,8.10130924,28.25363802,166.1063,173.70662
7.17,-19.44886289,8.30140577,28.56495364,136.1163,54.80662
7.18,-19.81145331,8.50308246,28.88340446,119.5763,3.63662
7.19,-20.16154213,8.69798281,29.20359921,120.7363,9.22662
7.2,-20.50008833,8.88536581,29.52403589,96.5963,-10.86338
7.21,-20.82855568,9.07377572,29.84352876,85.1663,-23.70338
7.22,-21.14711917,9.27917403,30.16090707,125.1663,-24.76338
7.23,-21.4540828,9.508392,30.47410207,124.4363,-92.55338
7.24,-21.75069707,9.74879962,30.77756949,35.8763,-177.68338
7.25,-22.04272798,9.9823219,31.06479336,-16.9137,-200.27338
7.26,-22.33447979,10.19887509,31.33129466,5.0563,-249.12338
7.27,-22.62544149,10.39367318,31.5706804,34.3463,-384.55338
7.28,-22.91183058,10.56491343,31.77178607,105.0963,-511.42338
7.29,-23.18665781,10.71204233,31.92340518,213.8763,-570.51338
7.3,-23.44092593,10.83069114,32.01866598,285.4563,-600.33338
7.31,-23.6662742,10.9169256,32.05321621,367.9463,-655.69338
7.32,-23.85380285,10.97342572,32.02145012,487.3763,-739.38338
7.33,-23.99337115,11.00610675,31.91621948,571.6563,-802.57338
7.34,-24.07616534,11.02303493,31.73164277,636.2163,-827.76338
7.35,-24.09563043,11.03464602,31.46565324,685.0163,-796.86338
7.36,-24.04827465,11.04655076,31.1215634,662.5263,-700.97338
7.37,-23.93551927,11.05667591,30.70719,601.8563,-610.98338
7.38,-23.76223528,11.06118722,30.23023628,550.8463,-578.72338
7.39,-23.53296668,11.05922193,29.69450825,531.7763,-580.99338
7.4,-23.24971122,11.05427155,29.10132765,541.0163,-555.84338
7.41,-22.91284065,11.05430757,28.45378574,526.7363,-480.22338
7.42,-22.52362298,11.06999525,27.75811202,495.3363,-407.43338
7.43,-22.0846337,11.11075908,27.02128423,469.3963,-349.52338
7.44,-21.59875281,11.18230757,26.24968138,437.4763,-282.97338
7.45,-21.06906606,11.28546122,25.44956222,403.8263,-223.63338
7.46,-20.49931195,11.41108402,24.62679249,353.5063,-174.23338
7.47,-19.89467674,11.53832322,23.78635119,280.3463,-133.21338
7.48,-19.26111216,11.64554409,22.93187259,238.9163,-119.28338
7.49,-18.60155548,11.72404386,22.06529616,277.4463,-110.58338
7.5,-17.91349094,11.78018028,21.18846443,342.4463,-68.21338
7.51,-17.19269104,11.82666111,20.30497638,343.0163,-17.69338
7.52,-16.43927829,11.87345885,19.41915202,271.9763,11.69662
7.53,-15.65857992,11.92417674,18.53425834,200.3963,33.07662
7.54,-14.85590095,11.97732179,17.65215035,202.3963,35.12662
7.55,-14.03217837,12.02820324,16.77315829,232.4963,22.85662
7.56,-13.18673818,12.06913435,15.89675467,197.2563,24.24662
7.57,-12.32094789,12.09702786,15.02239699,182.9363,12.03662
7.58,-11.43458823,12.12331903,14.14914449,255.5863,-2.56338
7.59,-10.52492197,12.16141136,13.27688918,234.0963,34.52662
7.6,-9.59454685,12.20526584,12.4079978,100.5163,69.61662
7.61,-8.65175962,12.23318348,11.54444211,57.2963,41.21662
7.62,-7.70170328,12.22439602,10.68438036,71.5963,-10.74338
7.63,-6.74442059,12.16996472,9.82347304,84.5063,-52.00338
7.64,-5.77638829,12.08139333,8.95814116,185.3163,-60.68338
7.65,-4.79002962,11.98440809,8.08833046,273.8563,-4.23338
7.66,-3.78023086,11.89692501,7.2186497,200.5163,75.89662
7.67,-2.75197573,11.81799808,6.35518813,59.3063,102.75662
7.68,-1.71574724,11.73308606,5.50086449,-4.2537,85.65662
7.69,-0.6784184,11.62232744,4.65485079,-10.8437,59.87662
7.7,0.3583228,11.47023373,3.81468277,-1.6237,29.96662
7.71,1.39611686,11.27289368,2.97837594,52.1463,36.18662
7.72,2.43911178,11.03542378,2.1465273,101.3063,77.53662
7.73,3.49122681,10.76711204,1.32199359,105.9863,102.88662
7.74,4.55359544,10.4801927,0.50746357,92.8063,118.38662
7.75,5.62507244,10.18889802,-0.29540352,68.6763,128.40662
7.76,6.70405204,9.908669,-1.08538842,65.8863,141.63662
7.77,7.78956675,9.65183438,-1.86076339,56.8963,174.26662
7.78,8.87989282,9.41972441,-2.61923991,8.7163,187.31662
7.79,9.97132799,9.20095935,-3.35971251,-34.0237,172.80662
7.8,11.05951552,8.9798522,-4.08299291,-74.6337,156.30662
7.81,12.14102442,8.74981271,-4.79003463,-87.9137,165.67662
7.82,13.21430742,8.51642911,-5.47945842,-82.6337,218.60662
7.83,14.27803452,8.28724818,-6.14731427,-133.1137,261.37662
7.84,15.32882774,8.06971415,-6.78960418,-172.5537,282.82662
7.85,16.36392356,7.87736528,-7.40324541,-153.7337,320.46662
7.86,17.383669,7.72548256,-7.9852942,-138.0537,341.48662
7.87,18.38940004,7.618381,-8.53452705,-134.7937,310.74662
7.88,19.38183294,7.54217309,-9.05377522,-128.3437,237.95662
7.89,20.36151044,7.47349909,-9.54842145,-122.7937,198.96662
7.9,21.32802556,7.397938,-10.02044075,-156.6237,270.73662
7.91,22.27729328,7.31574056,-10.46417061,-257.9137,392.68662
7.92,23.20026536,7.23259403,-10.86949554,-383.4337,481.63662
7.93,24.08591305,7.15415115,-11.22726603,-472.2537,547.76662
7.94,24.92618385,7.08705318,-11.53090908,-491.1937,589.47662
7.95,25.7187935,7.03635636,-11.77742045,-455.8637,560.09662
7.96,26.46626527,7.0055547,-11.96859813,-406.6537,505.22662
7.97,27.17284864,7.0019417,-12.10719112,-370.4237,534.38662
7.98,27.84246112,7.0299091,-12.19211543,-335.3937,574.29662
7.99,28.47974721,7.07742191,-12.2227628,-255.9037,489.64662
8.0,29.09145015,7.11994087,-12.20451024,-180.1837,403.95662
8.01,29.68271021,7.13508899,-12.14253974,-205.5037,452.70662
8.02,30.25221762,7.10899102,-12.03541181,-282.9737,498.47662
8.03,30.79454889,7.03814345,-11.87968894,-319.6537,495.68662
8.04,31.30607027,6.93050928,-11.67282038,-314.1737,557.52662
8.05,31.78728276,6.79971853,-11.41160664,-268.4137,564.61662
8.06,32.2423006,6.66025017,-11.09653846,-200.8437,468.96662
8.07,32.67622456,6.52851198,-10.73266835,-177.7137,451.07662
8.08,33.09157362,6.41953944,-10.32302279,-190.7837,461.44662
8.09,33.48816529,6.34234655,-9.86864106,-195.0737,417.02662
8.1,33.86513757,6.29894682,-9.37240189,-207.9037,380.34662
8.11,34.22108945,6.28263925,-8.83875428,-233.9937,320.16662
8.12,34.55360145,6.28190008,-8.27317248,-265.7637,258.23662
8.13,34.85927005,6.28811957,-7.679946,-312.2737,270.69662
8.14,35.13453101,6.29249547,-7.05996034,-330.0537,272.28662
8.15,35.37809983,6.28149502,-6.41499098,-299.3637,185.62662
8.16,35.59056,6.24641697,-5.7507702,-319.6237,128.06662
8.17,35.76919204,6.18997383,-5.07132197,-418.5737,168.88662
8.18,35.90733093,6.11749885,-4.37557906,-467.0137,187.49662
8.19,36.00097568,6.03121652,-3.66281397,-431.2237,138.55662
8.2,36.05123904,5.9333826,-2.93605743,-409.8537,96.59662
8.21,36.05921751,5.82785884,-2.19841247,-444.5237,105.33662
8.22,36.02229033,5.71975123,-1.44908331,-501.3837,161.64662
8.23,35.93648127,5.61367828,-0.68378997,-512.0437,211.48662
8.24,35.80149031,5.50954598,0.1015628,-445.8637,219.30662
8.25,35.62248346,5.39824734,0.90756327,-360.9237,177.35662
8.26,35.40637922,5.2653286,1.73022016,-320.2437,93.78662
8.27,35.15621458,5.10815377,2.563808,-365.0637,73.85662
8.28,34.86823981,4.94774509,3.40769452,-466.0937,171.99662
8.29,34.53603189,4.81616732,4.26845322,-476.1337,258.58662
8.3,34.16052258,4.73230221,5.15130587,-317.7537,196.13662
8.31,33.75465263,4.68716475,6.05024969,-106.8437,-5.66338
8.32,33.33526054,4.64985545,6.94962896,-13.5037,-165.84338
8.33,32.9102288,4.58960431,7.83761141,-95.7937,-116.97338
8.34,32.47429093,4.48989207,8.71615179,-235.2137,23.65662
8.35,32.01763866,4.34663198,9.59480961,-266.4137,75.90662
8.36,31.537069,4.16568255,10.47909662,-192.7137,51.24662
8.37,31.03691269,3.96230103,11.36738532,-135.6837,-16.78338
8.38,30.521873,3.75777041,12.2548307,-135.3137,-49.86338
8.39,29.99349041,3.57255745,13.13934751,-131.4637,0.91662
8.4,29.45317919,3.4167364,14.02238701,-82.9637,-9.51338
8.41,28.90462532,3.288048,14.9024257,-36.3737,-100.37338
8.42,28.35136255,3.17890225,15.77379507,-36.7037,-134.96338
8.43,27.79413015,3.07902467,16.63278288,-53.0637,-123.41338
8.44,27.2320246,2.97534373,17.47935388,-56.1537,-113.33338
8.45,26.66455242,2.85770196,18.31478056,-53.3537,-94.14338
8.46,26.09191459,2.72516809,19.14032793,-47.8237,-92.00338
8.47,25.51473837,2.58538362,19.95625973,-36.5937,-104.92338
8.48,24.93427525,2.44803006,20.76219672,-14.5237,-96.39338
8.49,24.35287275,2.31814666,21.55852164,24.0063,-85.22338
8.5,23.77392485,2.19207616,22.34585351,60.6363,-91.33338
8.51,23.20048831,2.05783382,23.1237548,71.1163,-107.78338
8.52,22.63386563,1.90300663,23.89035079,65.6263,-143.76338
8.53,22.07403031,1.72444935,24.64221595,65.0663,-192.37338
8.54,21.5210426,1.53037273,25.37503156,74.0863,-231.92338
8.55,20.97558974,1.33644551,26.0848276,84.0963,-263.01338
8.56,20.43852124,1.1619937,26.76857333,89.0363,-282.51338
8.57,19.91050635,1.02527779,27.42485274,95.9163,-269.06338
8.58,19.39158407,0.93405779,28.05499284,78.7763,-223.38338
8.59,18.8797594,0.87884944,28.66265137,26.3763,-181.88338
8.6,18.37128433,0.83870975,29.25158384,-1.6037,-160.34338
8.61,17.86335588,0.79117197,29.82434575,-5.3637,-142.70338
8.62,17.35480678,0.71770284,30.38247384,-16.5537,-138.05338
8.63,16.84541829,0.60923737,30.92611662,0.8363,-159.05338
8.64,16.33706641,0.4700638,31.45372134,52.2863,-183.81338
8.65,15.83422788,0.31530864,31.96342549,111.0663,-187.79338
8.66,15.34237321,0.16475963,32.45512533,160.8763,-159.22338
8.67,14.86629716,0.03566028,32.93154935,194.2663,-103.24338
8.68,14.40928896,-0.06531866,33.39789581,209.2463,-35.84338
8.69,13.97211861,-0.14661345,33.86038045,176.6963,22.00662
8.7,13.55275413,-0.22214958,34.32400928,145.5363,39.14662
8.71,13.15050125,-0.29352405,34.7909218,212.6363,32.59662
8.72,12.77035199,-0.35097988,35.26138875,309.2763,39.38662
8.73,12.41889558,-0.39347754,35.73545939,312.4663,34.32662
8.74,12.09663228,-0.43765155,36.21289771,229.4563,28.21662
8.75,11.79761133,-0.5057864,36.69438397,154.2563,72.70662
8.76,11.51676125,-0.6081176,37.18343392,184.8063,130.46662
8.77,11.25678502,-0.73329689,37.68415605,307.0263,134.79662
8.78,11.0268854,-0.85250303,38.19682712,400.1463,79.44662
8.79,10.83420864,-0.93532076,38.71670212,377.5363,-3.98338
8.8,10.67624824,-0.96927933,39.23636606,229.3763,-78.37338
8.81,10.53985895,-0.96810325,39.74896544,22.4963,-120.30338
8.82,10.40822451,-0.95628451,40.25058675,-88.2337,-118.59338
8.83,10.27218493,-0.94545437,40.74065875,-26.2937,-102.93338
8.84,10.13422246,-0.93187032,41.21951643,59.8463,-122.56338
8.85,10.00019885,-0.90983612,41.6858618,60.0963,-150.88338
8.86,9.87101485,-0.87777876,42.13775011,9.4863,-152.40338
8.87,9.74143145,-0.83728674,42.57433235,-99.1037,-155.00338
8.88,9.60182066,-0.78903157,42.99515903,-216.4337,-166.26338
8.89,9.44235524,-0.72578024,43.39924389,-266.2737,-180.59338
8.9,9.25693091,-0.63382326,43.78532769,-293.4337,-191.04338
8.91,9.04229145,-0.50280637,44.15328893,-319.5237,-160.67338
8.92,8.79692485,-0.33256357,44.50594785,-300.6637,-98.15338
8.93,8.5224421,-0.13717487,44.84800746,-247.8537,-65.44338
8.94,8.22247696,0.05647899,45.18208225,-226.9837,-88.80338
8.95,7.89881918,0.22224325,45.50667023,-249.9437,-134.87338
8.96,7.55061926,0.34616067,45.8177639,-258.8737,-179.67338
8.97,7.1777007,0.42444324,46.1106225,-225.1137,-233.63338
8.98,6.78302449,0.46335947,46.38027779,-165.2637,-279.64338
8.99,6.37254639,0.48522261,46.62253501,-80.4937,-301.45338
9.0,5.95502815,0.52152715,46.83549142,40.5863,-287.93338
9.01,5.54134977,0.59324759,47.02146202,148.8563,-200.56338
9.02,5.1406545,0.7010562,47.18791055,176.9663,-90.27338
9.03,4.75683558,0.8337362,47.34315377,168.2063,-65.55338
9.04,4.39082353,0.98057737,47.48954917,194.8363,-130.98338
9.05,4.04426808,1.13557419,47.62240626,216.3263,-212.46338
9.06,3.71825449,1.29537792,47.73563653,190.1263,-227.61338
9.07,3.41190275,1.4584243,47.82820674,185.8363,-157.16338
9.08,3.12501288,1.62446108,47.90559064,212.6163,-63.96338
9.09,2.85757811,1.78931803,47.97601348,163.0763,8.19662
9.1,2.60595545,1.94595363,48.04639199,89.6563,47.34662
9.11,2.3663099,2.09744488,48.12045795,132.6363,46.15662
9.12,2.14075996,2.25987129,48.19867684,204.8363,28.00662
9.13,1.93384538,2.44981636,48.28008442,199.0463,26.92662
9.14,1.7466314,2.67481808,48.36496618,181.0363,58.65662
9.15,1.57790204,2.92832196,48.45595013,174.2063,101.39662
9.16,1.42586378,3.18713524,48.55600502,134.1363,102.93662
9.17,1.28659513,3.41921793,48.66533759,64.2463,65.38662
9.18,1.15467533,3.59807878,48.78164809,27.2663,46.95662
9.19,1.02759065,3.70961778,48.90311229,70.5663,48.39662
9.2,0.90822732,3.74834269,49.02892066,136.3963,31.56662
9.21,0.8021701,3.714324,49.15780623,184.8263,13.10662
9.22,0.71492824,3.61355997,49.28841098,242.5063,12.53662
9.23,0.65135174,3.45418759,49.42019942,272.7163,10.71662
9.24,0.61373584,3.24395887,49.55274754,246.4263,-2.03338
9.25,0.60080556,2.99647006,49.6845496,217.7963,-34.94338
9.26,0.61118738,2.7382874,49.81230834,246.4063,-88.26338
9.27,0.64744956,2.50349915,49.93174852,320.5463,-119.72338
9.28,0.71305635,2.31046705,50.04036764,282.2263,-103.58338
9.29,0.802421,2.14372411,50.13868819,61.2563,-83.50338
9.3,0.9007445,1.97231607,50.22734843,-50.4437,-114.27338
9.31,1.00017186,1.78302944,50.30281161,79.7263,-214.28338
9.32,1.10686083,1.58494347,50.35556147,177.3963,-364.14338
9.33,1.22941166,1.39393715,50.37338401,195.8963,-452.97338
9.34,1.3709936,1.22089649,50.3494285,187.9963,-399.48338
9.35,1.5282969,1.06580798,50.28591066,52.9063,-329.00338
9.36,1.69180155,0.92538713,50.18640827,-49.8137,-380.34338
9.37,1.85420631,0.80844019,50.04677731,-1.3337,-513.90338
9.38,2.01655218,0.7368694,49.85699953,46.0663,-596.17338
9.39,2.18250316,0.73137251,49.6107132,49.3463,-552.54338
9.4,2.35220274,0.79226979,49.3105513,1.1263,-452.21338
9.41,2.52091419,0.89136471,48.96340708,-95.1837,-420.77338
9.42,2.68235449,0.9919313,48.5711348,-105.6637,-509.81338
9.43,2.83548215,1.07505729,48.12742546,-30.0537,-615.53338
9.44,2.98472592,1.13993218,47.6247758,6.3563,-615.18338
9.45,3.13432555,1.19363699,47.06156283,27.5163,-575.08338
9.46,3.28720653,1.25059744,46.44013329,65.8063,-561.76338
9.47,3.44602512,1.32810256,45.76314744,74.3163,-522.09338
9.48,3.61185658,1.43420632,45.03477028,62.0163,-448.15338
9.49,3.78370264,1.5608825,44.26157555,38.1763,-372.75338
9.5,3.95938705,1.68552708,43.45026701,11.1063,-329.34338
9.51,4.13672733,1.78128657,42.6041809,1.7863,-358.11338
9.52,4.31484246,1.83390371,41.72043748,12.2563,-459.17338
9.53,4.49551095,1.852578,40.790156,71.7763,-583.51338
9.54,4.68456255,1.86597796,39.8029927,175.4563,-647.52338
9.55,4.88994701,1.90472232,38.75520583,226.5663,-544.83338
9.56,5.11495658,1.98085583,37.65663841,152.3563,-292.48338
9.57,5.35467225,2.08509075,36.52558892,52.9063,-167.93338
9.58,5.60292704,2.20619658,35.36980486,79.3363,-359.48338
9.59,5.86114543,2.34516256,34.17677025,182.9063,-601.57338
9.6,6.13567843,2.5054722,32.93098106,203.3763,-546.00338
9.61,6.42779003,2.67661874,31.63606532,109.4263,-269.93338
9.62,6.7309685,2.83609944,30.31101651,16.3863,-117.90338
9.63,7.03795857,2.9671158,28.96861513,6.2063,-186.81338
9.64,7.34679325,3.06812331,27.60635194,40.9263,-301.39338
9.65,7.65983504,3.14855448,26.21519994,76.1663,-364.40338
9.66,7.98026019,3.2234093,24.78897562,98.0163,-371.14338
9.67,8.3098097,3.30904628,23.32764574,88.7163,-295.98338
9.68,8.64805356,3.41611316,21.83814605,68.2663,-162.13338
9.69,8.99354703,3.54355695,20.33187779,60.6763,-48.94338
9.7,9.34494261,3.6807344,18.81894997,42.4063,-4.81338
9.71,9.7007748,3.81564375,17.30396783,27.9163,-22.05338
9.72,10.05987585,3.93689101,15.78647488,28.4563,-49.96338
9.73,10.421116,4.02934842,14.26459661,-3.3237,-51.88338
9.74,10.78228551,4.07914299,12.73774529,-28.6937,-43.64338
9.75,11.14197788,4.08347321,11.20658989,-2.4337,-31.44338
9.76,11.50135586,4.05019734,9.67228569,16.9263,-17.87338
9.77,11.86234895,3.99472813,8.13620791,29.1263,-2.20338
9.78,12.2267919,3.93643582,6.60082458,58.7563,51.60662
9.79,12.5961602,3.88608992,5.07095718,46.3163,121.17662
9.8,12.96914961,3.83921717,3.55186347,-10.6037,138.53662
9.81,13.34198663,3.78704333,2.04545094,-35.2637,110.54662
9.82,13.71259426,3.7269464,0.55006185,-12.1037,82.85662
9.83,14.0821475,3.65906412,-0.93676831,13.2363,67.64662
9.84,14.45247559,3.5804035,-2.41643203,12.5663,70.05662
9.85,14.82417829,3.49001103,-3.88841656,12.5563,100.95662
9.86,15.19792885,3.39807072,-5.35005866,40.1763,143.27662
9.87,15.57555302,3.32423281,-6.79749632,57.9763,182.21662
9.88,15.95812755,3.28709306,-8.22628329,37.8263,239.86662
9.89,16.34415993,3.29241297,-9.63117233,0.6263,295.51662
9.9,16.73009443,3.32673203,-11.00832469,-47.0537,280.11662
9.91,17.11179628,3.36873324,-12.35818935,-79.8837,237.30662
9.92,17.48647474,3.40827312,-13.68232708,-78.1737,275.89662
9.93,17.8527058,3.44535115,-14.97768838,-105.7237,363.50662
9.94,18.20738598,3.47673083,-16.23667549,-176.4737,453.60662
9.95,18.54477126,3.49176317,-17.44985641,-237.1837,563.07662
9.96,18.85875066,3.47376842,-18.6083519,-289.4537,609.20662
9.97,19.14386266,3.40887782,-19.7072352,-342.6637,604.54662
9.98,19.39442501,3.30151988,-20.74263957,-411.2637,722.40662
9.99,19.60354448,3.17513684,-21.70320825,-496.5837,945.61662
10.0,19.76520355,3.05908321,-22.57060324,-498.0437,1114.85662
10.01,19.88120499,2.97600173,-23.3314193,-337.6937,1089.37662
10.02,19.96494078,2.92946791,-23.99080742,-121.2537,765.05662
10.03,20.03288793,2.9041445,-24.57427636,-55.4037,418.82662
10.04,20.09093693,2.88520749,-25.10533986,-167.9237,495.05662
10.05,20.1338538,2.87147764,-25.58232617,-218.0937,755.69662
10.06,20.15942877,2.86772419,-25.99187955,-93.6237,692.41662
10.07,20.1755496,2.8723839,-26.33573524,23.1163,488.92662
10.08,20.19163354,2.87762152,-26.62695075,41.8563,436.88662
10.09,20.21143434,2.88045179,-26.87367532,37.7863,418.48662
10.1,20.23533575,2.88737622,-27.07783095,42.5363,430.44662
10.11,20.26380201,2.90418005,-27.2389964,55.6763,441.77662
10.12,20.29815038,2.92943079,-27.35897191,77.3363,335.14662
10.13,20.34022861,2.96353693,-27.44337874,94.7863,312.22662
10.14,20.39131445,3.01508498,-27.49285113,89.3363,439.32662
10.15,20.4509904,3.09409419,-27.50030508,66.0863,491.40662
10.16,20.5176697,3.20364555,-27.4607146,54.5663,461.18662
10.17,20.59015412,3.33291532,-27.37611918,52.9263,387.96662
10.18,20.66757839,3.45662124,-27.25486283,33.1163,230.86662
10.19,20.74769252,3.55259032,-27.10855829,-15.6237,153.77662
10.2,20.82622775,3.61944156,-26.94178456,-69.0837,281.89662
10.21,20.8984436,3.6710222,-26.7458464,-103.0437,450.55662
10.22,20.96093655,3.72354249,-26.5081273,-117.8037,489.77662
10.23,21.01268236,3.79254344,-26.22386027,-95.2937,433.35662
10.24,21.05607028,3.88701355,-25.8961853,-29.9837,381.37662
10.25,21.09634631,3.99844382,-25.53120664,26.7263,297.58662
10.26,21.1379392,4.10678599,-25.13761555,25.1463,169.49662
10.27,21.18065919,4.20374031,-24.72350453,-35.9937,185.76662
10.28,21.2198543,4.30038429,-24.28655656,-98.2137,373.99662
10.29,21.25104451,4.40578318,-23.81472041,-91.8337,463.31662
10.3,21.27443232,4.50843547,-23.30252608,-34.2737,315.24662
10.31,21.2936075,4.58727892,-22.75939456,-12.1837,145.22662
10.32,21.30977829,4.63293652,-22.1971961,-65.5937,158.52662
10.33,21.31951093,4.65301953,-21.61731221,-118.2137,246.68662
10.34,21.31941118,4.6674957,-21.01262138,-95.3337,341.92662
10.35,21.31051954,4.69952877,-20.37401236,-46.8537,427.73662
10.36,21.29685676,4.75710475,-19.69742266,-5.8637,323.37662
10.37,21.28267333,4.82306138,-18.99098752,33.6963,120.87662
10.38,21.27069877,4.86711942,-18.2689707,22.7663,59.68662
10.39,21.26030106,4.86339986,-17.53953019,-20.2137,58.24662
10.4,21.24892546,4.80122421,-16.80473325,-25.5137,39.62662
10.41,21.23551372,4.68890497,-16.06335162,-14.2637,127.43662
10.42,21.22014958,4.54532688,-15.3076093,-28.1137,281.47662
10.43,21.20222031,4.38481595,-14.52808755,-36.1737,262.33662
10.44,21.18131764,4.21037092,-13.72704111,-22.5337,56.38662
10.45,21.15753758,4.01466755,-12.91863048,-37.9137,-78.99338
10.46,21.12946863,3.78342534,-12.11393842,-77.2537,-45.59338
10.47,21.09450854,3.50337828,-11.31371318,-87.2837,-6.94338
10.48,21.0511433,3.17084937,-10.51531824,-88.4437,-12.18338
10.49,20.99855943,2.79662488,-9.71661837,-108.6337,45.05662
10.5,20.93532666,2.40743279,-8.91223382,-124.3037,151.00662
10.51,20.85966125,2.03653485,-8.09357683,-144.1237,225.37662
10.52,20.7693627,1.70652107,-7.2559759,-176.8337,157.54662
10.53,20.66232225,1.42453269,-6.40578079,-175.9437,-35.15338
10.54,20.53855942,1.18575448,-5.55543724,-144.2337,-79.75338
10.55,20.40015944,0.96889116,-4.70979701,-125.1337,8.07662
10.56,20.24948232,0.73817851,-3.86590234,-100.6437,-4.67338
10.57,20.08887006,0.46010175,-3.02288673,-75.0437,-32.34338
10.58,19.9198654,0.11641216,-2.18233444,-89.0237,-27.62338
10.59,19.74138261,-0.29070103,-1.34510046,-130.0937,-43.59338
10.6,19.54918817,-0.73738232,-0.50974654,-203.3137,41.15662
10.61,19.33630159,-1.18599319,0.33137681,-295.0237,193.60662
10.62,19.09628187,-1.60019242,1.18818984,-296.0237,200.76662
10.63,18.82944776,-1.95748273,2.06014231,-189.5637,11.98662
10.64,18.54285225,-2.25050589,2.93324022,-119.3637,-177.37338
10.65,18.24202086,-2.47992315,3.79349907,-145.2037,-169.25338
10.66,17.92728907,-2.6535815,4.6394211,-150.3037,-56.04338
10.67,17.59927289,-2.79260344,5.47838831,-89.6237,4.69662
10.68,17.26127407,-2.92793598,6.31599996,-73.8137,-6.02338
10.69,16.91392485,-3.08348836,7.1509373,-140.8237,-98.07338
10.7,16.5519215,-3.26184284,7.97655533,-234.7637,-169.05338
10.71,16.166227,-3.44590541,8.78822654,-341.3537,-120.14338
10.72,15.74695511,-3.61259707,9.58801818,-429.6837,-64.29338
10.73,15.28717483,-3.74621933,10.37971126,-423.6737,-73.66338
10.74,14.78724116,-3.84436394,11.16302453,-333.1637,-122.02338
10.75,14.25319259,-3.91556763,11.93344274,-278.6537,-196.54338
10.76,13.68891063,-3.97142368,12.68480113,-322.9237,-245.73338
10.77,13.09229954,-4.01884631,13.41274045,-372.7237,-247.20338
10.78,12.46062555,-4.05749204,14.11662071,-338.2037,-220.67338
10.79,11.79659466,-4.08398087,14.79884691,-249.2037,-176.06338
10.8,11.10800764,-4.09836353,15.46291354,-149.6937,-152.03338
10.81,10.40401147,-4.10385005,16.11081161,-71.8337,-165.06338
10.82,9.69166266,-4.10026815,16.74222937,-44.8037,-175.50338
10.83,8.97441221,-4.08181261,17.35672081,-38.6837,-159.43338
10.84,8.25359787,-4.04111765,17.95553394,-24.4437,-131.21338
10.85,7.53081939,-3.97269129,18.54119,4.9463,-102.87338
10.86,6.80914151,-3.87691927,19.11680525,54.5163,-63.12338
10.87,6.092486,-3.76619485,19.68596969,82.8563,-27.36338
10.88,5.38318734,-3.66235652,20.25141606,69.9863,-29.32338
10.89,4.68081329,-3.58473029,20.81350362,50.0963,-46.79338
10.9,3.98372634,-3.5421144,21.37104111,37.2463,-57.54338
10.91,3.29138876,-3.52965411,21.92252754,61.3263,-78.61338
10.92,2.60673378,-3.52966241,22.46646765,143.3463,-85.53338
10.93,1.93578041,-3.52377255,23.00281546,195.9863,-52.46338
10.94,1.28247615,-3.50707429,23.53398094,166.5863,-15.28338
10.95,0.64552225,-3.48896012,24.06324987,120.7963,8.71662
10.96,0.02137471,-3.4848118,24.59299347,100.0163,18.38662
10.97,-0.59162948,-3.50649982,25.12367802,120.8463,-6.30338
10.98,-1.19135356,-3.55687118,25.65359025,185.4363,-35.12338
10.99,-1.77202428,-3.63263264,26.18083867,266.3563,-28.45338
11.0,-2.32584014,-3.72950894,26.70553552,351.9863,-8.48338
11.01,-2.84445339,-3.84179459,27.22910906,433.7163,2.03662
11.02,-3.31853029,-3.95599458,27.75259379,557.9763,2.40662
11.03,-3.73553757,-4.04680467,28.2755722,729.0563,-25.55338
11.04,-4.08204575,-4.08545385,28.79475929,799.8163,-101.40338
11.05,-4.35336632,-4.05642812,29.30345083,674.7563,-189.91338
11.06,-4.56102354,-3.97135649,29.79461029,393.1463,-218.50338
11.07,-4.72859989,-3.86670495,30.2654312,138.1263,-185.07338
11.08,-4.87602514,-3.77686926,30.71699804,132.5863,-179.96338
11.09,-5.00581927,-3.70828116,31.14857082,297.8863,-253.21338
11.1,-5.10669255,-3.6438484,31.55465703,424.4163,-331.52338
11.11,-5.16663123,-3.56303099,31.92947743,486.6063,-332.82338
11.12,-5.18089029,-3.45817693,32.27282026,425.4963,-260.38338
11.13,-5.1561575,-3.34460895,32.59094903,218.0163,-153.42338
11.14,-5.10779709,-3.25095608,32.89256049,79.5163,-91.91338
11.15,-5.04681683,-3.19441429,33.18170588,123.6863,-159.84338
11.16,-4.97124321,-3.17219085,33.45304246,252.7863,-299.20338
11.17,-4.87061949,-3.17245801,33.69594923,368.6863,-377.39338
11.18,-4.7355989,-3.18570801,33.90347668,381.6563,-359.63338
11.19,-4.56502096,-3.21061385,34.07655431,286.2363,-279.78338
11.2,-4.36537841,-3.25207504,34.22115888,204.3963,-218.17338
11.21,-4.14295825,-3.31042632,34.34077139,212.0163,-282.00338
11.22,-3.89796423,-3.37382819,34.43026984,270.4663,-420.83338
11.23,-3.62683235,-3.42487616,34.48005497,288.5063,-463.31338
11.24,-3.32899462,-3.45394748,34.48637203,216.6963,-389.71338
11.25,-3.00989053,-3.46454089,34.45370179,124.6963,-315.20338
11.26,-2.67689908,-3.46821789,34.38784072,85.3463,-305.96338
11.27,-2.33487327,-3.47560624,34.2896386,61.9263,-364.96338
11.28,-1.9869316,-3.48833543,34.15424116,23.3763,-450.37338
11.29,-1.63598633,-3.49704746,33.9745364,7.4063,-505.03338
11.3,-1.2837982,-3.48896884,33.74588209,7.4663,-495.99338
11.31,-0.93163096,-3.45908707,33.4694862,-27.2337,-411.09338
11.32,-0.58207636,-3.41521413,33.15241876,-61.5637,-307.13338
11.33,-0.23797365,-3.3766313,32.80341275,-71.7737,-250.63338
11.34,0.09823992,-3.36745605,32.42807367,-114.5137,-243.37338
11.35,0.42291659,-3.4020329,32.02731929,-164.7337,-277.68338
11.36,0.73194812,-3.47482935,31.59856833,-185.8837,-319.57338
11.37,1.02328301,-3.56555864,31.13840807,-175.4237,-337.99338
11.38,1.29854326,-3.64783027,30.64513449,-110.3137,-327.42338
11.39,1.56304311,-3.69884725,30.12059609,-38.4237,-256.20338
11.4,1.82250458,-3.71439882,29.57212714,-18.4337,-115.84338
11.41,2.0785304,-3.71423674,29.01108886,-66.1937,-13.33338
11.42,2.32742058,-3.72806875,28.44417353,-138.6637,-91.02338
11.43,2.56389487,-3.7773086,27.86599338,-157.1737,-253.66338
11.44,2.78625677,-3.86878405,27.26463841,-115.5437,-327.09338
11.45,2.99838452,-3.99709709,26.63184238,-25.1637,-348.24338
11.46,3.20762839,-4.15068923,25.96552154,46.4563,-315.86338
11.47,3.41969961,-4.32041571,25.26947088,41.2863,-207.67338
11.48,3.63618919,-4.50026779,24.55179066,43.6463,-132.42338
11.49,3.85736987,-4.68140046,23.81911613,55.0063,-125.70338
11.5,4.08331192,-4.85143247,23.07276853,32.7363,-161.54338
11.51,4.31293257,-4.99780083,22.31047037,22.6063,-187.68338
11.52,4.54505208,-5.11047403,21.53094914,17.9463,-150.46338
11.53,4.77930145,-5.18450908,20.7369186,22.6363,-90.21338
11.54,5.01583068,-5.22510372,19.934121,23.9163,-18.24338
11.55,5.25355402,-5.2500267,19.12906183,-26.7637,37.78662
11.56,5.48923071,-5.27804678,18.32564009,-56.3137,9.71662
11.57,5.72072727,-5.31468421,17.5224863,-31.8737,-44.95338
11.58,5.94920793,-5.35255048,16.71544244,-4.6337,-73.86338
11.59,6.17786544,-5.37822084,15.90130976,44.1563,-89.32338
11.6,6.41069932,-5.38155679,15.07961952,79.3163,-48.24338
11.61,6.64939531,-5.36885009,14.25438597,27.6363,45.62662
11.62,6.8903524,-5.35994124,13.4327586,-48.2037,102.78662
11.63,7.1281906,-5.36604123,12.61960142,-60.0437,89.15662
11.64,7.36115616,-5.37882956,11.81468993,-30.6737,50.27662
11.65,7.59146633,-5.37940324,11.01495287,11.1163,18.81662
11.66,7.8230131,-5.34961326,10.21775549,53.8463,15.22662
11.67,8.05818999,-5.28148163,9.42343381,22.3363,67.30662
11.68,8.29447548,-5.17823359,8.63579781,-58.2337,119.13662
11.69,8.52677183,-5.04247614,7.85815574,-69.4937,95.72662
11.7,8.75297054,-4.87413104,7.08946211,-50.7437,48.89662
11.71,8.97394086,-4.68158628,6.32687642,-42.2137,52.34662
11.72,9.19158803,-4.48156162,5.57001591,-1.8137,76.96662
11.73,9.40832781,-4.2897073,4.82008584,5.4863,72.48662
11.74,9.6247012,-4.11635957,4.07722595,-27.8737,62.41662
11.75,9.8394077,-3.96751119,3.34124675,-20.4737,79.45662
11.76,10.05236406,-3.84837366,2.61317274,-5.2437,96.42662
11.77,10.26443028,-3.76331347,1.89436316,-8.7037,99.81662
11.78,10.47604735,-3.71133137,1.18554902,0.6263,105.30662
11.79,10.68787253,-3.68330336,0.48704257,11.7163,103.42662
11.8,10.90107207,-3.66101395,-0.20102895,26.8563,106.78662
11.81,11.11742472,-3.62237339,-0.87751604,56.6363,147.92662
11.82,11.33904997,-3.55560042,-1.53911593,66.7163,194.39662
11.83,11.56643309,-3.46856629,-2.1826799,36.1863,186.26662
11.84,11.79708731,-3.38291401,-2.80897392,-12.3037,125.41662
11.85,12.02682964,-3.31846232,-3.42260776,-52.1137,70.85662
11.86,12.25210633,-3.27923498,-4.02778417,-66.1537,72.71662
11.87,12.47174938,-3.24994398,-4.62454463,-44.9837,121.89662
11.88,12.68771428,-3.20564782,-5.20905042,4.9363,175.22662
11.89,12.90381379,-3.13296776,-5.77768351,36.4363,164.10662
11.9,13.12204692,-3.04631529,-6.33256992,3.4763,47.97662
11.91,13.3404899,-2.97599567,-6.88231489,-39.0537,-52.85338
11.92,13.55589248,-2.94262614,-7.43476693,-51.0437,-49.00338
11.93,13.76562393,-2.94715696,-7.99218528,-89.7637,-46.24338
11.94,13.96653348,-2.97112787,-8.5547802,-126.3637,-64.02338
11.95,14.15630414,-2.98300812,-9.12310343,-107.1237,-53.29338
11.96,14.33601716,-2.95827397,-9.69745423,-65.7537,-68.94338
11.97,14.50995454,-2.89696666,-10.27893283,3.5463,-92.38338
11.98,14.68385728,-2.8211322,-10.86916676,53.2163,-94.95338
11.99,14.86023637,-2.75612558,-11.47009899,-14.9837,-144.09338
12.0,15.03450858,-2.7133983,-12.08564254,-111.5837,-199.76338
12.01,15.20031389,-2.68993112,-12.71936741,-104.5837,-182.08338
12.02,15.35754531,-2.67543629,-13.37036183,-26.2637,-125.30338
12.03,15.51211983,-2.65907604,-14.03324133,46.7763,-41.16338
12.04,15.67021647,-2.6398714,-14.69975888,69.5363,63.65662
12.05,15.83423396,-2.62583459,-15.36152125,46.9263,105.60662
12.06,16.00316906,-2.61908788,-16.01428819,29.2563,86.49662
12.07,16.17491127,-2.61442927,-16.65871069,2.7863,56.72662
12.08,16.34672584,-2.609633,-17.29842025,-35.9937,-9.88338
12.09,16.51637452,-2.60508557,-17.93856788,-21.4937,-52.93338
12.1,16.68450805,-2.59945949,-18.58166682,14.3163,-0.75338
12.11,16.85324094,-2.591167,-19.22506082,12.7763,44.18662
12.12,17.02324319,-2.57821135,-19.86547589,6.8463,33.08662
12.13,17.1940068,-2.55765905,-20.50202227,-0.0737,45.93662
12.14,17.36464927,-2.5286816,-21.13324447,-15.6037,89.55662
12.15,17.53437884,-2.49243024,-21.75571598,-9.2937,126.52662
12.16,17.70358502,-2.44900897,-22.36557005,9.1963,163.63662
12.17,17.87360556,-2.39919705,-22.95916544,19.4163,198.09662
12.18,18.04553971,-2.35010947,-23.53375065,24.4563,202.12662
12.19,18.21979472,-2.31695898,-24.08887516,20.4463,177.62662
12.2,18.39612884,-2.31308534,-24.62565324,13.7563,178.02662
12.21,18.57452631,-2.33303105,-25.14229289,30.5163,273.40662
12.22,18.75651864,-2.35181484,-25.6298986,64.9463,438.06662
12.23,18.94384533,-2.34886674,-26.07669162,48.9063,484.51662
12.24,19.13452838,-2.32768447,-26.48110671,-32.5637,289.56662
12.25,19.32294554,-2.30721105,-26.85774011,-78.4737,49.16662
12.26,19.50543955,-2.30057423,-27.22382407,-51.4737,35.62662
12.27,19.68275667,-2.30643375,-27.58253985,-29.7137,175.85662
12.28,19.85666865,-2.31564361,-27.9253862,-29.3637,248.98662
12.29,20.02819099,-2.31954732,-28.2445741,-11.2037,274.05662
12.3,20.19865794,-2.31310887,-28.53701632,5.4963,274.27662
12.31,20.36935824,-2.29785776,-28.80453836,5.4863,175.74662
12.32,20.54081191,-2.28313425,-29.05397421,9.6063,99.22662
12.33,20.71327568,-2.28212009,-29.29069862,11.6463,135.80662
12.34,20.88689306,-2.30682027,-29.5142171,9.1863,158.94662
12.35,21.06191779,-2.36177129,-29.72221014,22.2163,168.86662
12.36,21.23955939,-2.43859091,-29.9112335,46.9963,263.65662
12.37,21.42204484,-2.51926662,-30.07354792,73.4863,373.72662
12.38,21.61189041,-2.58758342,-30.2007624,96.3763,394.43662
12.39,21.81065958,-2.64181332,-30.29150295,86.6463,297.90662
12.4,22.0174146,-2.69570432,-30.35386481,45.7063,146.44662
12.41,22.22982674,-2.76075791,-30.39790823,44.1663,143.48662
12.42,22.44836698,-2.83103934,-30.42256997,107.0263,343.39662
12.43,22.67760209,-2.89022487,-30.41389828,165.5163,504.60662
12.44,22.92223205,-2.92867124,-30.35938564,173.6763,482.57662
12.45,23.18337687,-2.9536687,-30.25948008,143.6663,347.50662
12.46,23.45891879,-2.98826301,-30.12500957,110.8163,206.55662
12.47,23.74660083,-3.05890241,-29.96698038,116.2463,183.27662
12.48,24.04658697,-3.18156741,-29.78734151,144.7963,292.82662
12.49,24.36093422,-3.3566685,-29.57773369,164.5463,431.37662
12.5,24.69201508,-3.57105444,-29.3248867,191.3963,575.53662
12.51,25.0416908,-3.80546522,-29.01570476,192.3963,672.49662
12.52,25.40887788,-4.04673284,-28.64418014,120.2063,574.72662
12.53,25.78785856,-4.29463531,-28.21907409,34.8763,322.85662
12.54,26.1717431,-4.55687563,-27.75984534,2.1363,146.01662
12.55,26.55697575,-4.83913353,-27.28150767,10.7163,151.01662
12.56,26.94327676,-5.14034853,-26.7866628,15.1063,213.78662
12.57,27.33034013,-5.45656338,-26.272489,-14.4937,196.11662
12.58,27.71602535,-5.78566482,-25.73966202,-45.3037,141.65662
12.59,28.09774619,-6.1254246,-25.19206809,-57.5337,112.79662
12.6,28.47361213,-6.46694373,-24.63254424,-77.8837,111.49662
12.61,28.84214268,-6.78978321,-24.05977419,-84.1737,195.60662
12.62,29.20322358,-7.07164902,-23.46734021,-55.8137,285.39662
12.63,29.5584921,-7.31327818,-22.8519603,-40.7537,152.98662
12.64,29.90903272,-7.54548444,-22.22447445,-55.8537,-105.58338
12.65,30.2540882,-7.80255204,-21.60272391,-71.0037,-169.68338
12.66,30.59170304,-8.09394848,-20.99412593,-103.8237,-79.60338
12.67,30.91846799,-8.39535552,-20.39271077,-159.4037,43.12662
12.68,31.2306933,-8.65537565,-19.78279893,-163.0137,334.76662
12.69,31.52839546,-8.82717338,-19.1414089,-99.5537,548.01662
12.7,31.81587224,-8.91394445,-18.45852118,-50.9537,230.65662
12.71,32.09754437,-8.97301511,-17.75629753,-34.7837,-234.34338
12.72,32.37597135,-9.06637037,-17.06633869,-13.3437,-251.01338
12.73,32.65258645,-9.22358973,-16.39833116,-15.0637,-140.13338
12.74,32.92716641,-9.44818867,-15.74903945,-41.9937,-215.80338
12.75,33.19839172,-9.72538121,-15.1169408,-39.1937,-114.43338
12.76,33.46564989,-10.0192411,-14.49189272,-42.3637,164.19662
12.77,33.72810317,-10.28666733,-13.85349995,-72.3337,321.37662
12.78,33.98440006,-10.50289966,-13.1861385,-63.2837,353.34662
12.79,34.23459455,-10.67423957,-12.4890756,-49.2537,161.53662
12.8,34.47882491,-10.82654359,-11.77945153,-80.8337,-172.42338
12.81,34.71544912,-10.97802094,-11.08097901,-97.3837,-261.20338
12.82,34.94323419,-11.12953964,-10.40347856,-82.0237,-142.50338
12.83,35.16297312,-11.28127619,-9.74093518,-64.4737,-50.52338
12.84,35.3768084,-11.44258808,-9.08335011,-29.2337,46.76662
12.85,35.58758355,-11.62340606,-8.4222651,-3.5237,98.53662
12.86,35.79651055,-11.82373864,-7.75423891,-41.7037,35.35662
12.87,36.00035991,-12.02763881,-7.08222578,-120.2337,-8.22338
12.88,36.19238788,-12.20315758,-6.41007946,-194.7437,-12.03338
12.89,36.36597571,-12.31411244,-5.73974296,-231.9437,-38.55338
12.9,36.51841964,-12.34222265,-5.07354403,-191.1837,-74.81338
12.91,36.65315544,-12.30183245,-4.4154594,-98.0737,-134.84338
12.92,36.77695834,-12.22937684,-3.77087235,-54.0437,-193.85338
12.93,36.8926961,-12.15765483,-3.1458011,-120.5037,-256.53338
12.94,36.99536672,-12.10154391,-2.54800017,-231.6937,-382.34338
12.95,37.07622594,-12.06396308,-1.98853605,-292.6237,-510.70338
12.96,37.12960453,-12.0457286,-1.47901825,-286.3437,-592.55338
12.97,37.15630222,-12.04718972,-1.02823176,-205.9837,-651.89338
12.98,37.16337177,-12.07196293,-0.64055134,-90.8737,-626.35338
12.99,37.15961318,-12.13129273,-0.31371248,-49.4537,-527.51338
13.0,37.14896894,-12.23399938,-0.04208993,-89.7037,-525.72338
13.01,37.12918407,-12.37525762,0.1739903,-140.8237,-641.18338
13.02,37.0959358,-12.54024621,0.32673522,-171.2437,-723.77338
13.03,37.04644439,-12.71066039,0.40926182,-170.4737,-718.45338
13.04,36.98066184,-12.86649791,0.42153812,-143.5137,-647.78338
13.05,36.90114115,-12.98945703,0.37079459,-96.0837,-505.22338
13.06,36.81187981,-13.07061774,0.27091225,-58.0037,-305.77338
13.07,36.71518684,-13.1160583,0.1393316,-89.2337,-149.61338
13.08,36.60888597,-13.14147495,-0.01092311,-151.9037,-140.41338
13.09,36.48850671,-13.16298144,-0.17713264,-174.1537,-206.20338
13.1,36.35114131,-13.19288078,-0.36313474,-183.2937,-237.33338
13.11,36.19575451,-13.23317272,-0.5731774,-184.1737,-279.20338
13.12,36.02260258,-13.27468549,-0.81048612,-163.0237,-293.35338
13.13,35.83296275,-13.31037137,-1.07429865,-153.3537,-192.69338
13.14,35.62850528,-13.33994808,-1.35743675,-127.0337,-92.73338
13.15,35.41176117,-13.36139864,-1.65152542,-88.1037,-58.31338
13.16,35.18506467,-13.37041155,-1.95194864,-98.9137,-42.47338
13.17,34.94862077,-13.3648188,-2.25764869,-108.0237,-66.26338
13.18,34.70228174,-13.34520639,-2.57002154,-84.9037,-90.36338
13.19,34.44709756,-13.31420233,-2.89017321,-80.0337,-62.61338
13.2,34.18385399,-13.27345911,-3.21634545,-81.4637,-23.68338
13.21,33.91268202,-13.22257923,-3.54548575,-78.2337,-7.19338
13.22,33.63357892,-13.1631417,-3.87599561,-83.3737,-15.16338
13.23,33.34649692,-13.10000377,-4.20792328,-78.2337,-17.64338
13.24,33.05185604,-13.03743468,-4.54100127,-66.5737,5.98662
13.25,32.75009951,-12.97652018,-4.87363858,-77.3037,24.84662
13.26,32.44038558,-12.91635853,-5.20449045,-101.1737,17.28662
13.27,32.12089377,-12.85498022,-5.53388663,-115.5237,0.35662
13.28,31.79012831,-12.788032,-5.86286488,-122.7837,0.26662
13.29,31.44722647,-12.70962588,-6.19144394,-128.4237,16.62662
13.3,31.09149223,-12.61638661,-6.51859531,-137.7237,25.13662
13.31,30.7221506,-12.50825418,-6.843538,-144.4837,22.99662
13.32,30.33866382,-12.38717284,-7.166075,-143.1737,26.64662
13.33,29.94073941,-12.25817809,-7.48592957,-150.7337,32.55662
13.34,29.52773135,-12.12574394,-7.8023267,-162.7637,48.08662
13.35,29.0987329,-11.98846714,-8.11337739,-167.4137,86.67662
13.36,28.65322306,-11.84326643,-8.4162064,-166.9237,108.97662
13.37,28.19151708,-11.68819231,-8.70870397,-150.6437,110.17662
13.38,27.71519771,-11.51991079,-8.98966411,-120.3837,133.71662
13.39,27.22690719,-11.34039511,-9.25788231,-91.4937,133.61662
13.4,26.72953928,-11.16241478,-9.51396333,-63.7837,86.08662
13.41,26.22569848,-10.99996054,-9.76058016,-43.9137,74.32662
13.42,25.71687354,-10.85872364,-9.9992133,-51.8137,86.15662
13.43,25.20271771,-10.73278184,-10.22981726,-69.7537,76.07662
13.44,24.68247298,-10.60252988,-10.45183328,-56.2937,106.75662
13.45,24.15732937,-10.44280327,-10.66286736,-17.6737,151.23662
13.46,23.63067761,-10.239504,-10.86063226,27.2563,123.08662
13.47,23.10653171,-9.99976733,-11.04702947,59.3363,58.84662
13.48,22.58700767,-9.747821,-11.22762975,34.8863,-7.35338
13.49,22.07062723,-9.50635901,-11.40867159,-7.4237,-60.25338
13.5,21.5549674,-9.28194212,-11.5943905,4.7263,-57.67338
13.51,21.04065394,-9.06946507,-11.78507272,47.7663,-21.38338
13.52,20.53146058,-8.86017587,-11.97766825,100.4863,25.45662
13.53,20.03236082,-8.64602451,-12.1677621,150.9463,72.08662
13.54,19.54704068,-8.42711925,-12.35189051,144.7463,70.53662
13.55,19.07489615,-8.21358832,-12.53011948,82.5263,24.36662
13.56,18.61136622,-8.01724,-12.70586352,30.7263,-18.32338
13.57,18.15271165,-7.84224077,-12.88334663,46.9763,-55.73338
13.58,17.70084419,-7.68220088,-13.06726379,142.7463,-126.02338
13.59,17.26377583,-7.52738733,-13.26420677,255.4363,-211.70338
13.6,16.85018159,-7.37590038,-13.48089532,281.2863,-238.84338
13.61,16.46268895,-7.23486253,-13.72028568,221.9963,-217.13338
13.62,16.09764767,-7.11171627,-13.9821076,168.7163,-222.60338
13.63,15.75065525,-7.00679485,-14.26787259,158.4663,-293.83338
13.64,15.42157619,-6.91025903,-14.58409189,226.8263,-406.35338
13.65,15.11607399,-6.8068963,-14.93931551,326.8963,-452.08338
13.66,14.84069339,-6.68850367,-15.33692469,320.1863,-383.35338
13.67,14.5960679,-6.55832113,-15.77263543,258.8763,-303.72338
13.68,14.37832702,-6.42598793,-16.24028174,233.3863,-285.07338
13.69,14.18379325,-6.30359183,-16.73801461,198.5763,-328.04338
13.7,14.01013884,-6.19837557,-17.26965705,200.5763,-413.67338
13.71,13.85822128,-6.10662816,-17.8414043,265.6863,-447.25338
13.72,13.73136333,-6.02142234,-18.45500986,266.3763,-364.60338
13.73,13.62934875,-5.94244262,-19.10407949,191.2363,-240.55338
13.74,13.54682826,-5.87613248,-19.77823343,126.8563,-156.11338
13.75,13.47706739,-5.8320227,-20.46923394,61.3763,-119.53338
13.76,13.41431188,-5.81448451,-21.17358176,26.5463,-137.16338
13.77,13.35634747,-5.81323366,-21.89243564,73.1163,-184.83338
13.78,13.30591542,-5.80551616,-22.62900884,124.4563,-200.39338
13.79,13.26749723,-5.76607275,-23.3846591,154.4663,-175.91338
13.8,13.24382215,-5.67971693,-24.15659918,152.2763,-97.82338
13.81,13.23274443,-5.55622871,-24.93722207,40.8163,25.79662
13.82,13.22538756,-5.42659583,-25.71718002,-89.1337,74.37662
13.83,13.2115368,-5.31572205,-26.49214754,-126.3637,26.61662
13.84,13.1865844,-5.22465186,-27.26420737,-106.2637,-9.75338
13.85,13.15282586,-5.13659652,-28.03643602,-17.4137,-12.31338
13.86,13.11787543,-5.03026852,-28.80940823,89.3563,6.18662
13.87,13.0893456,-4.89057561,-29.58117775,91.4663,49.59662
13.88,13.06822189,-4.7168768,-30.34844184,19.8963,76.38662
13.89,13.04888203,-4.52489783,-31.10934624,-63.9637,53.56662
13.9,13.02400928,-4.33602846,-31.86556571,-117.3437,5.42662
13.91,12.98982913,-4.16278343,-32.62028924,-77.7037,-3.03338
13.92,12.94873235,-4.00771575,-33.37387883,-7.9737,47.54662
13.93,12.90590342,-3.86967641,-34.12288649,20.3063,92.76662
13.94,12.8648671,-3.74300116,-34.86323646,35.0063,114.77662
13.95,12.82693064,-3.61833626,-35.59218375,29.6163,135.33662
13.96,12.79139479,-3.4918837,-36.3084031,-2.2737,125.21662
13.97,12.75565105,-3.37011099,-37.01306077,-37.4437,78.24662
13.98,12.71679116,-3.26212662,-37.70978624,-51.5437,37.12662
13.99,12.67423089,-3.16786385,-38.40160154,-11.5437,45.45662
14.0,12.63114247,-3.07427791,-39.08759739,49.4463,106.28662
14.01,12.59235316,-2.96343508,-39.76299632,80.5563,167.39662
14.02,12.5606372,-2.82751909,-40.42281905,68.3163,183.51662
14.03,12.53444611,-2.67892344,-41.06588635,-0.2537,137.33662
14.04,12.50845112,-2.54090813,-41.69612921,-64.0237,56.33662
14.05,12.47799099,-2.42704442,-42.31950339,-54.3637,26.28662
14.06,12.44298797,-2.33594006,-42.93794713,-13.0237,89.85662
14.07,12.40663206,-2.26308879,-43.54664768,22.2363,185.27662
14.08,12.37227076,-2.21166086,-44.13852405,44.2763,214.10662
14.09,12.34153781,-2.19423503,-44.71110749,30.2863,159.77662
14.1,12.31343072,-2.22540554,-45.26789698,-3.8737,99.64662
14.11,12.28518024,-2.31020215,-45.81322854,-32.3337,100.79662
14.12,12.25393462,-2.4397531,-46.34515192,-55.3237,236.63662
14.13,12.21718361,-2.59814289,-46.84924436,-81.2937,540.71662
14.14,12.17229395,-2.76980153,-47.29859361,-111.6937,873.20662
14.15,12.1168429,-2.93983001,-47.66378793,-121.8337,1080.61662
14.16,12.05009022,-3.09236384,-47.92451681,-100.7637,1145.72662
14.17,11.97398113,-3.21104026,-48.07330226,-54.9537,1107.21662
14.18,11.89294366,-3.28529227,-48.11363552,9.4763,979.47662
14.19,11.81258855,-3.32279738,-48.05827609,59.2363,763.08662
14.2,11.73722354,-3.35076859,-47.92518948,67.5963,604.98662
14.21,11.66753089,-3.39686114,-47.72602268,28.4063,671.69662
14.22,11.6001881,-3.46737628,-47.45716019,-34.4737,840.99662
14.23,11.53068692,-3.54350351,-47.10641477,-49.8537,923.17662
14.24,11.45756885,-3.60246509,-46.66821767,-14.5537,812.26662
14.25,11.38246013,-3.64395127,-46.15609212,-4.7237,410.97662
14.26,11.30606677,-3.68811054,-45.60429615,-31.4437,-45.85338
14.27,11.22674027,-3.74885815,-45.04811648,-53.7737,-142.37338
14.28,11.14264913,-3.82137236,-44.49918538,-55.6537,42.20662
14.29,11.05334535,-3.89455166,-43.94765784,-47.4837,163.36662
14.3,10.95908542,-3.96279531,-43.38238962,-51.6837,182.23662
14.31,10.85981711,-4.02479605,-42.80042546,-53.5437,141.54662
14.32,10.7555794,-4.07910538,-42.20573737,-44.0637,45.17662
14.33,10.6463863,-4.12097531,-41.60477359,-60.6037,20.67662
14.34,10.53129305,-4.14140283,-41.00008837,-74.7937,63.87662
14.35,10.40975517,-4.1327652,-40.39033497,-51.6537,55.84662
14.36,10.28296564,-4.09579266,-39.77579113,-36.0237,17.59662
14.37,10.15242423,-4.03838947,-39.15957361,-30.4337,-22.54338
14.38,10.01914167,-3.96958287,-38.54570365,-16.8137,-64.86338
14.39,9.88393521,-3.89624836,-37.93758975,-16.9537,-76.42338
14.4,9.74690362,-3.8225697,-37.33648092,-26.3437,-60.94338
14.41,9.60755238,-3.74994538,-36.74126915,-27.2037,-36.02338
14.42,9.46580726,-3.67826841,-36.1497697,-19.0637,-13.95338
14.43,9.32232924,-3.60950078,-35.56039281,-8.0437,-19.42338
14.44,9.17796683,-3.55060699,-34.97334023,-4.2837,-38.62338
14.45,9.03295027,-3.51273255,-34.38975347,-13.6137,-40.41338
14.46,8.88657383,-3.50647471,-33.81016277,-26.9437,-38.84338
14.47,8.73780649,-3.5339687,-33.23469714,-32.1937,-45.35338
14.48,8.58629551,-3.5820593,-32.66337332,-22.4737,-34.57338
14.49,8.43342989,-3.62589773,-32.09482932,18.8963,4.85662
14.5,8.28290263,-3.64597801,-31.52637437,74.1563,22.84662
14.51,8.13864298,-3.64272064,-30.957553,79.4363,-34.34338
14.52,8.00106868,-3.63067611,-30.39260018,30.3263,-107.35338
14.53,7.86692499,-3.61967842,-29.83692443,-6.9237,-120.48338
14.54,7.73323716,-3.60300483,-29.2928885,-2.3037,-115.72338
14.55,7.60011319,-3.56167733,-28.76059913,30.0263,-116.38338
14.56,7.47045258,-3.48054792,-28.23934282,76.7263,-91.28338
14.57,7.34803082,-3.36075436,-27.72748083,102.0163,-75.27338
14.58,7.23466668,-3.2166924,-27.22422465,77.4863,-100.85338
14.59,7.12857689,-3.06290953,-26.73162403,29.9263,-147.69338
14.6,7.02605871,-2.90445425,-26.25368898,1.4663,-188.83338
14.61,6.92496738,-2.73891132,-25.79354299,20.1563,-184.65338
14.62,6.82666117,-2.56796223,-25.35073507,65.5663,-133.83338
14.63,6.73395006,-2.40737148,-24.92122871,68.4563,-78.19338
14.64,6.64686906,-2.28277533,-24.50022941,18.6663,-48.51338
14.65,6.56204567,-2.21259903,-24.08580043,-19.5437,-86.04338
14.66,6.47649639,-2.19715881,-23.68158152,-12.6737,-186.25338
14.67,6.39042597,-2.2226462,-23.29579491,19.9863,-277.19338
14.68,6.30641915,-2.26752042,-22.93703612,51.1863,-338.92338
14.69,6.22761219,-2.30657099,-22.6113369,81.5763,-365.79338
14.7,6.15738584,-2.32118291,-22.31977674,124.8263,-293.50338
14.71,6.0987571,-2.31117617,-22.05628239,128.6163,-168.28338
14.72,6.05147597,-2.29096502,-21.81287611,67.7863,-171.90338
14.73,6.01166169,-2.27337697,-21.59007514,30.4263,-310.57338
14.74,5.97642903,-2.26222776,-21.39687473,50.5663,-389.42338
14.75,5.94717772,-2.25585789,-21.23902289,103.6363,-322.97338
14.76,5.92783377,-2.25365262,-21.11170537,134.3963,-184.45338
14.77,5.92011043,-2.2601187,-21.00387365,88.3363,-86.00338
14.78,5.92195144,-2.27828762,-20.90638501,67.4463,-55.71338
14.79,5.93165032,-2.30504163,-20.81433367,87.0263,-18.51338
14.8,5.94864855,-2.33936424,-20.7246024,46.4163,1.48662
14.81,5.97069039,-2.38485244,-20.63602419,17.8263,-29.03338
14.82,5.99566459,-2.44440598,-20.5493308,31.1663,-17.26338
14.83,6.02330164,-2.52014137,-20.46357222,22.2963,27.71662
14.84,6.05310681,-2.61199411,-20.37592771,6.9063,38.81662
14.85,6.08392158,-2.71043769,-20.28461376,0.2163,42.97662
14.86,6.11538546,-2.79216911,-20.18902312,14.5663,47.84662
14.87,6.1486942,-2.82659962,-20.0888433,40.3863,46.44662
14.88,6.1853388,-2.79157774,-19.98382504,34.0363,54.34662
14.89,6.22461775,-2.68672694,-19.87364135,-7.1437,53.02662
14.9,6.26322856,-2.53418474,-19.75896497,-50.5337,20.85662
14.91,6.29767049,-2.36655588,-19.64252165,-62.6037,-22.51338
14.92,6.32666927,-2.21174312,-19.5278689,-46.0437,-45.90338
14.93,6.35123065,-2.0875557,-19.41718471,-26.8637,-42.87338
14.94,6.3726369,-2.00475563,-19.31063158,-30.4937,-32.04338
14.95,6.39014025,-1.96414265,-19.20701152,-72.3237,-8.81338
14.96,6.39966272,-1.95151526,-19.10297328,-148.1537,67.94662
14.97,6.39401579,-1.94510197,-18.9912041,-242.2037,183.70662
14.98,6.36510596,-1.92617078,-18.86205448,-302.0137,261.40662
14.99,6.30826675,-1.88371517,-18.70907742,-275.0037,248.12662
15.0,6.2256454,-1.82071516,-18.53406968,-183.3237,125.11662
15.01,6.12411815,-1.75338775,-18.34771376,-118.6437,-42.88338
15.02,6.00835301,-1.69324718,-18.16269215,-152.9637,-91.17338
15.03,5.87608523,-1.63056145,-17.9824406,-239.5937,35.97662
15.04,5.72134106,-1.53818507,-17.79746636,-270.9637,209.67662
15.05,5.54213674,-1.39218353,-17.59365169,-200.9437,299.83662
15.06,5.34448603,-1.19434459,-17.36410884,-69.0637,221.32662
15.07,5.13871894,-0.97503749,-17.1153038,10.3563,29.54662
15.08,4.9311302,-0.77124799,-16.86112382,-28.5737,-63.87338
15.09,4.71981356,-0.60663408,-16.61099491,-106.3837,-62.29338
15.1,4.49827904,-0.48685201,-16.36722931,-171.4337,-64.52338
15.11,4.25950737,-0.40039879,-16.12750677,-244.2937,31.16662
15.12,3.99732232,-0.32700016,-15.8832778,-280.5737,183.99662
15.13,3.70919112,-0.25069038,-15.62358714,-236.4637,220.85662
15.14,3.39879828,-0.16494244,-15.34480105,-141.0237,139.65662
15.15,3.07353779,-0.06981459,-15.05330202,-80.2537,9.89662
15.16,2.73775092,0.03341241,-14.76018255,-123.5837,-93.08338
15.17,2.38902515,0.14520207,-14.47487815,-194.1937,-134.78338
15.18,2.02279199,0.26576388,-14.20211631,-192.3837,-137.50338
15.19,1.63842169,0.3921091,-13.94221054,-150.5837,-102.90338
15.2,1.238892,0.52057597,-13.69241108,-116.8837,-59.39338
15.21,0.82729617,0.6523815,-13.44918244,-102.3537,-39.59338
15.22,0.40477469,0.79273794,-13.2108136,-119.4937,-54.26338
15.23,-0.02979518,0.94879428,-12.97874109,-144.6537,-102.18338
15.24,-0.47791694,1.12975253,-12.75671488,-137.3337,-141.67338
15.25,-0.93878284,1.33742768,-12.54862649,-94.5037,-170.43338
15.26,-1.40886013,1.55693724,-12.35761967,-46.1737,-199.17338
15.27,-1.88421957,1.7632977,-12.18585966,-28.4937,-199.54338
15.28,-2.36335465,1.93386732,-12.03472421,-51.9237,-225.17338
15.29,-2.84766912,2.0578256,-11.90872308,-78.8937,-353.93338
15.3,-3.33853148,2.14055478,-11.81929451,-56.2637,-528.31338
15.31,-3.83398123,2.19788137,-11.7811155,3.8663,-637.87338
15.32,-4.32888162,2.24877036,-11.80421481,66.4463,-645.52338
15.33,-4.81653916,2.31456651,-11.88918294,148.8963,-544.28338
15.34,-5.28972959,2.41415382,-12.02648612,210.3863,-357.76338
15.35,-5.74359316,2.55367278,-12.20096012,199.3463,-225.47338
15.36,-6.17766162,2.72231764,-12.40159394,178.6663,-236.13338
15.37,-6.59385348,2.89393342,-12.62633632,154.3263,-265.05338
15.38,-6.99536047,3.03554084,-12.87603451,96.0163,-230.44338
15.39,-7.38617311,3.12544868,-13.14969502,77.3563,-231.00338
15.4,-7.76736339,3.16667342,-13.44873084,130.1063,-321.01338
15.41,-8.13390081,3.18743231,-13.78029423,244.4863,-426.52338
15.42,-8.47544087,3.23079161,-14.15213293,376.7563,-435.40338
15.43,-8.78292258,3.33024582,-14.56359869,360.2763,-286.20338
15.44,-9.05871418,3.48580268,-15.00138552,166.2363,-43.48338
15.45,-9.31732167,3.66685745,-15.44517991,-9.4437,134.41662
15.46,-9.57403755,3.84017788,-15.88028986,-75.7437,123.57662
15.47,-9.83711032,3.99555296,-16.30661638,-97.4037,-28.68338
15.48,-10.10895448,4.14588744,-16.73534872,-84.3637,-160.89338
15.49,-10.38771629,4.30783358,-17.17825536,-14.6337,-214.95338
15.5,-10.66852249,4.48622213,-17.64072183,27.7963,-190.04338
15.51,-10.94858033,4.66947334,-18.11983985,-15.0837,-69.47338
15.52,-11.23047506,4.83700494,-18.60628294,-75.1637,37.53662
15.53,-11.51962193,4.97653096,-19.09204084,-128.7337,23.35662
15.54,-11.8216552,5.09125213,-19.57659456,-186.8837,-34.53338
15.55,-12.14087786,5.19232746,-20.06357009,-189.1337,-49.61338
15.56,-12.47699141,5.29150469,-20.55472219,-114.5437,-31.75338
15.57,-12.82449835,5.39407983,-21.0484081,-41.5737,13.31662
15.58,-13.17775293,5.49571362,-21.54068382,-36.2737,63.07662
15.59,-13.53602816,5.59193807,-22.02776011,-90.7637,70.05662
15.6,-13.90342502,5.68611743,-22.50865371,-151.1237,45.66662
15.61,-14.28458353,5.78408819,-22.98505963,-161.5137,19.66662
15.62,-14.68053543,5.88694035,-23.45912911,-121.6437,10.00662
15.63,-15.08850147,5.98950068,-23.9314539,-79.8237,31.65662
15.64,-15.50537916,6.08207565,-24.40088901,-79.2337,43.81662
15.65,-15.93103598,6.15906179,-24.86692893,-116.9337,18.06662
15.66,-16.36766145,6.23161383,-25.33066067,-129.7037,13.92662
15.67,-16.81567406,6.32533527,-25.79182597,-83.2037,58.28662
15.68,-17.27192431,6.45915288,-26.24735858,-37.4537,96.35662
15.69,-17.73316146,6.62861188,-26.69406576,-45.4237,103.56662
15.7,-18.19947249,6.8096773,-27.13088126,-78.7137,93.72662
15.71,-18.67348892,6.97525736,-27.55895606,-109.4237,60.15662
15.72,-19.15798624,7.10871834,-27.98126793,-125.7337,18.02662
15.73,-19.6537682,7.20606297,-28.40054512,-94.5537,26.72662
15.74,-20.1582373,7.27118026,-28.81582536,-36.7037,89.94662
15.75,-20.6665848,7.3137377,-29.22228418,8.7663,147.78662
15.76,-21.17402894,7.34852405,-29.6143903,51.2463,190.13662
15.77,-21.67681396,7.38990855,-29.98786474,71.0463,218.75662
15.78,-22.17341888,7.44548721,-30.340978,49.8063,188.34662
15.79,-22.66531895,7.51302577,-30.67665982,13.4763,103.35662
15.8,-23.15534415,7.58136424,-31.0015177,-5.8237,39.44662
15.81,-23.64458625,7.63801237,-31.3207459,25.4363,44.48662
15.82,-24.13063848,7.6758464,-31.63471216,78.4863,83.60662
15.83,-24.60935411,7.69346759,-31.94058523,106.9963,113.57662
15.84,-25.07650813,7.69775769,-32.23452937,165.9263,167.94662
15.85,-25.52563105,7.70487444,-32.51084307,278.3363,257.29662
15.86,-25.9477906,7.73041784,-32.76242859,351.8763,308.13662
15.87,-26.3370783,7.77822015,-32.98539767,328.7263,272.63662
15.88,-26.69461714,7.84002837,-33.18268207,256.5663,175.52662
15.89,-27.02474662,7.90614674,-33.36168427,250.4563,109.14662
15.9,-27.32765274,7.97386777,-33.5275358,327.3963,133.75662
15.91,-27.59920576,8.04182996,-33.67974413,344.8163,170.61662
15.92,-27.83790216,8.10323605,-33.81608779,293.1763,161.14662
15.93,-28.04570696,8.15110929,-33.93665025,300.4363,139.88662
15.94,-28.2226479,8.18369369,-34.04355078,336.4463,107.10662
15.95,-28.36698873,8.20295925,-34.13996737,326.6163,66.80662
15.96,-28.47868596,8.21437396,-34.22911503,312.0063,51.58662
15.97,-28.55866782,8.22852583,-34.31275425,313.9263,51.90662
15.98,-28.60770783,8.25912861,-34.39131879,293.7563,49.13662
15.99,-28.62780048,8.31881679,-34.46503539,252.3963,45.28662
16.0,-28.62240352,8.41467563,-34.5341418,216.9763,46.24662
16.01,-28.59603045,8.54006237,-34.59880353,148.6363,41.55662
16.02,-28.55585478,8.66972927,-34.66002782,33.7963,9.68662
16.03,-28.5110405,8.77241032,-34.72048517,-34.7437,-28.70338
16.04,-28.46774185,8.83049753,-34.78317934,-28.9937,-40.20338
16.05,-28.4269346,8.84511064,-34.84938583,-10.9837,-29.83338
16.06,-28.38697675,8.83144442,-34.91805162,12.9263,3.04662
16.07,-28.34528928,8.81645709,-34.98610623,50.2563,49.73662
16.08,-28.29851746,8.83076392,-35.04988341,85.8763,70.12662
16.09,-28.24353328,8.89030816,-35.1076179,102.4263,53.26662
16.1,-28.18010024,8.98626556,-35.16102245,43.1663,-1.91338
16.11,-28.11337634,9.09888836,-35.21500607,-61.1837,-71.05338
16.12,-28.05087658,9.21748356,-35.27438525,-93.8237,-70.25338
16.13,-27.99642122,9.33912917,-35.33943425,-77.0037,-13.68338
16.14,-27.94971749,9.45690194,-35.40686006,-66.2937,4.09662
16.15,-27.90896466,9.56175062,-35.47432968,-32.5037,5.28662
16.16,-27.87156822,9.65017744,-35.54082537,-7.0137,25.83662
16.17,-27.83590743,9.72357343,-35.60540587,-26.9537,21.19662
16.18,-27.80305827,9.78438682,-35.66840294,-55.6037,-3.34338
16.19,-27.77548401,9.83531387,-35.73125907,-76.8937,-7.32338
16.2,-27.75542314,9.87936932,-35.79444301,-95.2037,6.42662
16.21,-27.74443741,9.91909443,-35.85698577,-99.7637,21.66662
16.22,-27.74306957,9.95661794,-35.91757409,-94.0437,29.96662
16.23,-27.75111437,9.99270061,-35.97522048,-92.7137,37.62662
16.24,-27.76830032,10.02118443,-36.02906143,-90.2337,48.54662
16.25,-27.79396741,10.02572666,-36.07866644,-70.1237,36.26662
16.26,-27.82647488,9.9878843,-36.12538627,-47.1937,-4.12338
16.27,-27.86444826,9.90034284,-36.17205491,-58.1837,-24.42338
16.28,-27.90881652,9.77286479,-36.21964787,-96.2937,17.54662
16.29,-27.96234467,9.62908415,-36.26408114,-119.6837,117.26662
16.3,-28.02690072,9.49943166,-36.29678497,-109.5137,218.64662
16.31,-28.10107216,9.41082857,-36.30948412,-49.9637,247.17662
16.32,-28.17947574,9.37129489,-36.30011433,36.0963,171.30662
16.33,-28.25620821,9.36222437,-36.27550536,40.5563,21.32662
16.34,-28.33096183,9.3544465,-36.24802595,-42.1137,-97.59338
16.35,-28.40857783,9.33106429,-36.22699035,-74.8837,-82.34338
16.36,-28.49208523,9.29089249,-36.21180532,-47.8337,29.80662
16.37,-28.58041852,9.24204484,-36.19325085,-26.5437,159.05662
16.38,-28.67047945,9.19791859,-36.1591847,27.7563,274.09662
16.39,-28.75751678,9.16751025,-36.10019686,87.9163,291.16662
16.4,-28.83783699,9.14629732,-36.01562609,61.0363,168.43662
16.41,-28.91309385,9.12007354,-35.91466887,-11.5137,28.96662
16.42,-28.9882386,9.07357792,-35.80819348,-37.5837,-4.09338
16.43,-29.06586174,8.99459271,-35.70028239,-16.5137,38.19662
16.44,-29.14479002,8.8774039,-35.58828612,14.3463,92.65662
16.45,-29.22176995,8.7278495,-35.46566942,61.6963,202.85662
16.46,-29.29185077,8.563309,-35.32128753,134.1663,373.78662
16.47,-29.34879198,8.40408291,-35.14099995,191.4963,487.34662
16.48,-29.38783558,8.26316872,-34.91562994,194.6863,456.36662
16.49,-29.40847057,8.14274669,-34.64746674,151.4163,313.19662
16.5,-29.41363145,8.03753806,-34.3472176,117.3863,202.22662
16.51,-29.40561598,7.9392551,-34.02340928,136.8063,226.26662
16.52,-29.3831834,7.83886003,-33.67536928,181.6263,316.05662
16.53,-29.34285921,7.72762613,-33.29597308,211.5463,397.41662
16.54,-29.28153816,7.59842962,-32.87700445,231.0963,473.55662
16.55,-29.196746,7.44833703,-32.41126264,261.0463,527.94662
16.56,-29.08535824,7.28054059,-31.89375789,306.5763,542.61662
16.57,-28.94344486,7.1021458,-31.3233407,342.7663,504.86662
16.58,-28.76807538,6.92001393,-30.70409133,342.0763,402.48662
16.59,-28.55907029,6.73896195,-30.04499327,314.4463,285.65662
16.6,-28.31844985,6.56226489,-29.35635427,289.5863,209.38662
16.61,-28.04828304,6.39356598,-28.64600734,284.1763,165.43662
16.62,-27.74923463,6.23891872,-27.91846773,293.2663,148.99662
16.63,-27.42094261,6.10483737,-27.17541042,294.9763,158.82662
16.64,-27.06370098,5.99254243,-26.41674444,270.7063,159.24662
16.65,-26.67983174,5.89509014,-25.64264226,224.6563,141.67662
16.66,-26.27330664,5.80023051,-24.85428415,182.1563,129.18662
16.67,-25.84771744,5.69672078,-24.05289635,169.5363,122.68662
16.68,-25.40387438,5.58216471,-23.23896637,204.8663,128.67662
16.69,-24.9383737,5.4675698,-22.41140545,282.9763,166.74662
16.7,-24.44507943,5.37229529,-21.5674216,336.8663,196.29662
16.71,-23.92027329,5.31150968,-20.70584256,299.7063,146.01662
16.72,-23.36691479,5.28544274,-19.83099908,201.7563,43.79662
16.73,-22.79298319,5.27829969,-18.95100967,115.6463,-26.22338
16.74,-22.20569848,5.26955806,-18.07236157,97.0163,-43.45338
16.75,-21.60697341,5.24820208,-17.19705704,143.8763,-19.06338
16.76,-20.99383573,5.21647375,-16.32311032,187.6763,28.81662
16.77,-20.3621337,5.18622083,-15.44634891,219.2863,75.56662
16.78,-19.70895255,5.17264407,-14.56271132,228.8563,96.64662
16.79,-19.03505105,5.18180196,-13.67113754,147.7563,50.13662
16.8,-18.34686144,5.20264176,-12.77546182,43.0963,-31.29338
16.81,-17.65244597,5.21463822,-11.88160842,11.0263,-58.89338
16.82,-16.95619515,5.20145633,-10.99281459,4.2063,-51.75338
16.83,-16.25902946,5.16068734,-10.10929582,13.0963,-47.05338
16.84,-15.55902917,5.10520277,-9.22942236,78.9263,1.59662
16.85,-14.85113827,5.05218659,-8.34886246,140.6163,72.86662
16.86,-14.13132401,5.00634008,-7.46306438,112.7163,63.74662
16.87,-13.40161014,4.95380072,-6.57290062,25.8763,-24.18338
16.88,-12.66813442,4.87553576,-5.68417167,-18.0537,-71.22338
16.89,-11.93496134,4.76524671,-4.80080028,-5.9337,-46.12338
16.9,-11.20226789,4.63429307,-3.92229596,6.6763,-29.66338
16.91,-10.46850334,4.50751258,-3.0468252,31.3663,-14.34338
16.92,-9.73137419,4.41176625,-2.17215075,61.1163,28.04662
16.93,-8.98943142,4.35647307,-1.29596587,34.8863,20.21662
16.94,-8.2444403,4.3280278,-0.41903455,-13.0137,-37.07338
16.95,-7.49988531,4.30809569,0.45505445,-30.3637,-58.21338
16.96,-6.75840147,4.28867448,1.32387489,-53.1637,-55.69338
16.97,-6.02215678,4.26848518,2.18692677,-76.9337,-59.59338
16.98,-5.29233897,4.24483678,3.04474983,-54.1037,-32.72338
16.99,-4.56730455,4.21044904,3.89963083,-10.2537,8.90662
17.0,-3.84359778,4.15612045,4.75428901,17.4463,7.54662
17.01,-3.11831115,4.07803227,5.60916838,34.4963,-13.60338
17.02,-2.38973016,3.98175175,6.46308644,41.2763,-17.24338
17.03,-1.65727356,3.88010013,7.31535693,33.9163,-16.26338
17.04,-0.92259411,3.78775517,8.1662391,-24.2537,-4.21338
17.05,-0.1930328,3.71243011,9.01696247,-194.1937,19.88662
17.06,0.51493488,3.64857921,9.86869152,-455.1637,6.21662
17.07,1.17765141,3.58079621,10.719075,-709.5837,-84.59338
17.08,1.77136479,3.49211387,11.55925967,-889.8537,-243.43338
17.09,2.27800629,3.37160219,12.37436253,-997.6437,-430.26338
17.1,2.68702889,3.22034241,13.14728607,-1023.6737,-581.66338
17.11,2.99732136,3.05070054,13.86444355,-908.2737,-635.50338
17.12,3.21976768,2.87807157,14.52036697,-677.6837,-595.14338
17.13,3.37384211,2.71326201,15.11746157,-475.2937,-525.81338
17.14,3.47784764,2.55837111,15.66166786,-378.5437,-467.21338
17.15,3.54230654,2.40587211,16.15846633,-353.5437,-434.52338
17.16,3.57047804,2.24460552,16.61015674,-369.9237,-466.51338
17.17,3.5611354,2.06973983,17.01365683,-411.2337,-558.51338
17.18,3.51138287,1.8877758,17.36175911,-428.0637,-630.82338
17.19,3.42070645,1.71273917,17.64854483,-373.6537,-630.95338
17.2,3.29447438,1.5563937,17.87381498,-250.9137,-566.34338
17.21,3.14391593,1.42060464,18.04351132,-101.6337,-457.76338
17.22,2.98243783,1.29727973,18.16747235,13.3363,-345.99338
17.23,2.82026084,1.17325598,18.25559456,42.9463,-282.25338
17.24,2.66065321,1.03742213,18.3141302,-0.5137,-271.41338
17.25,2.50084468,0.88722894,18.34533779,-54.0137,-266.49338
17.26,2.33641177,0.72934115,18.35039056,-80.4937,-240.24338
17.27,2.16475571,0.57504252,18.33155776,-77.9837,-206.89338
17.28,1.98596826,0.4347943,18.29231465,-52.8537,-160.83338
17.29,1.80197692,0.31314148,18.23754998,-28.5237,-90.75338
17.3,1.61462069,0.20656832,18.17353524,-28.7537,-26.11338
17.31,1.42411031,0.10953606,18.10584869,-44.1937,-2.34338
17.32,1.2295158,0.02474596,18.03686782,-50.2837,-19.42338
17.33,1.03020314,-0.03652673,17.96540814,-48.0237,-56.41338
17.34,0.82608059,-0.06506502,17.88816415,-50.1237,-97.57338
17.35,0.61727315,-0.05943916,17.80184359,-43.1837,-109.95338
17.36,0.40478481,-0.02290163,17.70585372,-14.8037,-67.74338
17.37,0.19076059,0.03842104,17.60306253,7.2963,-25.06338
17.38,-0.02302628,0.11533613,17.49649629,5.6463,-31.58338
17.39,-0.23622404,0.19790712,17.38668397,0.9163,-40.06338
17.4,-0.44923544,0.27824751,17.27348859,-4.0837,-22.06338
17.41,-0.66235824,0.35301931,17.15798415,-1.2637,-6.62338
17.42,-0.87489717,0.42450552,17.04163215,25.9063,2.95662
17.43,-1.08490725,0.49714813,16.92522508,46.5463,0.05662
17.44,-1.29064097,0.57386465,16.80850594,47.9963,-14.00338
17.45,-1.49157083,0.65504158,16.69070624,45.5563,-13.72338
17.46,-1.68807483,0.73823116,16.57139248,33.8663,-17.56338
17.47,-1.88088698,0.82024514,16.44984891,30.3263,-38.79338
17.48,-2.07018276,0.89885253,16.32451302,42.0763,-54.99338
17.49,-2.25546294,0.97123333,16.19377506,42.0863,-65.75338
17.5,-2.43643801,1.03505829,16.05657804,41.8963,-70.31338
17.51,-2.61269072,1.09105139,15.91257746,58.9563,-64.21338
17.52,-2.78322208,1.14024616,15.76196082,64.9863,-64.35338
17.53,-2.94786407,1.17979508,15.60477186,42.5863,-68.42338
17.54,-3.10825596,1.20418316,15.44090533,15.7863,-64.35338
17.55,-3.26612724,1.21049714,15.27026874,22.6063,-72.12338
17.56,-3.42084716,1.20137703,15.09205309,60.9963,-93.01338
17.57,-3.56984772,1.18254657,14.90495337,80.1163,-95.66338
17.58,-3.71152268,1.15954427,14.70875134,67.7363,-78.20338
17.59,-3.84642378,1.13786662,14.504617,51.3063,-63.67338
17.6,-3.97592426,1.12441814,14.29356009,41.6163,-69.80338
17.61,-4.10085589,1.12648255,14.07505887,44.1563,-92.94338
17.62,-4.22148317,1.14684113,13.84757633,38.1863,-102.01338
17.63,-4.33860508,1.18074185,13.61048248,15.6263,-85.93338
17.64,-4.45341789,1.22019599,13.36473857,18.8663,-70.57338
17.65,-4.56575909,1.25973178,13.11118859,41.4463,-83.61338
17.66,-4.67406718,1.29860422,12.8486763,55.5063,-119.14338
17.67,-4.77651591,1.34124958,12.57485094,77.8563,-129.07338
17.68,-4.87117803,1.39496683,12.28906977,96.1863,-99.39338
17.69,-4.95673555,1.4648715,11.99325603,89.8963,-71.89338
17.7,-5.03354745,1.54965256,11.68975298,69.7863,-62.84338
17.71,-5.1034935,1.64120629,11.37970937,41.1063,-62.49338
17.72,-5.16874719,1.72988867,11.06333894,31.6363,-63.69338
17.73,-5.22985353,1.81014421,10.7407452,57.4563,-57.50338
17.74,-5.2851595,1.8805699,10.4123434,81.4063,-52.07338
17.75,-5.33238437,1.942483,10.07869303,98.9163,-46.74338
17.76,-5.36970013,1.99930925,9.74072335,113.0663,-25.66338
17.77,-5.39628478,2.05400966,9.4000841,100.1363,-7.16338
17.78,-5.41289707,2.10717297,9.05827779,81.4963,-5.14338
17.79,-5.421031,2.15719219,8.71581641,71.9463,-7.20338
17.8,-5.42198033,2.20113857,8.37245847,57.9363,-14.76338
17.81,-5.41670605,2.2377336,8.02775547,57.0663,-15.52338
17.82,-5.40519491,2.26939104,7.6819679,73.3463,3.97662
17.83,-5.38637991,2.29972338,7.33653627,84.3363,23.35662
17.84,-5.35940155,2.33033413,6.99324983,80.4563,36.66662
17.85,-5.32457009,2.36008554,6.65363032,64.8163,51.53662
17.86,-5.28307551,2.3863126,6.31887449,52.3763,56.35662
17.87,-5.23591258,2.40687032,5.98946686,53.1063,51.22662
17.88,-5.18314279,2.42093394,5.66527916,61.6263,51.53662
17.89,-5.12408665,2.42797247,5.34644614,71.0363,61.43662
17.9,-5.05796539,2.42682865,5.03392656,74.8463,79.67662
17.91,-4.98433878,2.41658749,4.72942267,75.4263,101.38662
17.92,-4.90294756,2.39784374,4.43488671,80.8263,117.81662
17.93,-4.81352123,2.37111339,4.15179769,80.2663,122.40662
17.94,-4.71626104,2.3348437,3.88051335,67.9363,111.10662
17.95,-4.61175849,2.28828866,3.62019445,69.4963,95.54662
17.96,-4.49951359,2.23607028,3.36975324,98.7063,94.45662
17.97,-4.37717982,2.18728731,3.12906396,132.5863,107.16662
17.98,-4.24209345,2.14761824,2.89905287,142.1663,119.88662
17.99,-4.09361222,2.11015382,2.68047671,114.8163,112.00662
18.0,-3.93416539,2.05533382,2.47226975,62.7663,72.41662
18.01,-3.76770394,1.96296846,2.27136371,36.1763,36.74662
18.02,-3.59575339,1.82626027,2.07524761,80.3863,47.23662
18.03,-3.41444498,1.65785248,1.8848622,173.3063,99.55662
18.04,-3.21583096,1.48582834,1.70505323,261.1663,178.25662
18.05,-2.99231733,1.34073436,1.54270419,296.2863,243.87662
18.06,-2.74156835,1.23817279,1.40258333,231.6163,224.66662
18.07,-2.4698395,1.16865612,1.28268866,75.6163,117.38662
18.08,-2.1896043,1.10635786,1.17434293,-46.6537,4.06662
18.09,-1.91027499,1.03023726,1.06828539,-22.6037,-32.44338
18.1,-1.63142532,0.93505006,0.96118478,68.6163,20.64662
18.11,-1.34645479,0.82657026,0.85699835,126.1463,109.26662
18.12,-1.04893491,0.71490587,0.76347511,177.0063,188.89662
18.13,-0.73448292,0.60918964,0.68773706,193.0663,225.89662
18.14,-0.40269332,0.51173156,0.63267344,126.3063,187.83662
18.15,-0.05860086,0.41731439,0.59517151,42.3763,102.44662
18.16,0.29073271,0.31690363,0.56829452,-5.4737,33.81662
18.17,0.64064388,0.20204877,0.54614796,-12.3837,20.68662
18.18,0.99035942,0.06927781,0.52739134,18.3563,61.95662
18.19,1.34195906,-0.07977948,0.51499065,46.9763,111.18662
18.2,1.69791106,-0.24055238,0.51303415,57.7263,134.98662
18.21,2.05969717,-0.40500211,0.52435259,66.8763,151.38662
18.22,2.42786113,-0.56311544,0.55051296,59.5763,157.46662
18.23,2.80158071,-0.70678612,0.59162352,32.1363,133.23662
18.24,3.17860864,-0.83040314,0.64575176,4.4263,98.31662
18.25,3.55635568,-0.930037,0.70999944,-16.2837,76.45662
18.26,3.93292933,-1.00481171,0.78225481,-22.8537,70.62662
18.27,4.30763159,-1.05961526,0.86162761,-16.9237,68.53662
18.28,4.6807702,-1.10596666,0.94762234,-9.9037,58.72662
18.29,5.05300367,-1.1579069,1.03973177,-3.5337,60.14662
18.3,5.42488275,-1.22561023,1.13855388,-1.2637,91.03662
18.31,5.79647794,-1.31290991,1.24682842,-9.3537,137.42662
18.32,6.16708699,-1.41853968,1.36889915,-23.5337,187.50662
18.33,6.53540265,-1.5373548,1.50977857,-39.3737,241.45662
18.34,6.89971541,-1.66232651,1.67430842,-61.8937,277.14662
18.35,7.25788078,-1.78757132,1.86539946,-86.7937,268.24662
18.36,7.60777351,-1.91031897,2.08227744,-99.4837,219.38662
18.37,7.94822135,-2.03241271,2.32057285,-96.0937,151.22662
18.38,8.2794013,-2.16008255,2.57452895,-83.1037,106.13662
18.39,8.6022636,-2.29987098,2.84064073,-74.4637,124.27662
18.4,8.91742326,-2.45405801,3.1198267,-80.1337,169.82662
18.41,9.22469428,-2.61858088,3.4153261,-84.8737,190.15662
18.42,9.52399341,-2.78460484,3.72930944,-73.0537,190.76662
18.43,9.81616815,-2.9447599,4.06141997,-58.0537,154.94662
18.44,10.10244774,-3.09784556,4.40781368,-50.7037,72.21662
18.45,10.38372845,-3.24624655,4.76202608,-44.5537,14.91662
18.46,10.66052201,-3.39187165,5.11891542,-43.7337,6.57662
18.47,10.93284243,-3.53529458,5.47655194,-50.9637,3.36662
18.48,11.20027896,-3.67612111,5.83483564,-53.7537,14.12662
18.49,11.46260434,-3.81485049,6.19491554,-50.0337,41.77662
18.5,11.71997809,-3.95495271,6.55856262,-48.3037,46.55662
18.51,11.97249669,-4.10133327,6.92632288,-51.6237,31.18662
18.52,12.2197374,-4.25675843,7.29746733,-63.6237,27.98662
18.53,12.46039097,-4.42039118,7.67178472,-88.6737,41.30662
18.54,12.69211989,-4.58907527,8.05032204,-120.0737,59.74662
18.55,12.91207968,-4.75896971,8.43462305,-146.0037,71.29662
18.56,13.11771532,-4.9252815,8.82575799,-164.9437,72.56662
18.57,13.30697032,-5.08199713,9.22397262,-183.3937,68.30662
18.58,13.47785793,-5.2243971,9.62852894,-207.0237,46.03662
18.59,13.6280509,-5.35173717,10.03714719,-234.4037,3.64662
18.6,13.75502247,-5.46681058,10.44626613,-257.0837,-31.75338
18.61,13.85660316,-5.57317283,10.85263525,-271.1237,-48.58338
18.62,13.93132995,-5.67283968,11.25429006,-278.8837,-58.10338
18.63,13.97835185,-5.76666838,11.64991731,-283.3637,-74.76338
18.64,13.99727011,-5.85584416,12.03794449,-282.5937,-94.82338
18.65,13.98843647,-5.9431273,12.41676861,-265.5837,-102.16338
18.66,13.95343445,-6.03401752,12.78540891,-237.0337,-106.65338
18.67,13.89430528,-6.13443909,13.1432409,-229.4937,-115.31338
18.68,13.81140822,-6.24614501,13.48951808,-258.7537,-123.36338
18.69,13.70223177,-6.36579527,13.82285144,-308.2337,-154.16338
18.7,13.56239192,-6.48660937,14.13988874,-355.3737,-218.60338
18.71,13.38782694,-6.60036557,14.43479172,-374.0837,-292.45338
18.72,13.17704906,-6.70063611,14.70079164,-349.0337,-351.06338
18.73,12.93209529,-6.78496999,14.93255775,-298.9437,-373.22338
18.74,12.65702138,-6.85439848,15.12797204,-261.9437,-355.01338
18.75,12.35492508,-6.91209755,15.28818852,-262.1237,-323.11338
18.76,12.02618464,-6.96101022,15.41566093,-283.6337,-306.97338
18.77,11.6696943,-7.00043998,15.51214578,-284.6637,-300.89338
18.78,11.28577707,-7.02715634,15.57913182,-248.1737,-269.64338
18.79,10.87754995,-7.04165004,15.61995729,-195.4437,-204.69338
18.8,10.44967319,-7.05033283,15.6406412,-150.9837,-125.08338
18.81,10.00619654,-7.06153372,15.64871204,-130.6437,-48.11338
18.82,9.54902974,-7.08085071,15.65101982,-139.3937,-7.66338
18.83,9.0778083,-7.10676554,15.65137704,-156.8137,-13.03338
18.84,8.59142797,-7.12964146,15.65020119,-157.3937,-26.04338
18.85,8.09007425,-7.13930798,15.64641578,-131.3937,-37.71338
18.86,7.57615114,-7.13478209,15.6388278,-86.6537,-49.08338
18.87,7.05344613,-7.12369504,15.62710501,-50.6337,-27.96338
18.88,6.52507049,-7.11114084,15.6132424,-42.9637,20.96662
18.89,5.99205095,-7.09150473,15.60087124,-53.2537,47.23662
18.9,5.45389552,-7.05259322,15.59212825,-60.0237,31.23662
18.91,4.9102797,-6.9859613,15.58619021,-49.1737,4.03662
18.92,4.36235798,-6.89268898,15.5812591,-17.9237,2.51662
18.93,3.81279263,-6.78060675,15.57715717,15.2163,25.64662
18.94,3.26420788,-6.65691337,15.57529093,22.6563,37.16662
18.95,2.71749599,-6.52425682,15.57647863,10.3263,23.72662
18.96,2.17210571,-6.38320188,15.58017051,5.4963,17.09662
18.97,1.62768203,-6.23561552,15.58598233,13.2863,28.42662
18.98,1.08482272,-6.08444377,15.59452759,26.4463,36.93662
18.99,0.54459476,-5.93205885,15.60648403,35.0163,35.69662
19.0,0.00757416,-5.78020778,15.6217769,27.7563,26.67662
19.01,-0.52671733,-5.63086481,15.63977597,14.5763,20.74662
19.02,-1.05918646,-5.48694217,15.66012947,11.9263,27.55662
19.03,-1.59019449,-5.35222764,15.68319115,15.9563,34.01662
19.04,-2.1194834,-5.22876719,15.70963402,20.8663,41.20662
19.05,-2.64641221,-5.11342409,15.74053208,32.6563,63.32662
19.06,-3.16981866,-4.99883109,15.77768082,50.6563,83.71662
19.07,-3.68828975,-4.87898318,15.822601,59.3863,81.64662
19.08,-4.20118974,-4.75384236,15.87531486,49.3563,66.28662
19.09,-4.70926786,-4.62870114,15.93473517,30.7163,55.58662
19.1,-5.21403288,-4.50962626,15.99992115,17.6763,54.71662
19.11,-5.71661329,-4.39943848,16.07066757,17.2563,58.94662
19.12,-6.21701534,-4.29656954,16.14748018,30.8863,71.58662
19.13,-6.71403304,-4.19671219,16.23172073,52.2863,96.54662
19.14,-7.20592237,-4.09666844,16.32526996,65.6163,109.21662
19.15,-7.6915891,-3.99695054,16.42895537,61.3263,92.01662
19.16,-8.17121747,-3.90002422,16.54174098,49.2063,72.30662
19.17,-8.64575648,-3.80747776,16.66205377,39.7763,66.00662
19.18,-9.11586738,-3.71827388,16.78912499,44.3063,67.56662
19.19,-9.58083167,-3.62673135,16.92342565,73.4163,89.58662
19.2,-10.03848186,-3.52475767,17.06653575,97.3663,107.18662
19.21,-10.48731369,-3.40924657,17.21901153,80.5263,72.21662
19.22,-10.92845316,-3.28493433,17.3782835,45.2163,21.77662
19.23,-11.36470877,-3.16079792,17.54055665,20.3363,5.82662
19.24,-11.79866602,-3.04642812,17.70345949,1.9863,-6.69338
19.25,-12.23198667,-2.9487054,17.86553952,-2.9037,-23.80338
19.26,-12.66499721,-2.86933453,18.02594398,12.1663,-11.17338
19.27,-13.09664889,-2.80592725,18.18549888,28.8663,13.71662
19.28,-13.52550871,-2.75387857,18.34614271,37.7163,28.84662
19.29,-13.95063992,-2.70757899,18.50965323,40.7863,44.80662
19.3,-14.37181177,-2.66225449,18.67726994,35.0263,47.33662
19.31,-14.78952027,-2.61511059,18.84905333,23.6363,28.73662
19.32,-15.20477141,-2.56593929,19.02369191,11.9363,10.94662
19.33,-15.61858044,-2.51738333,19.19959592,6.1163,1.53662
19.34,-16.03134361,-2.47372646,19.37589212,13.6063,3.21662
19.35,-16.44256168,-2.43973394,19.55261876,24.4163,10.79662
19.36,-16.85130663,-2.41880301,19.73013258,32.4263,8.22662
19.37,-17.25654373,-2.40995768,19.90835184,46.9863,2.51662
19.38,-17.65693947,-2.40839669,20.08679403,63.1963,-2.79338
19.39,-18.0511581,-2.40895229,20.26471391,69.6463,-16.27338
19.4,-18.43866163,-2.40765799,20.44108848,62.0563,-24.92338
19.41,-18.82008404,-2.40164953,20.61515448,45.4263,-24.67338
19.42,-19.1965896,-2.38830467,20.78652267,39.7063,-32.09338
19.43,-19.56865355,-2.36474765,20.95451579,48.7663,-44.59338
19.44,-19.93588264,-2.32944098,21.11818435,52.0963,-50.15338
19.45,-20.29805662,-2.2833624,21.27692459,45.1863,-50.68338
19.46,-20.65563875,-2.22857591,21.43051603,37.1463,-52.88338
19.47,-21.00918601,-2.16537452,21.57856189,37.8563,-63.82338
19.48,-21.35831342,-2.09051272,21.7199807,59.8763,-83.00338
19.49,-21.70121947,-2.00045877,21.85309144,87.1863,-100.94338
19.5,-22.03602191,-1.89781641,21.97630661,85.8363,-109.38338
19.51,-22.36285175,-1.79239039,22.08891822,55.9863,-102.88338
19.52,-22.68374422,-1.69469847,22.19109777,35.6263,-100.58338
19.53,-22.99986709,-1.6081529,22.282265,59.4863,-134.89338
19.54,-23.3090191,-1.52587367,22.35939267,120.1763,-189.66338
19.55,-23.606149,-1.43453703,22.41830278,176.9863,-212.93338
19.56,-23.88667854,-1.32373823,22.45720507,185.8063,-183.23338
19.57,-24.15013473,-1.19434303,22.47860505,130.2763,-119.14338
19.58,-24.40096181,-1.05835768,22.48776146,54.7463,-66.67338
19.59,-24.64486352,-0.93020392,22.48878231,33.1863,-71.38338
19.6,-24.88346213,-0.81724025,22.48171559,86.9463,-112.51338
19.61,-25.11267314,-0.71758743,22.46397256,164.3663,-129.09338
19.62,-25.32646553,-0.6259457,22.43423972,197.0063,-107.34338
19.63,-25.52221932,-0.53989282,22.39423981,159.1063,-65.35338
19.64,-25.702637,-0.46109653,22.34757034,94.1663,-27.18338
19.65,-25.87292107,-0.39382233,22.29736931,53.8463,-19.99338
19.66,-26.03690478,-0.34224273,22.24455146,46.0963,-35.95338
19.67,-26.19528388,-0.30628147,22.18832405,74.0863,-42.93338
19.68,-26.34591488,-0.28086006,22.12830557,111.5963,-28.27338
19.69,-26.48606126,-0.25945724,22.06567403,118.0463,-3.49338
19.7,-26.61478229,-0.23680052,22.00264542,105.2663,20.92662
19.71,-26.73305571,-0.21057539,21.94150575,85.2663,38.74662
19.72,-26.84263203,-0.18125785,21.88383702,68.0263,41.96662
19.73,-26.94483173,-0.14892491,21.83030972,69.6863,44.52662
19.74,-27.04001783,-0.11338431,21.78141311,69.0863,55.75662
19.75,-27.12849707,-0.07751956,21.73795018,56.3563,62.85662
19.76,-27.2112622,-0.04721915,21.70075495,42.7063,70.78662
19.77,-27.28953247,-0.02787658,21.67070864,33.9663,83.07662
19.78,-27.36384313,-0.01970661,21.64890277,43.6863,94.22662
19.79,-27.43348069,-0.01565573,21.63651809,61.5263,106.86662
19.8,-27.49732939,-0.00530845,21.63455635,60.7563,110.50662
19.81,-27.55546248,0.01941499,21.64326954,41.5263,100.66662
19.82,-27.60955521,0.06112358,21.66180291,13.7463,82.51662
19.83,-27.66208583,0.11693783,21.68829348,-10.5937,54.13662
19.84,-27.71520585,0.18126374,21.72023072,-20.1937,28.62662
19.85,-27.770029,0.24829505,21.75527391,-21.2037,14.39662
19.86,-27.82666555,0.31277376,21.79195153,-13.9937,9.50662
19.87,-27.88433274,0.37080189,21.82998333,3.9063,22.30662
19.88,-27.94165758,0.42092091,21.87033333,15.8163,40.15662
19.89,-27.9975948,0.4651736,21.914304,15.9063,43.75662
19.9,-28.05189617,0.50922619,21.96240937,13.7463,39.26662
19.91,-28.10477343,0.55982419,22.01425217,9.5063,28.75662
19.92,-28.15678483,0.62140734,22.0686909,-2.1837,8.60662
19.93,-28.20905812,0.69514839,22.12395683,-19.6737,-11.33338
19.94,-28.2631053,0.77945886,22.17821993,-33.4837,-24.50338
19.95,-28.32038038,0.86882573,22.22998523,-46.5337,-38.02338
19.96,-28.38233535,0.953233,22.27793696,-64.7037,-50.44338
19.97,-28.4503387,1.02349343,22.32120612,-70.0537,-46.84338
19.98,-28.52489946,1.07836652,22.35987973,-61.5437,-38.14338
19.99,-28.6056846,1.12507276,22.39405001,-59.8937,-55.45338
