t,dx,dy,dz,ax,ay,az
0,0,0,0,-1.39998,2.39996,0.3
0.02,-0.06857,0.03113,0.12387,-10.79983,-22.99963,1.89997
0.04,-0.14047,0.05518,0.24891,-10.09984,-27.49956,6.79989
0.06,-0.21637,0.06747,0.37588,-8.79986,-39.69937,2.89995
0.08,-0.29601,0.06519,0.50448,-9.49985,-38.99938,2.89995
0.1,-0.37964,0.05057,0.63458,-11.99981,-5.9999,5.39991
0.12,-0.46807,0.03495,0.76696,-14.19977,40.89935,8.29987
0.14,-0.56184,0.02902,0.90216,-12.7998,20.89967,5.29992
0.16,-0.6607,0.02455,1.03948,-10.99983,-68.29892,1.39998
0.18,-0.76392,0.00206,1.17822,-8.49986,-64.69897,5.29992
0.2,-0.8708,-0.03927,1.31958,-8.49986,9.09986,13.39979
0.22,-0.98157,-0.08389,1.46548,-13.09979,13.39979,12.3998
0.24,-1.09758,-0.12173,1.61594,-17.59972,31.6995,6.59989
0.26,-1.22038,-0.14449,1.76966,-19.39969,73.79883,6.0999
0.28,-1.35047,-0.1433,1.92668,-16.19974,59.99904,13.29979
0.3,-1.48719,-0.12803,2.08754,-14.39977,-53.09915,4.89992
0.32,-1.62951,-0.11996,2.25175,-10.79983,-26.09958,9.59985
0.34,-1.77627,-0.1237,2.42034,-8.19987,-12.99979,18.7997
0.36,-1.92619,-0.13703,2.59617,-4.19993,-43.8993,24.29961
0.38,-2.07845,-0.16731,2.78015,-6.59989,-68.9989,13.29979
0.4,-2.23378,-0.21694,2.96977,-13.09979,-11.69981,4.59993
0.42,-2.3943,-0.27318,3.16091,-18.9997,25.99959,-8.09987
0.44,-2.56192,-0.31698,3.34941,-19.59969,83.99866,-15.59975
0.46,-2.73604,-0.32916,3.53323,-6.59989,121.99806,-8.49986
0.48,-2.91315,-0.31083,3.71355,2.99995,-23.19963,-3.09995
0.5,-3.08894,-0.29863,3.89289,14.09978,-136.99782,3.99994
0.52,-3.26212,-0.3234,4.07366,-4.89992,-72.69884,8.49986
0.54,-3.43616,-0.3802,4.25793,-12.7998,-38.09939,13.19979
0.56,-3.61471,-0.44793,4.44758,-14.39977,39.39937,17.99971
0.58,-3.79948,-0.50386,4.64385,-20.29968,77.09877,16.19974
0.6,-3.99236,-0.53685,4.84548,-25.99959,35.59943,2.29996
0.62,-4.19574,-0.5532,5.04952,-32.49948,17.89971,2.49996
0.64,-4.4113,-0.5641,5.25518,-30.59951,-17.09973,7.99987
0.66,-4.63797,-0.57719,5.46355,-17.19973,-5.79991,7.69988
0.68,-4.87313,-0.59508,5.67543,-19.69969,-19.39969,10.99983
0.7,-5.1156,-0.61511,5.89169,-16.29974,22.89963,13.09979
0.72,-5.36496,-0.62345,6.11256,-16.39974,90.29856,8.09987
0.74,-5.61992,-0.61223,6.33657,-6.69989,-7.99987,1.29998
0.76,-5.87763,-0.60465,6.56023,2.49996,-110.99824,-15.09976
0.78,-6.13402,-0.62705,6.77778,14.99976,-69.89889,-32.99947
0.8,-6.38483,-0.67639,6.98199,23.59962,-18.7997,-53.19915
0.82,-6.62692,-0.73068,7.16589,25.1996,57.69908,-64.59897
0.84,-6.85826,-0.7645,7.32638,33.59946,107.99828,-52.49916
0.86,-7.07576,-0.75363,7.46585,46.29926,172.99724,-41.49934
0.88,-7.27573,-0.6977,7.58784,49.19922,-3.59994,-40.09936
0.9,-7.45707,-0.63485,7.6926,41.89933,-96.79846,-51.49918
0.92,-7.62153,-0.58504,7.77744,35.89943,66.59894,-56.8991
0.94,-7.77194,-0.51987,7.84012,27.09957,116.99814,-57.19909
0.96,-7.911,-0.40732,7.88047,23.49963,172.99724,-52.79916
0.98,-8.03929,-0.26905,7.89966,33.89946,-205.99671,-49.69921
1,-8.15434,-0.16022,7.89874,41.19934,-55.49912,-49.79921
1.02,-8.25248,-0.08737,7.87747,52.99916,-43.09931,-54.99912
1.04,-8.32953,-0.01931,7.83538,63.89898,93.59851,-49.19922
1.06,-8.38121,0.06537,7.77373,73.19883,21.99965,-43.09931
1.08,-8.40535,0.14544,7.69501,65.19896,-183.99706,-36.19942
1.1,-8.40316,0.17252,7.60202,59.89905,-183.99706,-27.99955
1.12,-8.3785,0.14024,7.49786,39.99936,-41.89933,-20.39967
1.14,-8.33586,0.08725,7.38544,39.99936,60.59903,-14.69977
1.16,-8.28061,0.05942,7.26599,6.2999,171.99726,-21.29966
1.18,-8.22527,0.05796,7.14042,-51.49918,-140.99776,-4.69992
1.2,-8.18749,0.04112,7.01402,-78.69874,-43.9993,21.49966
1.22,-8.17665,-0.00126,6.89632,-60.29904,-26.69958,47.89924
1.24,-8.1906,-0.04818,6.79624,-48.39923,51.89917,57.99908
1.26,-8.22278,-0.07862,6.71452,-24.9996,87.49861,18.7997
1.28,-8.2654,-0.0867,6.64122,-5.89991,-3.49994,-12.19981
1.3,-8.31039,-0.0948,6.56206,13.39979,-80.89871,-53.79914
1.32,-8.35023,-0.12039,6.46133,30.79951,-9.79984,-96.79846
1.34,-8.37759,-0.15323,6.32495,49.89921,27.79956,-109.99825
1.36,-8.38482,-0.17057,6.14637,70.99887,108.99827,-105.99831
1.38,-8.36292,-0.1591,5.92498,99.49842,42.09933,-106.9983
1.4,-8.30185,-0.1362,5.66168,121.99806,-79.09874,-99.89841
1.42,-8.19115,-0.13154,5.35843,152.99756,-66.39894,-93.59851
1.44,-8.02316,-0.15083,5.01526,144.99768,-27.89956,-112.9982
1.46,-7.7993,-0.18655,4.62551,115.99816,-42.29933,-146.99765
1.48,-7.52841,-0.23612,4.18304,93.49851,-26.09958,-120.99808
1.5,-7.21831,-0.29307,3.69077,89.19858,20.39967,-109.99825
1.52,-6.87179,-0.34333,3.1559,92.59852,52.09917,-85.79864
1.54,-6.48946,-0.38509,2.58659,83.89867,-39.89937,-63.59898
1.56,-6.07209,-0.43057,1.99227,90.09856,-9.59985,-37.99939
1.58,-5.61841,-0.47957,1.38253,99.29842,23.59962,-15.49975
1.6,-5.12378,-0.51699,0.76704,120.99808,78.09875,10.69983
1.62,-4.59175,-0.53186,0.15561,32.79948,45.49927,33.79946
1.64,-4.05589,-0.53569,-0.44192,-147.99764,-58.89906,59.89905
1.66,-3.56707,-0.54988,-1.01566,-206.9967,-31.4995,83.49867
1.68,-3.15436,-0.57409,-1.55571,-198.99683,21.49966,108.99827
1.7,-2.82247,-0.5897,-2.05224,-202.99676,74.29882,132.99789
1.72,-2.5693,-0.57588,-2.49628,-181.9971,123.99803,148.99762
1.74,-2.39015,-0.53508,-2.88523,-172.99724,-52.69916,118.99811
1.76,-2.28132,-0.49373,-3.22431,-174.99721,-13.29979,110.99824
1.78,-2.2423,-0.46428,-3.51919,-174.99721,-39.79937,99.99841
1.8,-2.27391,-0.4505,-3.77209,-180.99711,-64.09898,107.99828
1.82,-2.37553,-0.45332,-3.98507,-162.9974,1.79997,82.39869
1.84,-2.54137,-0.45272,-4.16699,-134.99785,94.59849,36.89941
1.86,-2.76143,-0.43247,-4.33546,-108.99827,5.19992,-22.49964
1.88,-3.02463,-0.41691,-4.51945,-78.19875,-151.99757,-147.99764
1.9,-3.31867,-0.43609,-4.75311,-42.89932,-48.89922,-178.99714
1.92,-3.62931,-0.48123,-5.05318,-1.69997,-9.89984,-158.99746
1.94,-3.94099,-0.52779,-5.41977,35.99943,54.29913,-168.9973
1.96,-4.23782,-0.56511,-5.85116,78.49875,-6.59989,-151.99757
1.98,-4.50376,-0.6005,-6.34427,115.99816,-21.89965,-144.99768
2,-4.72268,-0.64101,-6.895,159.99745,-0.99998,-134.99785
2.02,-4.87842,-0.6851,-7.49984,195.99687,-12.09981,-126.99798
2.04,-4.95487,-0.73698,-8.15529,240.99616,-52.89916,-117.99812
2.06,-4.93625,-0.80488,-8.85786,272.99565,-42.59932,-108.99827
2.08,-4.80855,-0.88731,-9.60391,303.99516,-7.29988,-99.69841
2.1,-4.56077,-0.97317,-10.38836,319.9949,22.69964,-76.39878
2.12,-4.18441,-1.05206,-11.20392,341.99455,31.3995,-59.49905
2.14,-3.67947,-1.12845,-12.03988,281.99551,-60.59903,-9.49985
2.16,-3.06076,-1.2155,-12.87819,231.9963,-17.09973,54.19914
2.18,-2.37946,-1.31052,-13.69592,-119.99809,14.89976,105.99831
2.2,-1.72269,-1.40184,-14.47925,-236.99622,24.09962,76.99877
2.22,-1.14173,-1.48526,-15.23065,-163.99738,15.69975,58.49907
2.24,-0.63599,-1.55803,-15.96009,-186.99702,50.89919,24.69961
2.26,-0.19507,-1.61799,-16.67993,-109.99825,10.29984,-12.7998
2.28,0.1976,-1.67368,-17.40653,-75.2988,-28.89954,-67.49892
2.3,0.56247,-1.73553,-18.15608,-17.29972,-14.39977,-82.59868
2.32,0.91745,-1.80555,-18.93403,11.29982,-24.09962,-52.09917
2.34,1.27828,-1.88391,-19.73358,53.29915,-21.09966,-29.99952
2.36,1.65982,-1.9665,-20.5435,89.49857,23.89962,7.39988
2.38,2.07648,-2.05507,-21.35039,118.99811,-86.69862,44.69929
2.4,2.54346,-2.16637,-22.139,175.99719,-77.99876,85.19864
2.42,3.06328,-2.30451,-22.89481,57.59908,-25.99959,111.99822
2.44,3.58591,-2.45542,-23.6104,-262.99581,2.19997,92.19853
2.46,4.04617,-2.60248,-24.28852,-154.99753,59.89905,77.49876
2.48,4.43182,-2.74437,-24.93638,-172.99724,-70.49888,54.39914
2.5,4.75725,-2.90333,-25.56398,-100.99839,-89.79857,15.59975
2.52,5.03937,-3.08955,-26.18476,-57.89908,-22.69964,-18.29971
2.54,5.30216,-3.28993,-26.81367,23.69962,-6.59989,-61.19903
2.56,5.55718,-3.48603,-27.46357,-66.99893,78.49875,-69.99889
2.58,5.78136,-3.66676,-28.13668,-197.99684,3.09995,-31.79949
2.6,5.94281,-3.84266,-28.82345,-163.99738,-36.59942,-3.79994
2.62,6.03475,-4.02769,-29.51123,-168.9973,-21.39966,28.39955
2.64,6.06167,-4.22872,-30.18768,-147.99764,-80.69871,59.39905
2.66,6.02977,-4.44906,-30.84015,-122.99804,-10.59983,91.89854
2.68,5.94845,-4.67655,-31.4571,-99.99841,30.19952,110.99824
2.7,5.8273,-4.88845,-32.03607,-75.0988,105.99831,65.09896
2.72,5.67588,-5.06931,-32.58814,-52.29917,67.89892,26.99957
2.74,5.50376,-5.23738,-33.12972,-27.09957,-113.99819,-15.09976
2.76,5.32054,-5.42636,-33.6701,-4.39993,-49.29921,14.39977
2.78,5.13558,-5.63218,-34.20572,18.7997,44.0993,32.99947
2.8,4.95298,-5.82278,-34.7255,-9.49985,112.9982,77.19877
2.82,4.766,-5.98351,-35.21465,-43.29931,28.49955,117.99812
2.84,4.56102,-6.12587,-35.6565,-83.79867,13.49979,158.99746
2.86,4.32542,-6.26238,-36.03687,-95.09848,2.79996,177.99716
2.88,4.05524,-6.3994,-36.35074,-71.59886,-24.39961,148.99762
2.9,3.75522,-6.54286,-36.60514,-59.89905,-18.5997,117.99812
2.92,3.4327,-6.69165,-36.81307,-33.39947,8.09987,78.79875
2.94,3.09641,-6.83992,-36.9901,-10.79983,7.39988,32.59948
2.96,2.75645,-6.98556,-37.14913,18.4997,3.19995,35.09944
2.98,2.42329,-7.12861,-37.2925,41.99933,11.99981,52.89916
3,2.1071,-7.27078,-37.41481,67.29893,-18.6997,68.9989
3.02,1.80757,-7.41482,-37.51082,-9.69985,6.4999,71.09887
3.04,1.50909,-7.55595,-37.579,-37.19941,34.69945,66.29895
3.06,1.20179,-7.68527,-37.62052,-3.99994,41.89933,62.09901
3.08,0.89005,-7.80057,-37.63748,1.09998,21.59966,54.19914
3.1,0.58156,-7.90759,-37.6321,34.39945,-2.59996,52.09917
3.12,0.28568,-8.01827,-37.60445,56.4991,-53.09915,63.39899
3.14,0.01336,-8.14656,-37.55185,88.2986,-67.49892,69.79889
3.16,-0.22438,-8.29606,-37.47076,112.9982,-24.19962,80.99871
3.18,-0.4171,-8.45746,-37.3621,135.99784,-3.39995,43.09931
3.2,-0.56916,-8.62425,-37.23718,21.89965,-22.99963,-5.49991
3.22,-0.70084,-8.80616,-37.11356,24.09962,-101.99838,-45.89927
3.24,-0.8187,-9.01733,-37.00164,68.29892,-65.79895,-20.59967
3.26,-0.91363,-9.25156,-36.89842,68.8989,2.79996,-0.69999
3.28,-0.97476,-9.4843,-36.79471,131.9979,74.79881,25.99959
3.3,-0.98913,-9.68529,-36.68093,134.99785,164.99737,48.59922
3.32,-0.94291,-9.82679,-36.5471,203.99675,189.99697,76.39878
3.34,-0.85173,-9.92536,-36.38426,-93.09851,-115.99816,87.8986
3.36,-0.77188,-10.02675,-36.19,-130.99792,13.59978,61.09902
3.38,-0.73448,-10.12766,-35.97114,-69.19889,93.49851,35.09944
3.4,-0.72951,-10.19498,-35.73708,-54.59913,134.99785,19.79968
3.42,-0.74167,-10.21822,-35.49118,7.19989,77.19877,42.89932
3.44,-0.75112,-10.20734,-35.22884,67.49892,51.49918,57.89908
3.46,-0.75707,-10.17892,-34.94191,-106.9983,-4.89992,86.39863
3.48,-0.79259,-10.14501,-34.62236,-148.99762,12.99979,94.59849
3.5,-0.87932,-10.11112,-34.27103,-106.9983,-21.49966,41.39934
3.52,-1.01398,-10.08223,-33.90247,-115.99816,-20.19968,-5.89991
3.54,-1.19018,-10.0632,-33.53596,-76.19878,-36.89941,-51.09918
3.56,-1.39882,-10.05469,-33.18945,-55.89911,-11.39982,-92.59852
3.58,-1.62843,-10.05261,-32.876,-21.49966,-4.79992,-95.29848
3.6,-1.86922,-10.05105,-32.60014,-12.5998,15.59975,-93.39851
3.62,-2.12143,-10.04413,-32.36127,-67.39893,26.99957,-88.79859
3.64,-2.39164,-10.02946,-32.15803,-32.39948,7.79988,-86.09863
3.66,-2.67846,-10.01238,-31.9882,-33.69946,-18.7997,-73.99882
3.68,-2.97637,-9.99835,-31.84794,-10.89983,-0.89999,-62.39901
3.7,-3.27968,-9.99318,-31.73249,1.69997,-68.09891,-50.0992
3.72,-3.58077,-10.00594,-31.63696,29.89952,-42.49932,-37.5994
3.74,-3.87084,-10.03257,-31.55628,48.79922,14.29977,-23.99962
3.76,-4.14211,-10.0565,-31.48533,60.79903,40.59935,-12.4998
3.78,-4.39414,-10.07561,-31.41904,22.19965,-47.39925,1.49998
3.8,-4.63599,-10.10772,-31.35533,-3.19995,-76.09879,-17.09973
3.82,-4.87872,-10.16302,-31.29901,-24.49961,-32.39948,-42.09933
3.84,-5.12593,-10.23152,-31.25984,7.69988,8.69986,-71.09887
3.86,-5.37196,-10.29526,-31.24545,21.09966,62.29901,-64.29898
3.88,-5.60733,-10.33546,-31.25371,56.79909,101.99838,-27.69956
3.9,-5.821,-10.34985,-31.27451,82.59868,-8.39987,-6.4999
3.92,-6.00038,-10.36091,-31.29761,120.99808,-52.09917,16.89973
3.94,-6.13253,-10.38556,-31.32018,147.99764,-23.49963,-22.99963
3.96,-6.20559,-10.41663,-31.35149,173.99722,34.69945,-58.99906
3.98,-6.22487,-10.43981,-31.4025,42.09933,32.79948,-56.99909
4,-6.21806,-10.4524,-31.47138,2.89995,5.49991,-6.4999
4.02,-6.20388,-10.45691,-31.54571,25.89959,36.69942,14.69977
4.04,-6.18133,-10.45133,-31.61561,29.29953,21.79965,20.49967
4.06,-6.15089,-10.44175,-31.67777,-5.49991,-40.39936,20.89967
4.08,-6.12012,-10.44217,-31.72922,-14.69977,-41.29934,43.8993
4.1,-6.09142,-10.45508,-31.76462,14.29977,-2.09997,50.89919
4.12,-6.05929,-10.47012,-31.78056,20.59967,24.09962,48.19923
4.14,-6.01665,-10.48275,-31.79727,49.89921,-22.29964,-155.99751
4.16,-5.95553,-10.49747,-31.85013,64.49897,-0.49999,-98.49843
4.18,-5.86697,-10.50841,-31.94891,95.69847,60.89903,-106.9983
4.2,-5.74154,-10.50784,-32.08557,112.9982,-6.4999,-67.29893
4.22,-5.56947,-10.50803,-32.24888,144.99768,-55.59911,-25.59959
4.24,-5.34081,-10.51978,-32.42133,162.9974,1.89997,26.09958
4.26,-5.04557,-10.53174,-32.5849,194.99689,49.49921,61.49902
4.28,-4.67646,-10.53336,-32.72326,185.99703,2.29996,101.99838
4.3,-4.23086,-10.53695,-32.8241,197.99684,-73.99882,108.99827
4.32,-3.70939,-10.55658,-32.8833,176.99718,-14.89976,95.39848
4.34,-3.12023,-10.58711,-32.9037,124.99801,-5.39991,87.49861
4.36,-2.5005,-10.61841,-32.89036,-120.99808,17.79972,66.09895
4.38,-1.89791,-10.64832,-32.84973,-54.19914,-16.49974,52.29917
4.4,-1.32211,-10.68133,-32.78519,-38.39939,-15.89975,67.59892
4.42,-0.76254,-10.71828,-32.69101,-31.0995,8.59986,107.99828
4.44,-0.22426,-10.75066,-32.56069,-111.99822,44.1993,76.99877
4.46,0.2719,-10.77276,-32.3954,-165.99735,5.69991,86.89862
4.48,0.69904,-10.79187,-32.19902,-245.99608,-25.99959,59.19906
4.5,1.04006,-10.81446,-31.97557,-202.99676,11.29982,64.49897
4.52,1.29747,-10.83301,-31.74403,-183.99706,43.6993,-107.99828
4.54,1.48455,-10.83882,-31.53684,-131.9979,28.49955,-92.99852
4.56,1.61722,-10.83419,-31.36967,-95.99847,3.39995,-106.9983
4.58,1.71422,-10.82736,-31.24481,-32.49948,-13.39979,-116.99814
4.6,1.79663,-10.82345,-31.16437,15.39975,-5.9999,-103.99835
4.62,1.88702,-10.82169,-31.12644,81.5987,3.69994,-100.99839
4.64,2.00845,-10.81924,-31.13433,131.9979,5.29992,-152.99756
4.66,2.18262,-10.81646,-31.19533,181.9971,-11.19982,-124.99801
4.68,2.40579,-10.81655,-31.30774,-5.79991,-11.79981,-111.99822
4.7,2.64429,-10.82016,-31.46371,-16.89973,-0.59999,-87.39861
4.72,2.88166,-10.82548,-31.6544,28.49955,-4.29993,-61.29902
4.74,3.12749,-10.83331,-31.86859,44.69929,-16.09974,-25.79959
4.76,3.39492,-10.84326,-32.09374,98.29844,15.09976,2.39996
4.78,3.70066,-10.84715,-32.31652,141.99773,46.39926,43.7993
4.8,4.06311,-10.83607,-32.52328,184.99705,41.49934,69.3989
4.82,4.50134,-10.81193,-32.70462,245.99608,0.99998,70.79888
4.84,5.02414,-10.78651,-32.85787,168.9973,-30.79951,68.9989
4.86,5.59153,-10.76781,-32.98343,-137.99781,-6.89989,67.29893
4.88,6.13821,-10.75171,-33.08231,-99.89841,18.4997,62.29901
4.9,6.64019,-10.72903,-33.15397,-108.99827,35.49943,79.39874
4.92,7.10129,-10.69572,-33.19715,-90.69855,16.49974,62.999
4.94,7.52864,-10.65351,-33.21444,-46.89925,20.39967,52.49916
4.96,7.92503,-10.60664,-33.21023,-124.99801,-10.89983,46.29926
4.98,8.2706,-10.56032,-33.18608,-210.99664,-4.29993,53.29915
5,8.54526,-10.51161,-33.14034,-161.99741,43.19931,62.29901
5.02,8.74949,-10.45044,-33.07154,-168.9973,42.29933,51.69918
5.04,8.89061,-10.37683,-32.98404,-130.99792,-3.59994,20.59967
5.06,8.97751,-10.30123,-32.88782,-110.99824,-15.39975,-6.69989
5.08,9.02137,-10.2285,-32.79213,-77.29877,5.49991,-13.19979
5.1,9.03354,-10.15699,-32.69916,-50.99919,-7.89987,4.89992
5.12,9.02232,-10.09022,-32.60109,-54.39914,-37.39941,53.59914
5.14,8.98311,-10.02995,-32.48173,-119.99809,17.49972,99.99841
5.16,8.90233,-9.96486,-32.33369,-120.99808,50.4992,32.29948
5.18,8.77374,-9.8962,-32.17092,-115.99816,-83.09867,-18.09971
5.2,8.59833,-9.84582,-32.00728,-114.99817,-67.19893,11.69981
5.22,8.38113,-9.81949,-31.83842,-71.69885,-23.29963,46.09926
5.24,8.13261,-9.80311,-31.65192,-54.59913,14.19977,71.59886
5.26,7.86662,-9.78023,-31.43581,6.3999,59.59905,105.99831
5.28,7.58839,-9.74474,-31.17905,-80.39872,-7.39988,121.99806
5.3,7.27841,-9.7039,-30.87621,-162.9974,8.49986,109.99825
5.32,6.91917,-9.65732,-30.53381,-85.89863,47.59924,52.79916
5.34,6.51683,-9.59979,-30.16958,-96.09847,5.59991,1.69997
5.36,6.08269,-9.54319,-29.7992,-39.59937,-68.29892,4.59993
5.38,5.62954,-9.502,-29.42904,-14.69977,-23.39963,-13.99978
5.4,5.17266,-9.4687,-29.0622,31.89949,36.09942,-10.69983
5.42,4.72715,-9.42921,-28.7022,64.79897,12.99979,-33.79946
5.44,4.30653,-9.38361,-28.35774,87.5986,-1.29998,-77.99876
5.46,3.91461,-9.33793,-28.04218,47.19925,-9.79984,-99.99841
5.48,3.54285,-9.29266,-27.76423,19.79968,16.59974,-98.99843
5.5,3.17948,-9.24319,-27.5253,-2.69996,18.39971,-93.09851
5.52,2.82045,-9.18659,-27.32164,29.19954,17.79972,-68.29892
5.54,2.47142,-9.1258,-27.14528,44.49929,-12.3998,-44.0993
5.56,2.14204,-9.0689,-26.98659,78.49875,-31.99949,-21.09966
5.58,1.84309,-9.01907,-26.83627,102.99836,5.39991,1.69997
5.6,1.58607,-8.9664,-26.68566,134.99785,49.49921,19.79968
5.62,1.38243,-8.89963,-26.52505,160.99743,36.29942,57.79908
5.64,1.24307,-8.81871,-26.34551,185.99703,19.29969,53.09915
5.66,1.16979,-8.72889,-26.14864,127.99796,13.89978,8.39987
5.68,1.14709,-8.63894,-25.94544,63.99898,-45.99927,-7.39988
5.7,1.152,-8.56128,-25.74682,20.39967,-44.99928,-40.29936
5.72,1.17052,-8.49337,-25.56225,31.3995,38.29939,-53.29915
5.74,1.20107,-8.42125,-25.39726,37.2994,10.29984,-49.79921
5.76,1.24716,-8.35142,-25.25048,49.59921,-81.99869,-30.09952
5.78,1.30923,-8.2978,-25.11568,23.49963,-8.59986,-10.59983
5.8,1.3801,-8.25345,-24.99037,-8.39987,6.2999,-44.39929
5.82,1.44994,-8.20714,-24.88283,-16.79973,15.39975,-79.19873
5.84,1.51444,-8.15421,-24.80019,-11.29982,28.89954,-47.09925
5.86,1.57268,-8.09297,-24.73895,-22.89963,9.69985,-41.39934
5.88,1.62271,-8.03137,-24.69199,-24.7996,-44.79929,-13.79978
5.9,1.6639,-7.97974,-24.65087,-15.69975,-20.09968,9.79984
5.92,1.69877,-7.93318,-24.60585,-6.89989,34.09945,32.29948
5.94,1.73213,-7.87503,-24.55321,14.69977,67.69892,0.99998
5.96,1.77152,-7.79989,-24.49992,37.8994,0.2,-28.69954
5.98,1.82572,-7.72565,-24.45624,57.89908,-77.39877,-40.49936
6,1.89783,-7.6727,-24.42579,25.49959,-58.39907,-23.49963
6.02,1.9804,-7.64071,-24.40568,-4.09993,-15.69975,-16.69973
6.04,2.06039,-7.61298,-24.3905,-42.79932,47.09925,6.69989
6.06,2.13007,-7.56988,-24.3732,-13.29979,74.9988,23.69962
6.08,2.19374,-7.51388,-24.34635,9.49985,-68.29892,40.49936
6.1,2.26026,-7.47062,-24.30555,22.99963,-65.99895,33.89946
6.12,2.33102,-7.44584,-24.2525,-12.89979,15.29976,13.39979
6.14,2.40098,-7.4218,-24.19378,-4.99992,27.79956,-4.79992
6.16,2.46943,-7.38618,-24.1373,7.99987,44.69929,-27.09957
6.18,2.54106,-7.33709,-24.09102,20.99967,17.29972,-43.8993
6.2,2.62147,-7.28595,-24.0574,37.99939,-58.99906,-12.4998
6.22,2.71666,-7.25225,-24.02941,50.99919,-73.89882,11.79981
6.24,2.8274,-7.24139,-23.9955,15.69975,-21.79965,47.19925
6.26,2.94604,-7.23756,-23.94451,-3.19995,47.09925,63.69899
6.28,3.06448,-7.21837,-23.87386,-11.09982,80.89871,21.19966
6.3,3.18042,-7.17683,-23.79315,0.49999,14.39977,-6.3999
6.32,3.29608,-7.13068,-23.71572,7.59988,-63.69899,-41.99933
6.34,3.41364,-7.09884,-23.65385,3.49994,-30.39952,-66.09895
6.36,3.5317,-7.07901,-23.6149,-9.49985,4.29993,-55.79911
6.38,3.64782,-7.05401,-23.59863,-3.59994,73.29884,-49.9992
6.4,3.7621,-7.00841,-23.60139,-1.59997,54.79913,-35.29944
6.42,3.87606,-6.9507,-23.61785,3.79994,-61.89901,-17.29972
6.44,3.99144,-6.90328,-23.64127,8.49986,-34.09945,-0.49999
6.46,4.10833,-6.86891,-23.66482,-5.59991,-0.59999,16.09974
6.48,4.22189,-6.83348,-23.68379,-30.39952,45.69927,13.19979
6.5,4.32458,-6.78093,-23.69704,-42.09933,80.19872,13.99978
6.52,4.41335,-6.70388,-23.7049,-24.39961,38.69938,11.69981
6.54,4.49065,-6.61199,-23.70584,-23.59962,-9.39985,30.99951
6.56,4.559,-6.51443,-23.69645,-17.69972,36.59942,28.79954
6.58,4.62014,-6.41002,-23.67657,-12.89979,4.49993,15.39975
6.6,4.67673,-6.3097,-23.64979,-1.79997,-86.59862,8.49986
6.62,4.73368,-6.22608,-23.62045,20.29968,1.39998,-7.59988
6.64,4.79341,-6.14346,-23.59351,-10.79983,73.59883,-18.09971
6.66,4.85209,-6.04127,-23.57451,-9.09986,46.99925,-36.59942
6.68,4.9075,-5.92467,-23.56748,-3.39995,-23.69962,-29.09954
6.7,4.96025,-5.81234,-23.56997,-10.59983,-42.59932,-1.29998
6.72,5.0094,-5.71175,-23.5728,-11.09982,-8.59986,27.39956
6.74,5.05427,-5.61323,-23.56775,-9.89984,38.79938,24.49961
6.76,5.096,-5.51087,-23.55388,-0.2,-30.69951,10.89983
6.78,5.13742,-5.42305,-23.53438,7.29988,-122.99804,9.19985
6.8,5.18261,-5.36636,-23.51289,23.49963,-34.79944,-10.29984
6.82,5.23676,-5.3255,-23.49486,35.49943,34.09945,-23.99962
6.84,5.30738,-5.27028,-23.48664,70.49888,109.99825,-40.69935
6.86,5.40343,-5.19351,-23.49414,77.89876,-38.79938,-52.59916
6.88,5.52393,-5.12418,-23.52108,18.39971,-106.9983,-49.39921
6.9,5.65325,-5.08531,-23.57026,-26.29958,-51.99917,-71.89886
6.92,5.77789,-5.06935,-23.64391,-12.3998,-18.29971,-52.29917
6.94,5.89698,-5.05684,-23.73773,-4.19993,53.89914,-25.99959
6.96,6.01556,-5.03111,-23.84058,15.89975,42.49932,13.09979
6.98,6.13736,-4.99451,-23.93639,4.79992,-30.39952,69.2989
7,6.2595,-4.96253,-24.00822,-21.89965,-28.09955,87.29861
7.02,6.37305,-4.93942,-24.04942,-46.69926,-2.19997,61.59902
7.04,6.47077,-4.91405,-24.06529,-42.79932,54.79913,41.89933
7.06,6.55309,-4.87522,-24.06744,-21.59966,27.09957,-9.09986
7.08,6.62635,-4.82471,-24.07263,-4.29993,7.49988,-54.89913
7.1,6.69817,-4.77311,-24.09891,15.89975,-31.2995,-92.89852
7.12,6.77591,-4.72684,-24.15771,31.99949,1.49998,-85.29864
7.14,6.86582,-4.68687,-24.24855,41.89933,-34.79944,-57.79908
7.16,6.96851,-4.6568,-24.36336,12.2998,-31.0995,-39.59937
7.18,7.07624,-4.63594,-24.49836,-15.99974,4.59993,-65.79895
7.2,7.17994,-4.61432,-24.65758,-20.39967,29.39953,-71.79886
7.22,7.27711,-4.58548,-24.84106,-8.19987,8.59986,-34.09945
7.24,7.36853,-4.54704,-25.03888,-20.59967,49.19922,-4.29993
7.26,7.45362,-4.49592,-25.23827,-13.69978,19.59969,26.19958
7.28,7.53334,-4.44099,-25.42709,-5.49991,-50.4992,56.6991
7.3,7.6111,-4.3922,-25.59386,5.29992,19.79968,80.09872
7.32,7.69069,-4.34049,-25.72925,13.39979,39.89937,96.09847
7.34,7.77613,-4.27661,-25.82876,26.59958,21.99965,85.59863
7.36,7.87053,-4.20483,-25.89484,23.19963,-5.19992,66.09895
7.38,7.97301,-4.13819,-25.93408,7.89987,-63.19899,49.79921
7.4,8.07928,-4.0868,-25.95383,-0.79999,-20.99967,28.39955
7.42,8.18816,-4.04609,-25.9617,19.99968,-1.89997,11.29982
7.44,8.30529,-4.01013,-25.96614,43.49931,-22.79964,-17.49972
7.46,8.43803,-3.98474,-25.97762,49.19922,-58.49907,-47.59924
7.48,8.58684,-3.97925,-26.00766,19.0997,-59.29905,-73.79883
7.5,8.74529,-3.99219,-26.06231,9.19985,-7.49988,-51.69918
7.52,8.90726,-4.01466,-26.13828,-2.19997,-21.09966,-36.89941
7.54,9.06947,-4.04325,-26.22785,-2.09997,-11.69981,-11.29982
7.56,9.23155,-4.07511,-26.32577,5.19992,11.49982,-24.8996
7.58,9.39537,-4.09932,-26.43289,9.29985,65.09896,-31.6995
7.6,9.56409,-4.10713,-26.55346,25.49959,22.09965,-47.09925
7.62,9.74251,-4.11157,-26.69043,36.79941,-75.79879,-38.89938
7.64,9.93607,-4.13654,-26.84212,52.49916,-75.99879,-23.19963
7.66,10.14919,-4.18543,-27.00253,54.09914,-11.59982,-2.69996
7.68,10.38262,-4.23849,-27.16345,42.49932,57.29909,22.59964
7.7,10.63392,-4.27575,-27.3151,39.79937,54.79913,49.29921
7.72,10.903,-4.30295,-27.44823,55.89911,-66.49894,63.19899
7.74,11.19478,-4.33852,-27.55911,75.59879,-5.69991,45.99927
7.76,11.51089,-4.37691,-27.65085,36.49942,49.49921,35.29944
7.78,11.84596,-4.40433,-27.72885,41.09934,16.19974,19.89968
7.8,12.19386,-4.42427,-27.79863,9.79984,-7.19989,6.2999
7.82,12.54577,-4.44886,-27.86633,-20.39967,-48.59922,-12.4998
7.84,12.89207,-4.48428,-27.9388,-24.8996,-3.99994,-29.89952
7.86,13.22728,-4.5235,-28.02229,-40.49936,18.29971,-38.79938
7.88,13.54775,-4.55918,-28.11965,-41.29934,2.69996,-31.99949
7.9,13.85119,-4.591,-28.22901,-47.09925,14.59977,-17.99971
7.92,14.13672,-4.62115,-28.34737,-43.29931,-15.29976,-22.89963
7.94,14.40428,-4.65675,-28.47566,-45.79927,-38.79938,-36.39942
7.96,14.65777,-4.70905,-28.61806,-5.69991,-74.19881,-46.19926
7.98,14.90729,-4.78545,-28.77903,17.79972,-53.99914,-57.79908
8,15.15771,-4.87595,-28.963,-20.79967,40.99935,-68.9989
8.02,15.4008,-4.96057,-29.17405,-49.19922,30.59951,-75.89879
8.04,15.62666,-5.03574,-29.41292,-52.99916,-7.99987,-58.29907
8.06,15.83336,-5.10907,-29.6753,-36.19942,3.69994,-43.39931
8.08,16.02345,-5.18441,-29.95578,-40.49936,-19.69969,-36.69942
8.1,16.19872,-5.26343,-30.25416,-30.79951,-1.29998,-63.19899
8.12,16.3606,-5.34213,-30.5754,-31.5995,25.3996,-66.19894
8.14,16.51041,-5.41472,-30.92136,-26.49958,11.29982,-52.49916
8.16,16.64909,-5.48193,-31.28788,-26.49958,5.59991,-35.29944
8.18,16.77711,-5.54739,-31.66888,-26.89957,-5.19992,-22.59964
8.2,16.89364,-5.61745,-32.05734,-34.49945,-41.29934,5.09992
8.22,16.99746,-5.69787,-32.44884,-30.89951,-16.09974,-18.7997
8.24,17.08947,-5.78317,-32.84777,-21.69965,24.49961,-42.69932
8.26,17.17324,-5.86702,-33.25853,-7.79988,-18.4997,-14.89976
8.28,17.25414,-5.95021,-33.67768,8.69986,18.7997,-12.2998
8.3,17.33878,-6.0276,-34.0999,28.09955,38.79938,7.89987
8.32,17.433,-6.09033,-34.51928,30.99951,49.9992,24.09962
8.34,17.53979,-6.13935,-34.93294,35.79943,-1.99997,0.2
8.36,17.66022,-6.18565,-35.3465,34.09945,-18.8997,-24.29961
8.38,17.79462,-6.23501,-35.76959,35.79943,8.99986,-47.69924
8.4,17.94244,-6.27946,-36.21208,28.69954,49.79921,-75.1988
8.42,18.10261,-6.30839,-36.68429,30.49951,46.39926,-99.99841
8.44,18.27285,-6.32344,-37.19673,11.19982,-3.99994,-127.99796
8.46,18.4505,-6.33897,-37.75429,21.39966,-43.39931,-95.99847
8.48,18.63489,-6.36566,-38.34655,13.59978,-20.99967,-27.79956
8.5,18.82796,-6.40038,-38.94969,38.39939,4.99992,41.89933
8.52,19.02144,-6.43219,-39.53725,-86.09863,39.79937,98.89843
8.54,19.18802,-6.44964,-40.09286,-134.99785,58.79906,78.99874
8.56,19.30557,-6.45049,-40.6113,-133.99787,8.49986,113.99819
8.58,19.3693,-6.44724,-41.08675,-134.99785,-35.09944,121.99806
8.6,19.38072,-6.45221,-41.51512,-118.99811,-20.59967,111.99822
8.62,19.34442,-6.46388,-41.90471,-103.99835,8.99986,40.89935
8.64,19.2671,-6.47321,-42.2683,-82.89868,25.89959,65.29896
8.66,19.15628,-6.4749,-42.60935,-65.09896,15.29976,53.19915
8.68,19.01969,-6.47048,-42.92466,-44.39929,4.49993,84.69865
8.7,18.86511,-6.46453,-43.21763,-25.79959,-9.19985,0.1
8.72,18.70031,-6.46016,-43.50435,-5.9999,-2.09997,-23.39963
8.74,18.53081,-6.45624,-43.797,-9.09986,8.69986,-13.39979
8.76,18.35704,-6.45026,-44.09796,-18.19971,5.09992,-33.69946
8.78,18.17723,-6.44168,-44.41022,-14.69977,6.89989,-33.09947
8.8,17.9935,-6.43356,-44.73433,8.49986,-23.69962,-19.39969
8.82,17.8116,-6.42981,-45.06394,16.29974,-3.39995,15.99974
8.84,17.6343,-6.42332,-45.38746,4.99992,57.69908,47.39925
8.86,17.46224,-6.39949,-45.6938,26.39958,61.19903,60.19904
8.88,17.30177,-6.35713,-45.98013,58.19907,5.09992,31.4995
8.9,17.16422,-6.3105,-46.252,86.69862,-28.99954,20.49967
8.92,17.06182,-6.27478,-46.51584,119.99809,-56.3991,6.99989
8.94,17.00906,-6.25671,-46.77225,169.99729,-34.79944,38.89938
8.96,17.01339,-6.24947,-47.01173,110.99824,17.39972,83.59867
8.98,17.04589,-6.2415,-47.22056,-109.99825,7.19989,99.59841
9,17.06382,-6.23555,-47.39033,-36.59942,-52.19917,106.9983
9.02,17.05896,-6.23742,-47.51765,-44.49929,18.6997,109.99825
9.04,17.03915,-6.23999,-47.60432,-23.59962,7.69988,78.69874
9.06,17.00056,-6.24396,-47.65703,-95.99847,-48.29923,71.29887
9.08,16.93383,-6.25781,-47.68012,-65.59895,-10.19984,74.09882
9.1,16.83839,-6.27338,-47.67373,-59.69905,51.39918,74.39882
9.12,16.71773,-6.28924,-47.6372,-66.99893,-95.69847,77.69876
9.14,16.57216,-6.31234,-47.56919,-55.19912,67.39893,84.09866
9.16,16.40857,-6.32605,-47.46799,-2.69996,54.59913,85.19864
9.18,16.24267,-6.32276,-47.33217,37.7994,-6.79989,90.79856
9.2,16.09474,-6.31526,-47.16738,106.9983,0.89999,22.09965
9.22,15.98868,-6.31005,-46.98849,166.99733,-17.99971,5.19992
9.24,15.93616,-6.30918,-46.80487,94.69849,-8.59986,13.89978
9.26,15.92335,-6.30942,-46.61713,40.79935,23.89962,7.29988
9.28,15.93481,-6.30592,-46.42464,66.69893,-1.99997,18.19971
9.3,15.96499,-6.30092,-46.22545,13.19979,-4.99992,22.39964
9.32,16.00352,-6.29807,-46.01673,-9.49985,-9.79984,31.4995
9.34,16.03624,-6.29523,-45.79653,-51.99917,24.39961,28.49955
9.36,16.04933,-6.28674,-45.56676,-82.69868,17.19973,6.3999
9.38,16.02915,-6.26971,-45.33386,-114.99817,26.49958,-10.79983
9.4,15.96619,-6.24376,-45.10598,-114.99817,18.7997,-35.99943
9.42,15.86068,-6.2101,-44.89092,-80.29872,12.6998,-46.09926
9.44,15.7239,-6.17201,-44.69201,-36.89941,0,-34.29945
9.46,15.57198,-6.13341,-44.50793,2.89995,-7.79988,-34.29945
9.48,15.42238,-6.09796,-44.33682,54.49913,-16.09974,-27.79956
9.5,15.29575,-6.06562,-44.17735,117.99812,8.69986,-27.29956
9.52,15.21425,-6.03526,-44.03244,160.99743,-21.29966,-63.99898
9.54,15.17403,-6.00868,-43.91232,-26.99957,-4.09993,-93.49851
9.56,15.14484,-5.98167,-43.82464,3.39995,33.59946,-74.29882
9.58,15.11304,-5.94604,-43.76594,-5.59991,22.99963,-48.49923
9.6,15.08064,-5.8994,-43.72478,1.99997,30.19952,-4.99992
9.62,15.04952,-5.84293,-43.68588,14.59977,14.69977,35.09944
9.64,15.02688,-5.77961,-43.63577,53.69915,8.79986,45.99927
9.66,15.02439,-5.71358,-43.57198,79.79873,-5.49991,8.89986
9.68,15.04116,-5.64923,-43.50504,-20.49967,-14.69977,-33.19947
9.7,15.0559,-5.5887,-43.45014,-58.99906,-3.59994,-63.69899
9.72,15.05507,-5.53358,-43.42141,-16.89973,-32.29948,-101.99838
9.74,15.0432,-5.48799,-43.42665,-17.49972,-27.39956,-72.79884
9.76,15.02584,-5.44914,-43.4613,-2.79996,19.59969,-47.39925
9.78,15.00688,-5.40621,-43.51143,7.39988,28.79954,11.89981
9.8,14.99293,-5.35635,-43.56058,38.19939,-8.09987,32.59948
9.82,14.99301,-5.30751,-43.59941,56.6991,-23.09963,25.2996
9.84,15.01576,-5.26251,-43.62839,75.2988,15.79975,14.39977
9.86,15.06723,-5.21467,-43.65026,80.09872,19.69969,16.09974
9.88,15.14814,-5.16564,-43.66477,59.19906,-43.49931,26.19958
9.9,15.25193,-5.13072,-43.66857,30.39952,-73.99882,37.6994
9.92,15.36793,-5.12119,-43.65908,2.29996,-62.499,30.49951
9.94,15.48805,-5.13644,-43.63986,6.3999,-49.09922,-2.19997
9.96,15.6056,-5.1691,-43.621,-40.59935,-13.59978,-30.69951
9.98,15.71114,-5.20624,-43.61543,-45.09928,31.2995,-69.99889
10,15.80279,-5.23523,-43.63514,-7.89987,32.29948,-82.99868
10.02,15.89001,-5.255,-43.68774,16.79973,-3.89994,-93.79851
10.04,15.98545,-5.27378,-43.77147,56.6991,-14.69977,-41.59934
10.06,16.09483,-5.29625,-43.87823,9.29985,-3.89994,-54.09914
10.08,16.21116,-5.31947,-44.00969,-5.49991,14.89976,-97.99844
10.1,16.32774,-5.33882,-44.17022,4.39993,12.4998,-41.49934
10.12,16.44341,-5.35528,-44.34781,-12.2998,-11.09982,9.49985
10.14,16.55421,-5.37593,-44.52151,-28.19955,-32.49948,60.59903
10.16,16.65376,-5.40763,-44.67244,-43.6993,-34.49945,96.19846
10.18,16.7382,-5.4516,-44.78809,-35.19944,-21.39966,98.79843
10.2,16.80867,-5.50397,-44.86978,-25.49959,-6.99989,45.09928
10.22,16.86939,-5.55972,-44.93269,-11.09982,1.49998,-2.09997
10.24,16.92736,-5.61509,-44.99516,20.49967,7.59988,-37.39941
10.26,16.9935,-5.66924,-45.06605,51.89917,-4.69992,-8.09987
10.28,17.08059,-5.72594,-45.14134,85.39864,-23.89962,8.79986
10.3,17.20133,-5.78969,-45.21195,113.99819,-18.19971,36.29942
10.32,17.36072,-5.85991,-45.26689,73.29884,-4.59993,74.59881
10.34,17.54852,-5.93128,-45.29851,23.69962,15.69975,46.79925
10.36,17.74469,-5.99981,-45.31707,-36.79941,1.39998,-38.49939
10.38,17.93314,-6.06525,-45.33892,-27.09957,12.19981,-3.49994
10.4,18.1103,-6.1259,-45.36767,-21.69965,21.89965,-24.39961
10.42,18.27166,-6.17532,-45.40192,-87.29861,56.19911,-3.49994
10.44,18.40364,-6.21228,-45.4416,-97.29845,-9.99984,-23.79962
10.46,18.50152,-6.25059,-45.49058,-58.89906,-49.89921,-42.69932
10.48,18.57452,-6.29725,-45.5532,-33.59946,26.19958,-28.09955
10.5,18.63565,-6.34344,-45.62806,7.69988,1.89997,-24.29961
10.52,18.69754,-6.38976,-45.71188,25.89959,-31.3995,-13.79978
10.54,18.77043,-6.44203,-45.80102,50.79919,1.19998,-2.09997
10.56,18.85967,-6.49475,-45.89141,36.09942,24.19962,4.59993
10.58,18.962,-6.54152,-45.98189,8.09987,9.79984,-8.89986
10.6,19.06897,-6.58625,-46.07584,-5.59991,-23.59962,-22.29964
10.62,19.17353,-6.63662,-46.17924,-20.89967,-19.19969,-41.79933
10.64,19.27016,-6.69188,-46.29957,-31.6995,12.89979,-64.29898
10.66,19.35596,-6.74328,-46.44156,-23.79962,31.79949,-47.09925
10.68,19.43005,-6.79019,-46.60041,-37.5994,-31.79949,-10.89983
10.7,19.48872,-6.84369,-46.76286,-54.99912,-34.29945,31.99949
10.72,19.52539,-6.90637,-46.91385,-72.19885,8.39987,60.69903
10.74,19.53407,-6.96985,-47.04816,-80.29872,9.29985,12.4998
10.76,19.51422,-7.02758,-47.17208,-52.29917,30.29952,17.39972
10.78,19.47247,-7.07581,-47.29398,-33.99946,24.8996,-27.99955
10.8,19.41855,-7.11728,-47.41926,-1.09998,-12.5998,3.99994
10.82,19.36165,-7.16024,-47.54348,6.4999,-14.89976,29.69953
10.84,19.30554,-7.20662,-47.65623,-3.69994,8.09987,50.4992
10.86,19.24928,-7.25231,-47.75158,-0.49999,5.29992,42.39933
10.88,19.19084,-7.2959,-47.83239,-16.79973,2.19997,9.29985
10.9,19.12488,-7.33823,-47.90923,-40.99935,2.59996,-22.19965
10.92,19.04822,-7.37965,-47.99302,-7.99987,1.59997,-35.19944
10.94,18.96663,-7.42022,-48.0866,7.89987,2.49996,-6.1999
10.96,18.88954,-7.45698,-48.18218,37.39941,31.1995,26.69958
10.98,18.82685,-7.48716,-48.26506,61.49902,0.79999,79.09874
11,18.78683,-7.51668,-48.32226,66.49894,-26.39958,70.89887
11.02,18.76878,-7.55247,-48.3521,25.3996,-10.89983,51.89917
11.04,18.76187,-7.59634,-48.36121,-5.69991,-32.79948,31.79949
11.06,18.7516,-7.64962,-48.35796,-47.39925,-17.79972,7.19989
11.08,18.7277,-7.70845,-48.35143,-35.59943,12.6998,-14.19977
11.1,18.68949,-7.76247,-48.35277,-24.29961,40.29936,-58.39907
11.12,18.64236,-7.80538,-48.37722,-4.79992,17.69972,-100.99839
11.14,18.59309,-7.84222,-48.44143,12.5998,-15.29976,-137.99781
11.16,18.54962,-7.88489,-48.55656,37.8994,-45.59927,-132.99789
11.18,18.51739,-7.94088,-48.7238,24.09962,-26.79957,-117.99812
11.2,18.49147,-8.00564,-48.93492,-22.69964,11.19982,-70.69887
11.22,18.45913,-8.06977,-49.17819,-42.79932,10.49983,-62.999
11.24,18.40914,-8.13185,-49.44857,-67.89892,-11.79981,-75.1988
11.26,18.33467,-8.19444,-49.74595,-66.09895,7.69988,-57.39909
11.28,18.23427,-8.25544,-50.06527,-58.99906,12.19981,-30.29952
11.3,18.11031,-8.31206,-50.39696,-51.29918,11.49982,-6.59989
11.32,17.96609,-8.3662,-50.72907,-40.79935,-10.69983,38.49939
11.34,17.80547,-8.4219,-51.04563,-30.89951,-5.79991,84.19866
11.36,17.63191,-8.47729,-51.32912,-26.59958,25.1996,122.99804
11.38,17.44451,-8.52442,-51.56511,-54.09914,37.7994,143.9977
11.4,17.23733,-8.56113,-51.74291,-62.799,3.19995,169.99729
11.42,17.00309,-8.59502,-51.85322,-90.79856,-16.19974,189.99697
11.44,16.73328,-8.62771,-51.88745,-110.99824,40.99935,209.99665
11.46,16.42337,-8.65135,-51.8408,-88.09859,24.49961,197.99684
11.48,16.07701,-8.66854,-51.71517,-76.99877,-25.69959,182.99708
11.5,15.70061,-8.67867,-51.51655,-58.19907,97.29845,164.99737
11.52,15.30012,-8.66699,-51.25204,-47.29925,49.09922,144.99768
11.54,14.881,-8.63356,-50.92965,-33.29947,21.69965,122.99804
11.56,14.44848,-8.59196,-50.55638,-19.89968,-10.89983,116.99814
11.58,14.00883,-8.55521,-50.13532,1.99997,-48.69922,119.99809
11.6,13.56969,-8.53543,-49.67134,21.09966,-61.49902,71.39886
11.62,13.13926,-8.53701,-49.17715,43.19931,-42.09933,38.49939
11.64,12.72569,-8.55662,-48.66887,61.29902,-34.89945,-8.49986
11.66,12.33635,-8.59118,-48.16336,76.69877,-37.6994,-49.89921
11.68,11.9778,-8.64127,-47.67791,93.29852,-45.19928,-93.19851
11.7,11.65625,-8.70829,-47.2294,106.9983,-41.49934,-133.99787
11.72,11.37671,-8.79227,-46.83352,112.9982,-41.49934,-165.99735
11.74,11.14235,-8.89231,-46.49267,118.99811,-36.29942,-85.09864
11.76,10.95558,-9.0073,-46.18989,124.99801,-35.59943,-45.29928
11.78,10.81898,-9.13577,-45.90486,132.99789,-27.59956,-2.79996
11.8,10.73736,-9.27603,-45.61997,158.99746,-27.19957,48.79922
11.82,10.71882,-9.42503,-45.32157,179.99713,-5.59991,39.39937
11.84,10.77256,-9.5762,-45.00962,203.99675,16.49974,6.99989
11.86,10.89748,-9.7244,-44.69631,123.99803,2.09997,-40.59935
11.88,11.072,-9.86529,-44.40063,44.1993,52.19917,-102.99836
11.9,11.26634,-9.99305,-44.14153,-13.99978,24.59961,-119.99809
11.92,11.45562,-10.11075,-43.93034,-66.59894,-0.89999,-136.99782
11.94,11.62461,-10.22702,-43.77236,-55.49912,-8.79986,-138.99779
11.96,11.76889,-10.34484,-43.6703,-69.2989,2.79996,-144.99768
11.98,11.88391,-10.46267,-43.62225,-98.39844,2.99995,-111.99822
12,11.95979,-10.57941,-43.61885,-124.99801,1.79997,-78.29876
12.02,11.98902,-10.69355,-43.64584,-117.99812,19.29969,-36.19942
12.04,11.97162,-10.80035,-43.69028,-104.99833,32.69948,-24.59961
12.06,11.91221,-10.89339,-43.74861,-91.99853,52.79916,-54.39914
12.08,11.81645,-10.96742,-43.82717,-74.29882,51.49918,-69.79889
12.1,11.68852,-11.02333,-43.93425,-80.89871,25.2996,-91.99853
12.12,11.52846,-11.06967,-44.07628,-84.99865,-6.59989,-96.59846
12.14,11.33469,-11.11542,-44.25509,-85.99863,-6.3999,-83.39867
12.16,11.10658,-11.1624,-44.46739,-86.29863,6.89989,-72.39885
12.18,10.84385,-11.20801,-44.70811,-87.29861,6.0999,-56.79909
12.2,10.54634,-11.25063,-44.97145,-86.79862,10.59983,-41.09934
12.22,10.21386,-11.29,-45.25119,-88.49859,4.99992,-25.89959
12.24,9.84962,-11.32705,-45.54051,-53.69915,2.49996,-3.69994
12.26,9.46629,-11.36275,-45.83081,5.19992,3.19995,22.59964
12.28,9.08076,-11.39807,-46.11275,21.49966,-5.29992,41.29934
12.3,8.70248,-11.43323,-46.37853,24.49961,8.79986,55.59911
12.32,8.33703,-11.46562,-46.62164,57.99908,15.29976,73.29884
12.34,7.98875,-11.49636,-46.83827,31.3995,-23.19963,61.69902
12.36,7.65489,-11.53035,-47.03154,23.59962,-1.49998,36.09942
12.38,7.33372,-11.56485,-47.20824,48.49923,20.89967,30.89951
12.4,7.03048,-11.59344,-47.37255,58.89906,18.4997,25.1996
12.42,6.7491,-11.61587,-47.52773,52.49916,3.59994,9.19985
12.44,6.48764,-11.63233,-47.67892,35.49943,33.79946,-4.59993
12.46,6.24048,-11.63898,-47.8319,19.69969,26.59958,-18.7997
12.48,6.00278,-11.63604,-47.99112,19.89968,8.79986,-20.99967
12.5,5.77594,-11.63026,-48.15878,49.19922,-15.99974,-24.49961
12.52,5.56433,-11.62678,-48.33587,34.29945,0,-25.0996
12.54,5.36736,-11.62164,-48.52308,28.79954,32.39948,-27.29956
12.56,5.18388,-11.61076,-48.72026,43.19931,-7.49988,-20.99967
12.58,5.0143,-11.59916,-48.92496,23.89962,-10.49983,-6.69989
12.6,4.85467,-11.58813,-49.13225,8.79986,22.59964,7.69988
12.62,4.69995,-11.57177,-49.33656,7.69988,18.39971,20.19968
12.64,4.54614,-11.553,-49.53473,-14.79976,-35.39944,12.4998
12.66,4.38936,-11.54154,-49.72779,-7.69988,-20.99967,4.99992
12.68,4.22934,-11.53626,-49.91883,-1.89997,15.49975,-3.09995
12.7,4.06891,-11.52753,-50.11116,7.49988,24.19962,-12.5998
12.72,3.91021,-11.51397,-50.30207,4.39993,-15.69975,41.59934
12.74,3.75166,-11.50227,-50.47884,-14.49977,-11.69981,69.99889
12.76,3.58748,-11.49556,-50.63169,-31.5995,-10.89983,56.79909
12.78,3.4131,-11.49414,-50.7605,-24.09962,-19.59969,55.89911
12.8,3.23044,-11.49998,-50.86815,-2.79996,-22.79964,42.19933
12.82,3.04661,-11.51181,-50.95841,18.19971,5.19992,32.69948
12.84,2.87038,-11.52245,-51.0358,42.59932,24.09962,20.29968
12.86,2.70886,-11.52669,-51.10447,43.8993,10.39983,12.99979
12.88,2.56548,-11.52475,-51.16717,51.19918,16.69973,12.4998
12.9,2.44137,-11.5163,-51.2251,46.59926,21.09966,8.89986
12.92,2.33647,-11.49942,-51.28107,47.89924,25.1996,-11.49982
12.94,2.24773,-11.47329,-51.33904,19.29969,20.79967,-6.79989
12.96,2.16983,-11.43758,-51.39846,22.19965,28.89954,9.69985
12.98,2.10102,-11.39549,-51.45717,27.39956,-15.09976,-6.2999
13,2.04382,-11.35519,-51.51777,39.29937,-16.79973,-16.79973
13.02,2.00225,-11.31565,-51.58653,50.3992,40.99935,-42.59932
13.04,1.98043,-11.26954,-51.66838,57.69908,0.2,-29.79952
13.06,1.98105,-11.22087,-51.76133,58.79906,-15.89975,-9.59985
13.08,2.00741,-11.17775,-51.85815,82.19869,-24.19962,9.39985
13.1,2.06403,-11.14224,-51.95004,79.69873,-11.89981,39.29937
13.12,2.15428,-11.113,-52.029,94.89849,-14.89976,40.49936
13.14,2.27492,-11.08939,-52.09381,34.49945,-14.89976,20.19968
13.16,2.41237,-11.07164,-52.14996,4.49993,-13.99978,4.99992
13.18,2.55293,-11.05821,-52.20557,-12.2998,-0.49999,-25.69959
13.2,2.68798,-11.04593,-52.2695,-34.69945,3.29995,-37.6994
13.22,2.81059,-11.03238,-52.34653,-42.59932,6.3999,-30.69951
13.24,2.91702,-11.01669,-52.43602,-41.59934,5.09992,-26.39958
13.26,3.00811,-11.00038,-52.53545,-27.49956,-10.59983,-16.79973
13.28,3.08682,-10.98903,-52.64158,-26.99957,-33.69946,-7.79988
13.3,3.1581,-10.98668,-52.75042,7.39988,-12.19981,4.49993
13.32,3.23242,-10.98939,-52.85724,42.79932,7.29988,18.09971
13.34,3.31371,-10.9872,-52.95955,-23.09963,46.39926,3.59994
13.36,3.39077,-10.97112,-53.06062,-38.69938,38.69938,-13.79978
13.38,3.45693,-10.94366,-53.1669,-8.29987,-10.29984,-28.99954
13.4,3.51893,-10.91595,-53.28516,13.89978,-15.79975,-48.79922
13.42,3.58731,-10.89417,-53.42007,44.49929,-17.49972,-40.79935
13.44,3.66623,-10.87906,-53.57033,2.69996,-16.19974,-23.89962
13.46,3.74315,-10.8709,-53.72998,-69.69889,-19.69969,-6.0999
13.48,3.79843,-10.86736,-53.89309,-79.59873,9.09986,0.49999
13.5,3.82828,-10.86071,-54.05823,-25.0996,32.49948,-15.89975
13.52,3.84379,-10.84158,-54.22904,-13.49979,50.4992,-26.39958
13.54,3.85485,-10.81287,-54.41063,7.89987,-37.8994,-39.79937
13.56,3.86498,-10.78764,-54.60563,-11.49982,-9.79984,-29.09954
13.58,3.87107,-10.76387,-54.81272,-25.0996,42.79932,-23.69962
13.6,3.86764,-10.72864,-55.02837,-33.29947,38.59938,-9.89984
13.62,3.85232,-10.68282,-55.24797,-26.89957,-14.29977,3.09995
13.64,3.82527,-10.63712,-55.46619,-30.09952,-11.39982,16.69973
13.66,3.78749,-10.59525,-55.67759,-19.99968,-1.29998,30.79951
13.68,3.74201,-10.55367,-55.87677,-6.69989,10.79983,42.99931
13.7,3.69279,-10.50937,-56.05825,-3.79994,6.69989,59.39905
13.72,3.64318,-10.46294,-56.2181,10.49983,-3.09995,53.69915
13.74,3.59822,-10.41719,-56.35943,29.59953,-7.39988,17.49972
13.76,3.56365,-10.37533,-56.49224,34.39945,-21.29966,-4.39993
13.78,3.54847,-10.34093,-56.62654,95.69847,-24.69961,-24.39961
13.8,3.56484,-10.31583,-56.77036,89.79857,-22.59964,-42.79932
13.82,3.6105,-10.29956,-56.92195,17.89971,-18.4997,31.3995
13.84,3.66508,-10.28802,-57.0664,-36.19942,11.99981,50.4992
13.86,3.70426,-10.27605,-57.19516,-99.39842,-1.29998,23.69962
13.88,3.71184,-10.26418,-57.3114,-80.69871,-10.69983,26.49958
13.9,3.68589,-10.25498,-57.42145,-74.39882,-4.09993,-15.69975
13.92,3.63157,-10.24776,-57.53532,-53.89914,-1.09998,-34.19946
13.94,3.55572,-10.24097,-57.65975,-32.99947,1.79997,-22.29964
13.96,3.46658,-10.23403,-57.79453,-12.7998,-1.19998,-25.59959
13.98,3.37187,-10.23024,-57.94044,3.09995,-31.0995,-38.59938
14,3.27796,-10.23644,-58.10015,14.79976,-36.69942,-36.09942
14.02,3.19238,-10.25758,-58.27066,50.79919,-45.09928,1.99997
14.04,3.1182,-10.29593,-58.44036,-2.19997,-45.39928,39.29937
14.06,3.04375,-10.35339,-58.59454,-48.89922,-55.39912,73.79883
14.08,2.9557,-10.42764,-58.71964,-35.79943,-11.89981,102.99836
14.1,2.84868,-10.50787,-58.80568,-69.0989,19.19969,109.99825
14.12,2.71907,-10.5855,-58.85367,-51.59918,-0.69999,56.5991
14.14,2.5685,-10.66063,-58.87671,-37.09941,6.99989,25.49959
14.16,2.40622,-10.73546,-58.89039,8.79986,-10.39983,-14.89976
14.18,2.24828,-10.81297,-58.90821,63.19899,-13.29979,-37.8994
14.2,2.11226,-10.89458,-58.93682,84.09866,-4.19993,-18.09971
14.22,2.01216,-10.97975,-58.97324,127.99796,-13.99978,-4.79992
14.24,1.95994,-11.07113,-59.00983,138.99779,-30.19952,25.0996
14.26,1.96021,-11.17211,-59.03969,118.99811,-21.69965,21.09966
14.28,2.00566,-11.28133,-59.06294,75.0988,-9.09986,-2.09997
14.3,2.08027,-11.39494,-59.08649,22.49964,-4.09993,-20.69967
14.32,2.16598,-11.50863,-59.11926,-8.79986,16.19974,-49.59921
14.34,2.2499,-11.61611,-59.17076,-22.69964,33.69946,-68.29892
14.36,2.32911,-11.71439,-59.2451,7.39988,8.19987,-42.99931
14.38,2.40933,-11.80931,-59.33626,18.09971,-16.69973,-14.69977
14.4,2.49933,-11.90889,-59.43437,54.39914,-21.59966,1.99997
14.42,2.60599,-12.01365,-59.53047,39.89937,7.89987,29.89952
14.44,2.72649,-12.1183,-59.61306,4.49993,6.69989,72.49884
14.46,2.85105,-12.22032,-59.66879,-8.19987,4.79992,92.79852
14.48,2.97255,-12.31982,-59.69808,-18.4997,8.69986,5.49991
14.5,3.08931,-12.41606,-59.72259,-1.99997,10.19984,-56.79909
14.52,3.20386,-12.50846,-59.766,0.59999,9.09986,-81.8987
14.54,3.31714,-12.59665,-59.83828,-11.69981,13.49979,-68.79891
14.56,3.42602,-12.68095,-59.93702,-20.99967,2.69996,-45.99927
14.58,3.52649,-12.76359,-60.05353,-30.29952,-2.59996,-17.79972
14.6,3.61365,-12.84534,-60.17692,-51.19918,11.29982,11.89981
14.62,3.68025,-12.92293,-60.29587,-72.69884,21.29966,37.5994
14.64,3.72139,-12.99332,-60.40007,-57.89908,17.99971,59.59905
14.66,3.74099,-13.05852,-60.48332,-26.59958,-5.69991,51.79917
14.68,3.74769,-13.12272,-60.54812,-17.79972,3.29995,20.49967
14.7,3.74854,-13.18452,-60.60297,3.99994,22.89963,5.79991
14.72,3.74938,-13.23902,-60.65875,9.79984,23.69962,-42.19933
14.74,3.75393,-13.28535,-60.72621,13.69978,11.19982,-39.09938
14.76,3.76439,-13.32844,-60.80901,22.09965,-13.89978,-33.89946
14.78,3.78499,-13.37592,-60.90743,43.6993,-27.49956,-50.0992
14.8,3.81743,-13.43049,-61.02295,9.09986,-2.19997,-37.6994
14.82,3.85056,-13.48781,-61.15403,-54.79913,4.19993,-30.99951
14.84,3.86807,-13.54263,-61.29773,-55.49912,18.5997,-27.39956
14.86,3.86655,-13.59106,-61.45351,-24.29961,22.29964,-35.79943
14.88,3.85379,-13.63105,-61.62239,-8.09987,20.99967,-32.89948
14.9,3.83946,-13.66373,-61.80303,24.9996,8.69986,-16.79973
14.92,3.8334,-13.69077,-61.98988,40.99935,17.69972,3.49994
14.94,3.83985,-13.7121,-62.17534,18.19971,12.7998,22.89963
14.96,3.85374,-13.7297,-62.34912,-2.69996,-6.0999,66.59894
14.98,3.86646,-13.74893,-62.49967,-24.29961,-17.09973,75.3988
15,3.87389,-13.77321,-62.624,-1.49998,-10.49983,43.8993
15.02,3.88103,-13.8008,-62.7296,24.69961,4.89992,23.29963
15.04,3.89777,-13.82869,-62.82613,48.19923,-2.49996,-0.69999
15.06,3.93442,-13.85763,-62.92332,78.29876,-10.69983,-29.29953
15.08,3.99776,-13.88951,-63.03129,62.19901,-5.59991,-49.39921
15.1,4.08466,-13.92475,-63.15513,33.09947,-11.89981,-31.4995
15.12,4.18423,-13.96321,-63.2924,-1.39998,-2.99995,-22.59964
15.14,4.28487,-14.00237,-63.43765,-19.49969,10.69983,-4.09993
15.16,4.37898,-14.03864,-63.58521,-24.69961,10.29984,6.89989
15.18,4.46405,-14.07192,-63.73207,-21.19966,-1.59997,-3.49994
15.2,4.5413,-14.10591,-63.88061,-10.99983,-14.39977,-17.59972
15.22,4.61471,-14.14371,-64.03463,4.99992,-7.89987,-16.99973
15.24,4.69041,-14.18207,-64.1942,24.09962,24.49961,-4.69992
15.26,4.77107,-14.21438,-64.35556,-3.39995,19.0997,7.59988
15.28,4.85128,-14.24127,-64.51244,-21.59966,-8.69986,33.49947
15.3,4.92211,-14.27039,-64.65749,-47.09925,-24.09962,42.89932
15.32,4.9777,-14.30673,-64.78742,-36.29942,-15.59975,30.89951
15.34,5.01935,-14.34981,-64.90446,-19.49969,-12.19981,23.49963
15.36,5.05327,-14.39465,-65.01291,-1.79997,22.09965,7.09989
15.38,5.08657,-14.43538,-65.11654,16.99973,8.99986,9.59985
15.4,5.12226,-14.47064,-65.21368,-7.99987,14.29977,37.7994
15.42,5.15809,-14.5002,-65.29762,0.49999,19.29969,45.89927
15.44,5.19549,-14.52251,-65.36351,22.99963,19.39969,50.0992
15.46,5.24127,-14.53888,-65.41104,37.39941,1.09998,36.59942
15.48,5.30282,-14.55384,-65.44313,60.09904,-7.69988,30.29952
15.5,5.38526,-14.57163,-65.46362,51.59918,-14.19977,17.99971
15.52,5.48834,-14.59431,-65.47513,43.19931,-12.99979,22.49964
15.54,5.60864,-14.62158,-65.47803,34.39945,-5.89991,22.39964
15.56,5.74516,-14.65126,-65.47138,50.4992,0.49999,27.29956
15.58,5.90174,-14.68218,-65.45456,65.29896,-7.69988,23.79962
15.6,6.08324,-14.71472,-65.42857,68.29892,-1.49998,15.99974
15.62,6.28663,-14.74864,-65.39594,17.19973,-3.19995,9.69985
15.64,6.49857,-14.78193,-65.35933,-16.99973,13.89978,3.59994
15.66,6.70353,-14.81179,-65.32129,-52.69916,9.49985,-3.49994
15.68,6.8896,-14.84008,-65.28372,-66.39894,-17.29972,-2.09997
15.7,7.05324,-14.87022,-65.24639,-38.69938,6.2999,4.39993
15.72,7.20025,-14.89765,-65.20645,-22.19965,31.6995,18.5997
15.74,7.3386,-14.9167,-65.15862,-3.29995,13.79978,36.39942
15.76,7.47524,-14.92828,-65.09695,11.89981,15.29976,46.19926
15.78,7.61263,-14.93437,-65.01658,-12.7998,10.29984,57.29909
15.8,7.74513,-14.93528,-64.91298,-35.09944,15.69975,70.69887
15.82,7.86416,-14.93034,-64.78332,-51.39918,16.49974,60.99903
15.84,7.96604,-14.91982,-64.63182,-33.49947,6.99989,24.8996
15.86,8.05387,-14.90588,-64.4684,-21.79965,3.49994,7.49988
15.88,8.13386,-14.8922,-64.30034,-1.19998,-16.79973,5.69991
15.9,8.21283,-14.88314,-64.1298,14.19977,-16.29974,4.99992
15.92,8.2952,-14.8808,-63.95697,6.99989,-17.89971,6.3999
15.94,8.37973,-14.88255,-63.78244,-6.2999,10.89983,-1.69997
15.96,8.46249,-14.88183,-63.61054,-11.99981,20.59967,-30.19952
15.98,8.53898,-14.87465,-63.45026,-32.19949,12.2998,-54.79913
16,8.60435,-14.86436,-63.30876,-34.59945,-14.19977,-48.99922
16.02,8.65865,-14.85663,-63.18717,-9.09986,-9.79984,-47.09925
16.04,8.70838,-14.85273,-63.0832,7.29988,-4.69992,-33.79946
16.06,8.76174,-14.85201,-62.99284,30.89951,-12.6998,-22.29964
16.08,8.8267,-14.85647,-62.91099,47.19925,-21.89965,-7.59988
16.1,8.9102,-14.86819,-62.83244,60.29904,-16.39974,3.69994
16.12,9.01622,-14.88508,-62.75195,57.59908,2.89995,18.6997
16.14,9.14308,-14.9018,-62.66438,32.99947,11.99981,28.89954
16.16,9.28154,-14.91372,-62.56491,-7.29988,20.99967,41.59934
16.18,9.41405,-14.91896,-62.44921,-77.69876,12.5998,49.39921
16.2,9.5242,-14.92001,-62.31302,-60.79903,-4.49993,63.59898
16.22,9.61001,-14.92147,-62.15424,-43.7993,-7.89987,48.49923
16.24,9.67888,-14.92677,-61.97692,-20.89967,-18.29971,23.99962
16.26,9.73948,-14.93702,-61.78924,3.09995,-5.19992,6.1999
16.28,9.80208,-14.94961,-61.60004,34.99944,5.09992,-22.09965
16.3,9.87491,-14.96252,-61.41704,29.29953,-8.39987,-24.7996
16.32,9.95829,-14.97857,-61.2401,12.09981,-19.89968,10.19984
16.34,10.05038,-15.00127,-61.06421,33.79946,-18.4997,-6.89989
16.36,10.15359,-15.0292,-60.89022,31.6995,4.49993,-16.29974
16.38,10.26904,-15.05693,-60.72302,25.3996,11.19982,-29.19954
16.4,10.39478,-15.08284,-60.56762,20.59967,-8.89986,-44.1993
16.42,10.52914,-15.11145,-60.42925,19.79968,-20.49967,-53.49915
16.44,10.67124,-15.14536,-60.30963,17.39972,-3.39995,-37.19941
16.46,10.81899,-15.17858,-60.2045,2.09997,34.09945,-17.89971
16.48,10.96744,-15.20084,-60.10604,-14.39977,44.49929,5.49991
16.5,11.10977,-15.21019,-60.00466,-34.29945,5.89991,35.29944
16.52,11.2404,-15.21447,-59.89143,-33.89946,-5.79991,41.49934
16.54,11.35934,-15.2192,-59.76297,-14.49977,0.89999,33.09947
16.56,11.47169,-15.22525,-59.62062,-2.79996,-9.29985,30.39952
16.58,11.58372,-15.23462,-59.46689,16.99973,-15.69975,18.9997
16.6,11.69788,-15.2502,-59.30502,-9.59985,-21.59966,12.19981
16.62,11.80926,-15.2734,-59.13858,-25.49959,-17.49972,1.49998
16.64,11.91176,-15.30282,-58.97103,-27.89956,-5.79991,-4.99992
16.66,12.00224,-15.3341,-58.80631,-38.79938,10.29984,-20.69967
16.68,12.07973,-15.36609,-58.64913,-24.19962,-22.09965,-29.79952
16.7,12.14633,-15.40404,-58.50348,-21.49966,-25.89959,-35.89943
16.72,12.20437,-15.45155,-58.3723,-18.19971,-21.89965,-43.8993
16.74,12.25486,-15.50779,-58.25823,-17.39972,-17.69972,-48.29923
16.76,12.29965,-15.57045,-58.16261,-3.79994,-7.19989,-44.79929
16.78,12.34165,-15.63266,-58.08491,-2.69996,36.39942,-42.19933
16.8,12.38086,-15.684,-58.02382,-18.4997,42.99931,-37.6994
16.82,12.41485,-15.71995,-57.97767,-12.2998,31.1995,-32.69948
16.84,12.44539,-15.74473,-57.94446,8.69986,6.1999,-27.19957
16.86,12.47984,-15.76512,-57.92213,34.29945,0,-22.49964
16.88,12.52895,-15.78546,-57.90859,69.49889,-5.79991,-16.49974
16.9,12.60448,-15.80833,-57.90176,90.99855,-13.89978,-12.4998
16.92,12.71366,-15.83443,-57.90014,85.29864,0.99998,-11.49982
16.94,12.85658,-15.8596,-57.90321,75.99879,21.09966,-12.19981
16.96,13.02835,-15.88152,-57.91091,51.29918,-10.89983,-11.29982
16.98,13.21981,-15.90387,-57.92319,18.5997,-3.79994,-11.79981
17,13.42026,-15.92857,-57.9389,1.49998,-5.19992,-0.3
17.02,13.62094,-15.9565,-57.95495,-18.9997,-18.29971,8.19987
17.04,13.81645,-15.9874,-57.96673,-15.09976,11.89981,25.69959
17.06,14.00628,-16.01716,-57.9688,-7.29988,5.69991,36.69942
17.08,14.19334,-16.04709,-57.95563,2.09997,-25.1996,52.39917
17.1,14.38136,-16.08227,-57.92934,12.89979,-7.89987,-11.09982
17.12,14.57429,-16.12065,-57.903,21.49966,8.69986,-30.59951
17.14,14.77304,-16.15478,-57.88645,2.39996,32.79948,-26.49958
17.16,14.97316,-16.17911,-57.8814,-12.3998,23.59962,-32.09949
17.18,15.16773,-16.19722,-57.88691,-32.89948,-18.09971,-15.89975
17.2,15.34927,-16.21587,-57.89923,-51.89917,7.09989,-4.99992
17.22,15.51004,-16.23247,-57.91318,-70.79888,24.09962,8.79986
17.24,15.64565,-16.24367,-57.92562,-57.89908,-1.39998,1.59997
17.26,15.75797,-16.25479,-57.93721,-46.19926,-20.69967,-4.39993
17.28,15.85216,-16.27173,-57.95097,-30.69951,-15.69975,-15.29976
17.3,15.93412,-16.29344,-57.97045,-14.49977,4.29993,-22.99963
17.32,16.01001,-16.31507,-57.99774,-0.89999,7.69988,-17.79972
17.34,16.08244,-16.33374,-58.03233,-17.99971,9.69985,-15.09976
17.36,16.14799,-16.34917,-58.07254,-31.79949,5.09992,-9.09986
17.38,16.20071,-16.36282,-58.11637,-46.49926,-2.29996,-3.79994
17.4,16.23701,-16.37633,-58.16153,-39.09938,0.69999,2.59996
17.42,16.25738,-16.3898,-58.20589,-34.49945,1.09998,5.69991
17.44,16.26376,-16.40303,-58.24881,-31.5995,-0.69999,-0.39999
17.46,16.256,-16.41682,-58.29173,-43.49931,-5.49991,-5.79991
17.48,16.23145,-16.4327,-58.33699,-49.09922,-9.29985,-12.19981
17.5,16.18796,-16.45193,-58.38588,-47.49924,-9.69985,-6.99989
17.52,16.12584,-16.47449,-58.43509,-41.99933,-4.79992,22.09965
17.54,16.04695,-16.49948,-58.4759,-36.09942,-5.09992,45.99927
17.56,15.95384,-16.52806,-58.49717,-27.69956,-21.19966,80.49872
17.58,15.84899,-16.5642,-58.48934,-25.79959,-28.19955,83.09867
17.6,15.73479,-16.6097,-58.45214,-13.89978,-16.29974,46.19926
17.62,15.61454,-16.65924,-58.39502,-6.79989,20.29968,22.79964
17.64,15.49658,-16.7062,-58.32955,50.69919,1.19998,-9.09986
17.66,15.39529,-16.75116,-58.26698,72.19885,-2.79996,-34.49945
17.68,15.32227,-16.79537,-58.21805,87.7986,11.69981,-59.09906
17.7,15.28182,-16.83481,-58.19209,78.19875,26.89957,-77.89876
17.72,15.27343,-16.8671,-58.19606,76.49878,5.79991,-85.29864
17.74,15.29253,-16.89627,-58.2322,43.8993,-7.49988,-73.99882
17.76,15.32883,-16.92671,-58.29804,7.99987,-3.69994,-64.59897
17.78,15.37124,-16.95861,-58.39042,1.29998,0.1,-62.999
17.8,15.41343,-16.99047,-58.50754,-12.5998,3.69994,-57.69908
17.82,15.45306,-17.02054,-58.64632,-1.49998,10.19984,-38.99938
17.84,15.49141,-17.04769,-58.80106,2.99995,4.89992,-24.7996
17.86,15.53123,-17.07211,-58.96583,10.39983,7.09989,-12.4998
17.88,15.57445,-17.09462,-59.13733,10.39983,-0.1,-18.39971
17.9,15.6227,-17.11755,-59.31501,19.29969,-11.39982,-13.39979
17.92,15.67788,-17.14236,-59.49741,20.49967,3.99994,-2.79996
17.94,15.73981,-17.16589,-59.67976,7.39988,15.89975,18.6997
17.96,15.80469,-17.1868,-59.85688,-5.59991,-9.69985,16.79973
17.98,15.86845,-17.21022,-60.02831,-7.19989,-21.89965,3.69994
18,15.9309,-17.23848,-60.19793,6.99989,4.99992,-6.89989
18.02,15.99506,-17.2675,-60.36929,10.59983,4.09993,-8.09987
18.04,16.0635,-17.29568,-60.54278,14.69977,-5.09992,0.79999
18.06,16.13582,-17.32485,-60.71648,-0.89999,-3.89994,3.69994
18.08,16.20782,-17.35393,-60.88808,-15.89975,13.59978,11.89981
18.1,16.27467,-17.3802,-61.05509,-18.6997,4.59993,17.49972
18.12,16.3361,-17.40537,-61.21488,-0.69999,-11.99981,24.49961
18.14,16.39704,-17.43164,-61.3649,15.49975,8.19987,30.29952
18.16,16.46205,-17.45578,-61.50266,10.49983,16.69973,36.69942
18.18,16.52954,-17.47491,-61.62581,-11.49982,8.29987,41.49934
18.2,16.59274,-17.49086,-61.73301,-30.19952,-1.69997,38.99938
18.22,16.64563,-17.50667,-61.82456,-30.89951,-3.59994,36.09942
18.24,16.68836,-17.52547,-61.90157,-9.49985,-21.29966,33.39947
18.26,16.7255,-17.55137,-61.9656,-5.79991,-24.9996,25.99959
18.28,16.76056,-17.58189,-62.0196,0.39999,24.9996,14.09978
18.3,16.79529,-17.60652,-62.06788,1.99997,33.59946,2.19997
18.32,16.83094,-17.61975,-62.11523,4.99992,21.69965,-10.19984
18.34,16.86834,-17.62381,-62.16621,5.69991,14.39977,-18.7997
18.36,16.90833,-17.6221,-62.2226,9.69985,7.09989,-7.29988
18.38,16.95216,-17.61642,-62.28167,13.39979,10.89983,5.79991
18.4,17.00138,-17.60701,-62.3374,17.69972,8.09987,28.29955
18.42,17.05765,-17.59452,-62.38379,21.79965,3.59994,30.09952
18.44,17.12263,-17.58085,-62.41977,26.09958,-3.69994,14.79976
18.46,17.19801,-17.56812,-62.44936,30.19952,-5.79991,3.29995
18.48,17.28549,-17.55801,-62.47846,34.59945,-11.09982,-17.29972
18.5,17.38675,-17.55254,-62.51303,38.59938,-18.5997,-24.29961
18.52,17.5039,-17.55395,-62.55636,47.39925,-20.69967,-22.59964
18.54,17.63831,-17.56328,-62.60862,39.29937,-19.39969,-20.59967
18.56,17.78767,-17.5807,-62.66864,23.79962,-21.59966,-14.59977
18.58,17.94686,-17.60433,-62.7336,11.49982,0.39999,-0.49999
18.6,18.10992,-17.62758,-62.79869,-7.89987,24.29961,13.39979
18.62,18.27129,-17.64767,-62.85831,-12.3998,-17.59972,27.59956
18.64,18.4299,-17.66992,-62.90668,5.39991,-10.79983,43.09931
18.66,18.58861,-17.69668,-62.93874,2.69996,-6.1999,48.39923
18.68,18.74588,-17.72403,-62.95126,-24.9996,17.09973,54.59913
18.7,18.89274,-17.74675,-62.94218,-56.5991,18.19971,57.59908
18.72,19.01946,-17.76744,-62.90964,-62.999,-33.39947,63.99898
18.74,19.122,-17.79485,-62.85342,-59.09906,-18.8997,50.2992
18.76,19.20226,-17.82804,-62.77835,-41.29934,13.29979,22.99963
18.78,19.26765,-17.85988,-62.69349,-6.79989,5.59991,0.79999
18.8,19.33026,-17.88905,-62.60889,27.19957,1.89997,-27.99955
18.82,19.40037,-17.91754,-62.53504,27.69956,-2.69996,-53.29915
18.84,19.47852,-17.94407,-62.48271,-2.09997,22.89963,-81.29871
18.86,19.55839,-17.96257,-62.46129,-5.9999,36.99941,-94.0985
18.88,19.63574,-17.96921,-62.47434,-10.99983,21.49966,-76.09879
18.9,19.70805,-17.96737,-62.51823,-22.09965,4.59993,-62.899
18.92,19.77067,-17.96289,-62.58584,-41.59934,-4.49993,-36.19942
18.94,19.81755,-17.95836,-62.6676,-51.89917,4.79992,-7.09989
18.96,19.84765,-17.95228,-62.75376,-22.19965,10.09984,5.59991
18.98,19.8684,-17.94258,-62.83903,2.99995,10.99983,3.99994
19,19.8883,-17.92906,-62.92216,7.89987,5.9999,6.89989
19.02,19.91145,-17.91309,-63.00287,13.89978,1.19998,5.49991
19.04,19.93986,-17.89914,-63.081,17.09973,-28.79954,7.09989
19.06,19.97559,-17.89329,-63.15788,25.2996,-24.69961,-7.99987
19.08,20.0213,-17.89594,-63.23646,32.29948,-6.99989,-9.09986
19.1,20.07989,-17.90137,-63.31862,39.09938,10.59983,-10.29984
19.12,20.15116,-17.90438,-63.40624,16.39974,9.89984,-25.79959
19.14,20.22823,-17.90386,-63.5036,-13.59978,4.69992,-36.39942
19.16,20.30097,-17.90083,-63.61555,-32.29948,5.49991,-48.09923
19.18,20.36297,-17.89598,-63.74611,-29.09954,2.39996,-54.39914
19.2,20.41302,-17.88916,-63.89545,-28.69954,9.19985,-31.6995
19.22,20.45137,-17.87842,-64.05742,-30.39952,18.19971,-9.39985
19.24,20.47735,-17.8622,-64.2243,-33.89946,8.99986,0.49999
19.26,20.49105,-17.84297,-64.39256,-24.49961,-6.2999,-6.1999
19.28,20.49568,-17.8255,-64.563,-7.59988,-14.19977,-10.69983
19.3,20.49757,-17.81032,-64.73824,12.4998,11.69981,-21.29966
19.32,20.50494,-17.79352,-64.9193,37.5994,6.69989,-5.69991
19.34,20.52507,-17.77629,-65.10297,40.19936,-20.99967,5.69991
19.36,20.55944,-17.76581,-65.28398,24.49961,-32.29948,19.99968
19.38,20.60427,-17.76519,-65.45723,15.59975,-13.29979,31.0995
19.4,20.65425,-17.7695,-65.61775,-3.99994,9.39985,44.1993
19.42,20.70344,-17.77176,-65.76174,-15.29976,14.89976,44.99928
19.44,20.74627,-17.76931,-65.8872,-28.89954,7.59988,50.2992
19.46,20.7786,-17.76273,-65.99265,-31.5995,11.09982,53.59914
19.48,20.80059,-17.75219,-66.07766,-11.09982,9.59985,45.99927
19.5,20.81812,-17.73771,-66.14465,9.39985,8.79986,33.79946
19.52,20.83976,-17.71942,-66.19788,33.49947,10.79983,23.19963
19.54,20.87477,-17.69661,-66.24219,57.59908,14.59977,8.09987
19.56,20.92888,-17.67009,-66.28301,42.39933,-3.09995,-5.39991
19.58,20.99863,-17.64396,-66.32604,14.29977,-12.4998,-20.19968
19.6,21.0754,-17.62006,-66.37674,-0.69999,5.59991,-31.79949
19.62,21.15208,-17.59623,-66.44022,-13.49979,0.39999,-44.79929
19.64,21.22328,-17.57246,-66.52142,-26.99957,-7.19989,-56.6991
19.66,21.28429,-17.54983,-66.62488,-34.09945,2.39996,-65.19896
19.68,21.3322,-17.52663,-66.7522,-35.69943,7.99987,-52.39917
19.7,21.36558,-17.50029,-66.90058,-39.59937,12.6998,-41.39934
19.72,21.38343,-17.4704,-67.0649,-40.19936,1.89997,-25.0996
19.74,21.38438,-17.43946,-67.23917,-48.79922,-6.0999,-8.69986
19.76,21.36673,-17.40881,-67.41653,-47.99923,7.09989,10.69983
19.78,21.33052,-17.37626,-67.58954,-40.59935,10.79983,29.89952
19.8,21.2773,-17.34068,-67.7506,-40.69935,1.29998,48.19923
19.82,21.20836,-17.3033,-67.89224,-35.09944,4.49993,67.09893
19.84,21.12643,-17.26317,-68.0084,-18.6997,16.89973,71.49886
19.86,21.03667,-17.21721,-68.09857,-5.69991,19.89968,48.89922
19.88,20.94431,-17.16454,-68.16802,4.39993,10.19984,37.09941
19.9,20.85206,-17.10762,-68.22343,-1.89997,1.99997,16.49974
19.92,20.75912,-17.04896,-68.27223,-7.19989,2.99995,-4.89992
19.94,20.66285,-16.98889,-68.3228,-16.89973,5.89991,-25.1996
19.96,20.56131,-16.92656,-68.38412,-11.49982,7.59988,-53.09915
19.98,20.45702,-16.86145,-68.46501,12.5998,6.4999,-65.19896
20,20.35765,-16.793,-68.56849,35.79943,12.5998,-43.19931
20.02,20.27323,-16.72092,-68.69012,65.39896,4.39993,-30.79951
20.04,20.21261,-16.64714,-68.82309,71.59886,-4.49993,-9.39985
20.06,20.18045,-16.5743,-68.96042,76.19878,-5.09992,5.09992
20.08,20.17806,-16.50353,-69.09517,73.89882,-6.1999,24.19962
20.1,20.20433,-16.43553,-69.22057,62.799,-10.29984,39.09938
20.12,20.25537,-16.37118,-69.33014,48.39923,-9.99984,55.09912
20.14,20.32499,-16.31084,-69.42057,26.39958,-9.89984,41.19934
20.16,20.40427,-16.25383,-69.49455,-4.39993,-3.79994,26.19958
20.18,20.48241,-16.1983,-69.5585,-28.79954,2.59996,5.79991
20.2,20.55049,-16.14191,-69.61995,-38.39939,6.89989,-13.59978
20.22,20.60307,-16.08305,-69.68632,-49.19922,8.19987,-28.69954
20.24,20.63767,-16.02122,-69.76288,-42.79932,6.1999,-31.6995
20.26,20.65462,-15.95691,-69.85113,-41.59934,3.99994,-25.69959
20.28,20.65618,-15.89124,-69.94907,-27.59956,-0.79999,-14.59977
20.3,20.64753,-15.82481,-70.05248,-5.19992,4.99992,-0.69999
20.32,20.63742,-15.75619,-70.15565,23.69962,12.4998,17.49972
20.34,20.63578,-15.68393,-70.25133,42.59932,6.1999,39.79937
20.36,20.65104,-15.60931,-70.33157,60.39904,-1.49998,56.4991
20.38,20.68715,-15.53604,-70.38922,45.19928,-16.89973,72.19885
20.4,20.74116,-15.46827,-70.41857,28.39955,-19.89968,81.1987
20.42,20.8066,-15.40861,-70.41654,12.5998,-24.49961,78.39875
20.44,20.87685,-15.358,-70.3822,-5.39991,-21.89965,84.29866
20.46,20.94451,-15.31661,-70.31627,-27.49956,-24.09962,67.99892
20.48,21.00188,-15.28501,-70.22312,-42.29933,-27.89956,51.09918
20.5,21.04627,-15.26351,-70.10946,-17.49972,-21.39966,33.99946
20.52,21.08292,-15.2496,-69.98234,0.1,-5.29992,14.69977
20.54,21.12036,-15.23769,-69.84912,25.3996,11.69981,-3.29995
20.56,21.16768,-15.22451,-69.71729,48.09923,-5.49991,-22.79964
20.58,21.23355,-15.21152,-69.59436,64.09898,-2.89995,-40.99935
20.6,21.32257,-15.19971,-69.48762,55.39912,-0.59999,-57.99908
20.62,21.43319,-15.1876,-69.40036,41.29934,6.89989,-38.59938
20.64,21.55943,-15.17392,-69.33107,18.39971,2.19997,-45.29928
20.66,21.69298,-15.15999,-69.28032,-4.79992,-8.89986,-57.09909
20.68,21.82437,-15.14767,-69.25211,-30.29952,-0.69999,-66.79894
20.7,21.94388,-15.13556,-69.25079,-53.09915,7.99987,-78.99874
20.72,22.04264,-15.12221,-69.28134,-70.79888,-3.09995,-94.79849
20.74,22.11264,-15.10944,-69.34779,-92.79852,-7.79988,-91.19854
20.76,22.14835,-15.10111,-69.44821,-86.29863,-25.89959,-63.39899
20.78,22.15118,-15.09994,-69.57296,-63.09899,-12.19981,-26.19958
20.8,22.12899,-15.10445,-69.70682,-37.5994,-6.69989,23.89962
20.82,22.09382,-15.11284,-69.82997,8.69986,-13.29979,84.69865
20.84,22.0597,-15.12595,-69.92457,30.89951,-14.19977,91.29855
20.86,22.0385,-15.14435,-69.985,58.89906,-11.39982,73.49883
20.88,22.03829,-15.16737,-70.01537,61.39902,-9.29985,61.49902
20.9,22.06008,-15.1932,-70.02238,38.49939,1.59997,36.29942
20.92,22.0992,-15.21986,-70.01438,35.09944,-2.29996,15.09976
20.94,22.15228,-15.24643,-70.00082,31.0995,3.59994,-11.79981
20.96,22.21753,-15.27175,-69.99122,24.59961,7.49988,-31.89949
20.98,22.29098,-15.29544,-69.99127,1.89997,-2.59996,-21.69965
21,22.36528,-15.32062,-70.00042,-19.79968,-17.29972,-16.59974
21.02,22.4342,-15.35033,-70.01548,-15.79975,-8.29987,-5.09992
21.04,22.49781,-15.38306,-70.034,-1.49998,3.39995,-8.59986
21.06,22.56052,-15.41525,-70.05566,9.89984,6.79989,-9.89984
21.08,22.62789,-15.44372,-70.0817,28.59954,19.99968,-16.39974
21.1,22.70604,-15.46721,-70.11222,40.79935,2.79996,-2.79996
21.12,22.80081,-15.48866,-70.14309,56.2991,-5.39991,17.59972
21.14,22.91622,-15.51201,-70.16677,53.09915,-11.19982,38.59938
21.16,23.05099,-15.53847,-70.17626,31.3995,-3.49994,46.29926
21.18,23.19899,-15.56719,-70.16892,16.49974,-4.49993,36.19942
21.2,23.35316,-15.59751,-70.14679,-2.39996,-3.79994,28.39955
21.22,23.5066,-15.62956,-70.11367,-18.8997,-5.39991,15.99974
21.24,23.65324,-15.66375,-70.07428,-27.59956,-6.99989,1.49998
21.26,23.78873,-15.70069,-70.03435,-37.09941,-8.19987,-14.49977
21.28,23.90953,-15.73936,-70.00009,-44.99928,5.79991,-29.99952
21.3,24.01226,-15.7758,-69.97785,-53.39915,18.7997,-46.59926
21.32,24.09496,-15.80641,-69.97363,-48.29923,14.59977,-57.79908
21.34,24.15885,-15.83169,-69.99057,-37.8994,5.19992,-50.2992
21.36,24.20736,-15.8534,-70.02779,-29.59953,10.39983,-45.29928
21.38,24.24417,-15.87052,-70.08269,-19.59969,19.79968,-36.69942
21.4,24.27224,-15.88109,-70.15211,-18.39971,15.29976,-27.29956
21.42,24.29307,-15.88641,-70.23274,-15.89975,1.89997,-21.79965
21.44,24.30766,-15.89065,-70.32384,-11.89981,-8.49986,-34.49945
21.46,24.31774,-15.89682,-70.42759,-5.29992,-4.49993,-36.59942
21.48,24.32556,-15.90535,-70.54675,0.2,-6.1999,-47.29925
21.5,24.33347,-15.91672,-70.68386,5.89991,-11.59982,-49.09922
21.52,24.34233,-15.93198,-70.83842,-2.29996,-9.79984,-29.89952
21.54,24.35017,-15.95128,-71.0049,-11.19982,-9.39985,-11.19982
21.56,24.35348,-15.97366,-71.17572,-20.49967,-2.39996,8.09987
21.58,24.34833,-15.9971,-71.34288,-32.19949,3.39995,30.79951
21.6,24.33079,-16.01998,-71.50086,-38.79938,0.99998,21.19966
21.62,24.29884,-16.04135,-71.65119,-34.09945,9.59985,2.49996
21.64,24.2533,-16.05877,-71.80019,-28.69954,18.9997,-13.79978
21.66,24.19531,-16.07066,-71.95541,-32.79948,7.59988,-37.99939
21.68,24.1238,-16.07825,-72.12412,-40.69935,8.49986,-45.89927
21.7,24.03599,-16.08328,-72.30912,-48.69922,0.89999,-33.89946
21.72,23.92871,-16.08708,-72.50785,-56.2991,1.69997,-24.49961
21.74,23.79885,-16.09041,-72.71557,-64.39898,0.3,-7.89987
21.76,23.6449,-16.09399,-72.9265,-55.49912,-4.99992,7.39988
21.78,23.46894,-16.09948,-73.13441,-44.59929,-9.59985,22.39964
21.8,23.27841,-16.10818,-73.33364,-0.79999,-8.09987,33.79946
21.82,23.08576,-16.11963,-73.51965,25.2996,-1.99997,41.29934
21.84,22.90219,-16.13211,-73.6911,41.09934,1.69997,28.39955
21.86,22.73579,-16.14484,-73.84995,64.39898,-4.09993,26.99957
21.88,22.59215,-16.15915,-73.99859,57.89908,-9.49985,18.8997
21.9,22.47125,-16.17736,-74.13933,47.39925,-15.99974,13.29979
21.92,22.36944,-16.20086,-74.27477,38.39939,-11.69981,6.69989
21.94,22.28388,-16.22952,-74.40743,38.49939,-12.3998,0.2
21.96,22.21324,-16.26304,-74.54024,33.99946,-12.2998,-9.39985
21.98,22.1568,-16.29993,-74.67661,35.69943,3.09995,-17.89971
22,22.11096,-16.3355,-74.82017,0.79999,19.19969,-27.49956
22.02,22.06629,-16.36488,-74.97451,-25.3996,20.09968,-35.79943
22.04,22.012,-16.38753,-75.14146,-45.99927,7.79988,-27.79956
22.06,21.94124,-16.4065,-75.31909,-47.09925,0.79999,-16.29974
22.08,21.85423,-16.42403,-75.50321,-22.19965,4.89992,-5.39991
22.1,21.75739,-16.43935,-75.68901,-6.4999,11.19982,9.49985
22.12,21.65865,-16.45123,-75.87171,16.39974,6.99989,16.59974
22.14,21.56608,-16.46066,-76.04804,35.49943,-0.89999,20.09968
22.16,21.48726,-16.47026,-76.21558,50.3992,-7.09989,30.19952
22.18,21.42577,-16.48154,-76.37129,37.09941,-1.89997,36.99941
22.2,21.37951,-16.49497,-76.51195,27.99955,-10.79983,45.39928
22.22,21.34413,-16.51248,-76.63621,15.79975,-17.59972,35.39944
22.24,21.3151,-16.53525,-76.7466,4.09993,-6.69989,21.69965
22.26,21.28817,-16.56011,-76.84829,-2.69996,9.99984,7.29988
22.28,21.26131,-16.58156,-76.94692,2.09997,20.49967,-6.59989
22.3,21.23502,-16.59506,-77.04554,4.39993,28.29955,5.19992
22.32,21.21079,-16.59901,-77.14202,9.89984,18.19971,16.69973
22.34,21.19031,-16.59556,-77.23163,13.49979,9.09986,29.29953
22.36,21.17444,-16.58698,-77.30886,9.39985,14.79976,47.69924
22.38,21.16236,-16.57386,-77.37018,5.79991,6.3999,33.49947
22.4,21.15258,-16.55694,-77.41993,2.19997,10.29984,0.1
22.42,21.14349,-16.53632,-77.46757,-3.09995,9.69985,-13.39979
22.44,21.13367,-16.51233,-77.52158,-3.09995,3.89994,-37.8994
22.46,21.12294,-16.48672,-77.59101,0.39999,-1.49998,-65.79895
22.48,21.11171,-16.46108,-77.68403,-2.49996,-0.89999,-67.29893
22.5,21.09877,-16.43659,-77.8003,-12.3998,-8.29987,-32.89948
22.52,21.08072,-16.41572,-77.93144,-23.49963,-18.8997,-16.49974
22.54,21.05266,-16.40062,-78.06761,-40.59935,-11.79981,14.79976
22.56,21.0088,-16.39029,-78.1981,-52.99916,-5.39991,42.79932
22.58,20.94326,-16.38125,-78.31135,-70.09888,9.49985,71.09887
22.6,20.85514,-16.36847,-78.40083,-32.29948,23.59962,51.89917
22.62,20.75302,-16.3491,-78.46918,-5.19992,8.99986,35.59943
22.64,20.64755,-16.32481,-78.52462,9.39985,7.39988,5.09992
22.66,20.5467,-16.29751,-78.57976,32.79948,6.0999,-43.5993
22.68,20.45811,-16.26801,-78.64816,47.79924,2.19997,-51.39918
22.7,20.38743,-16.23765,-78.7358,50.89919,-1.99997,-46.89925
22.72,20.33527,-16.20774,-78.8419,35.79943,-2.99995,-40.19936
22.74,20.29876,-16.17931,-78.96288,34.19946,-6.89989,-22.29964
22.76,20.27571,-16.15299,-79.09332,30.59951,-4.59993,-10.69983
22.78,20.26503,-16.12903,-79.22768,28.49955,-7.59988,3.59994
22.8,20.26572,-16.10761,-79.36074,26.29958,-5.89991,15.69975
22.82,20.27618,-16.08852,-79.48744,16.79973,-3.99994,27.69956
22.84,20.29256,-16.07043,-79.60506,-0.49999,3.59994,18.8997
22.86,20.30838,-16.05184,-79.71488,-21.19966,1.69997,11.59982
22.88,20.31624,-16.03323,-79.82039,-36.49942,-6.99989,0.2
22.9,20.31157,-16.01654,-79.9257,-30.99951,-7.09989,-10.89983
22.92,20.29405,-16.00229,-80.0355,-29.69953,-3.39995,-24.09962
22.94,20.26468,-15.98976,-80.15452,-27.99955,-3.49994,-33.99946
22.96,20.22434,-15.97899,-80.28744,-23.69962,-7.39988,-47.69924
22.98,20.17379,-15.97056,-80.43706,-26.59958,-5.29992,-38.49939
23,20.11245,-15.96343,-80.60102,-30.79951,4.79992,-19.59969
23.02,20.0386,-15.95635,-80.77352,-36.59942,-4.99992,-8.49986
23.04,19.95077,-15.94918,-80.94875,-35.69943,5.89991,8.49986
23.06,19.84904,-15.93987,-81.12101,-30.79951,14.39977,20.29968
23.08,19.73563,-15.92512,-81.28473,-19.29969,19.59969,35.39944
23.1,19.61545,-15.90282,-81.4351,1.89997,21.59966,41.59934
23.12,19.49566,-15.87322,-81.57006,19.59969,9.99984,34.69945
23.14,19.38157,-15.83977,-81.69116,15.99974,-3.19995,26.69958
23.16,19.2739,-15.80701,-81.80197,12.89979,-10.69983,13.89978
23.18,19.17179,-15.77868,-81.90716,13.99978,-19.99968,0.89999
23.2,19.07485,-15.75645,-82.01201,10.99983,-10.39983,-13.09979
23.22,18.98258,-15.7386,-82.12223,10.79983,-3.29995,-29.29953
23.24,18.89446,-15.72322,-82.24271,9.19985,-7.79988,-31.79949
23.26,18.81013,-15.71071,-82.37438,8.89986,-9.99984,-19.79968
23.28,18.72868,-15.70099,-82.51449,1.89997,-0.3,-13.89978
23.3,18.64716,-15.69136,-82.65962,-13.09979,9.49985,-3.39995
23.32,18.56073,-15.67919,-82.80609,-24.69961,6.4999,6.3999
23.34,18.46367,-15.664,-82.95075,-43.5993,7.49988,7.89987
23.36,18.35107,-15.64472,-83.09321,-43.19931,19.19969,-1.09998
23.38,18.22246,-15.61871,-83.23449,-29.99952,21.19966,5.29992
23.4,18.08159,-15.58653,-83.37357,-19.19969,-0.1,11.59982
23.42,17.93338,-15.55397,-83.50776,-4.79992,-17.39972,19.49969
23.44,17.78324,-15.52681,-83.63496,9.69985,-19.19969,18.5997
23.46,17.63622,-15.50491,-83.755,16.79973,2.89995,13.89978
23.48,17.49499,-15.48396,-83.86861,14.79976,3.69994,17.09973
23.5,17.36011,-15.46265,-83.97525,17.29972,-6.79989,20.79967
23.52,17.23094,-15.44367,-84.07447,7.79988,-13.69978,14.59977
23.54,17.10445,-15.4284,-84.16776,-5.79991,-2.99995,8.49986
23.56,16.97541,-15.41395,-84.25767,-21.49966,11.29982,1.29998
23.58,16.83914,-15.39531,-84.34704,-23.39963,21.99965,-6.59989
23.6,16.69661,-15.37019,-84.43897,5.9999,9.39985,-14.49977
23.62,16.55554,-15.33976,-84.53667,26.19958,12.09981,-22.89963
23.64,16.42299,-15.305,-84.64344,26.89957,9.49985,-31.2995
23.66,16.29926,-15.26655,-84.76268,8.39987,5.49991,-40.09936
23.68,16.17946,-15.22621,-84.89778,-4.09993,-1.69997,-47.89924
23.7,16.0574,-15.18647,-85.05226,-22.69964,-8.29987,-58.79906
23.72,15.9296,-15.1485,-85.22997,-7.59988,0.49999,-67.59892
23.74,15.79831,-15.11263,-85.43247,3.09995,-13.99978,-54.79913
23.76,15.66868,-15.08209,-85.65674,18.19971,-25.99959,-41.29934
23.78,15.54608,-15.06057,-85.89673,30.99951,-24.39961,-20.69967
23.8,15.43627,-15.04656,-86.14496,47.89924,-0.49999,-0.49999
23.82,15.34371,-15.03384,-86.39307,45.89927,12.3998,21.99965
23.84,15.26676,-15.01826,-86.63215,16.59974,3.99994,45.89927
23.86,15.19712,-15.0004,-86.85297,-5.79991,2.19997,67.99892
23.88,15.124,-14.98158,-87.04619,-39.59937,1.09998,93.29852
23.9,15.03792,-14.9623,-87.20461,-44.39929,-0.1,92.49853
23.92,14.93657,-14.94329,-87.32715,-24.09962,-3.69994,79.69873
23.94,14.82493,-14.92576,-87.41794,-10.09984,-7.59988,64.69897
23.96,14.71102,-14.91106,-87.48402,21.69965,-9.49985,37.09941
23.98,14.60302,-14.89999,-87.53461,26.09958,-9.89984,15.29976
24,14.5036,-14.89288,-87.57976,12.09981,-10.49983,-14.29977
24.02,14.40928,-14.88947,-87.62906,0.79999,-6.3999,-28.99954
24.04,14.31462,-14.88878,-87.68567,-16.79973,-3.99994,-1.59997
24.06,14.21285,-14.88981,-87.74298,-38.19939,-2.99995,24.29961
24.08,14.09608,-14.89111,-87.79067,-56.5991,7.09989,48.39923
24.1,13.95633,-14.88988,-87.81888,-78.09875,13.89978,72.79884
24.12,13.7891,-14.88297,-87.82323,-61.89901,21.69965,43.6993
24.14,13.5991,-14.86775,-87.80997,-25.59959,25.59959,15.19976
24.16,13.39821,-14.8431,-87.79108,4.39993,21.29966,-18.7997
24.18,13.20018,-14.81043,-87.77943,45.59927,11.69981,-50.79919
24.2,13.01952,-14.77323,-87.78804,78.29876,0.39999,-82.99868
24.22,12.87006,-14.73593,-87.82591,109.99825,-11.59982,-76.69877
24.24,12.75994,-14.70164,-87.89351,95.29848,-7.59988,-61.79901
24.26,12.68475,-14.67095,-87.98574,48.89922,-9.29985,-46.79925
24.28,12.63008,-14.6444,-88.09605,12.19981,-15.49975,-26.29958
24.3,12.57884,-14.62386,-88.21599,-38.69938,-19.89968,2.29996
24.32,12.5126,-14.61052,-88.33417,-84.59865,-16.99973,38.39939
24.34,12.41325,-14.60389,-88.43722,-122.99804,-13.29979,71.39886
24.36,12.27219,-14.60175,-88.51215,-86.39863,-1.49998,99.09841
24.38,12.09536,-14.60005,-88.5532,-61.59902,11.69981,68.39891
24.4,11.89528,-14.59429,-88.57236,-22.79964,18.39971,-17.89971
24.42,11.68595,-14.58189,-88.59575,14.99976,17.79972,-75.69879
24.44,11.4821,-14.5641,-88.64182,47.69924,-0.3,-58.39907
24.46,11.2925,-14.54599,-88.71223,32.29948,-14.19977,-51.69918
24.48,11.11659,-14.53198,-88.80166,24.7996,-12.4998,-29.29953
24.5,10.9498,-14.52219,-88.90271,9.49985,-3.09995,-6.79989
24.52,10.78964,-14.5149,-89.00647,22.69964,-6.59989,14.99976
24.54,10.63832,-14.50909,-89.1039,33.79946,1.29998,39.29937
24.56,10.50107,-14.504,-89.18573,50.4992,-3.39995,61.49902
24.58,10.38322,-14.499,-89.24255,59.39905,4.39993,86.89862
24.6,10.28747,-14.49255,-89.26753,51.89917,8.99986,82.29869
24.62,10.21354,-14.48195,-89.26111,55.19912,18.7997,61.69902
24.64,10.16177,-14.46452,-89.22941,59.49905,21.59966,46.19926
24.66,10.13357,-14.44019,-89.18015,61.69902,6.69989,20.69967
24.68,10.12957,-14.41294,-89.1228,59.29905,-5.89991,-7.59988
24.7,10.14825,-14.3876,-89.06825,46.59926,-14.19977,-34.39945
24.72,10.18373,-14.36738,-89.02712,15.79975,-17.19973,-58.59906
24.74,10.22624,-14.35401,-89.00953,-7.69988,-19.99968,-84.59865
24.76,10.26647,-14.34806,-89.02543,-22.99963,-17.19973,-107.99828
24.78,10.29828,-14.3482,-89.0831,-30.29952,-6.69989,-117.99812
24.8,10.31843,-14.35106,-89.18498,-32.89948,3.19995,-98.89843
24.82,10.3253,-14.35364,-89.3269,-36.39942,2.89995,-85.49864
24.84,10.31668,-14.35703,-89.50228,-48.99922,-17.29972,-65.59895
24.86,10.28801,-14.3642,-89.7039,-65.99895,-6.2999,-46.49926
24.88,10.23399,-14.37446,-89.92387,-72.29885,-1.19998,-25.69959
24.9,10.15104,-14.38572,-90.15401,-78.39875,-1.49998,-4.69992
24.92,10.03671,-14.3976,-90.38591,-84.59865,-2.19997,16.59974
24.94,9.89194,-14.41058,-90.61109,-56.5991,-5.29992,37.8994
24.96,9.72528,-14.42592,-90.82101,-20.89967,-10.89983,59.29905
24.98,9.55004,-14.44556,-91.00728,12.7998,-16.19974,79.19873
25,9.37907,-14.47125,-91.16208,38.09939,-17.39972,96.19846
25.02,9.22185,-14.50311,-91.27813,48.79922,-10.79983,114.99817
25.04,9.08181,-14.53933,-91.34837,36.29942,-4.89992,130.99792
25.06,8.95639,-14.57702,-91.36593,24.9996,5.79991,148.99762
25.08,8.84117,-14.61347,-91.32691,15.79975,5.39991,135.99784
25.1,8.73535,-14.64637,-91.2344,37.6994,18.7997,112.9982
25.12,8.64457,-14.67184,-91.09656,59.39905,31.0995,90.49856
25.14,8.57573,-14.68616,-90.92357,62.999,30.29952,56.5991
25.16,8.5291,-14.69048,-90.72747,36.99941,7.99987,26.59958
25.18,8.49833,-14.68931,-90.521,21.69965,8.49986,-6.99989
25.2,8.47597,-14.68571,-90.31758,3.99994,-0.89999,-43.8993
25.22,8.45679,-14.68176,-90.13084,2.29996,-3.39995,-72.89884
25.24,8.43784,-14.67991,-89.96759,-6.1999,-13.49979,-45.99927
25.26,8.415,-14.6815,-89.82231,-28.59954,-4.09993,-15.69975
25.28,8.38199,-14.68558,-89.68266,-37.99939,-3.49994,20.29968
25.3,8.33394,-14.69191,-89.53472,-45.69927,-11.59982,57.09909
25.32,8.26788,-14.70235,-89.36419,-50.4992,-14.59977,90.49856
25.34,8.17936,-14.71803,-89.1635,-77.69876,-11.69981,62.799
25.36,8.06395,-14.73789,-88.93802,-62.799,-4.09993,30.79951
25.38,7.9263,-14.76022,-88.70072,-18.8997,-4.99992,-6.99989
25.4,7.78046,-14.78503,-88.4658,18.8997,-10.79983,-41.39934
25.42,7.64158,-14.81405,-88.24236,50.89919,-15.79975,-25.89959
25.44,7.5222,-14.84855,-88.02987,74.39882,-12.4998,-17.09973
25.46,7.43025,-14.88825,-87.82275,74.89881,-11.49982,5.49991
25.48,7.36632,-14.93306,-87.61321,56.19911,-15.69975,29.39953
25.5,7.32565,-14.98289,-87.39201,45.49927,-7.49988,51.49918
25.52,7.30494,-15.03485,-87.14983,52.49916,9.19985,76.49878
25.54,7.3056,-15.08445,-86.8784,63.49899,12.3998,87.19861
25.56,7.3315,-15.12993,-86.57452,73.09883,7.09989,72.79884
25.58,7.38687,-15.17078,-86.24097,85.09864,19.49969,62.999
25.6,7.47581,-15.20527,-85.88314,92.69852,17.29972,43.19931
25.62,7.60153,-15.234,-85.50837,97.49845,3.29995,19.0997
25.64,7.7653,-15.26063,-85.12573,92.89852,-3.09995,-3.59994
25.66,7.96551,-15.289,-84.74459,81.3987,-14.69977,-27.69956
25.68,8.19391,-15.32129,-84.37244,26.39958,-6.79989,-31.6995
25.7,8.43283,-15.35589,-84.0127,-28.89954,4.89992,-33.89946
25.72,8.65957,-15.39129,-83.66648,-90.09856,-11.19982,-36.59942
25.74,8.85179,-15.43199,-83.33499,-135.99784,-35.59943,-40.99935
25.76,8.99918,-15.48241,-83.01923,-85.89863,-15.09976,-39.49937
25.78,9.1111,-15.53941,-82.71955,-46.79925,-0.2,-41.79933
25.8,9.20586,-15.59528,-82.43122,8.09987,26.69958,8.89986
25.82,9.30348,-15.64124,-82.1403,59.39905,45.59927,48.89922
25.84,9.422,-15.6737,-81.82909,82.29869,16.99973,95.49848
25.86,9.56846,-15.69755,-81.4823,55.59911,6.2999,114.99817
25.88,9.73726,-15.7177,-81.09395,30.09952,7.19989,89.19858
25.9,9.91751,-15.73599,-80.66918,-1.09998,-2.39996,69.99889
25.92,10.09673,-15.75376,-80.21748,-37.99939,2.69996,39.19938
25.94,10.26475,-15.77123,-79.75006,-34.69945,-0.2,7.99987
25.96,10.42181,-15.7888,-79.27992,-1.99997,-3.49994,-28.89954
25.98,10.57678,-15.80804,-78.82068,17.99971,-9.69985,-59.99904
26,10.74147,-15.83092,-78.3814,63.29899,-13.69978,-51.49918
26.02,10.93069,-15.8581,-77.96324,100.99839,-6.0999,-49.19922
26.04,11.15762,-15.88833,-77.56399,111.99822,-4.79992,-39.99936
26.06,11.42813,-15.91957,-77.18066,110.99824,5.49991,-30.79951
26.08,11.74143,-15.94929,-76.8094,93.9985,8.69986,-19.99968
26.1,12.09265,-15.97618,-76.44637,80.49872,5.19992,-12.2998
26.12,12.47543,-16.00115,-76.08813,60.79903,0,-4.19993
26.14,12.88348,-16.02618,-75.7335,50.79919,-6.0999,-16.29974
26.16,13.30982,-16.05237,-75.387,20.59967,0.49999,-45.29928
26.18,13.74332,-16.07894,-75.05809,-20.09968,0.99998,-69.79889
26.2,14.16912,-16.10588,-74.7561,-57.19909,-6.2999,-85.19864
26.22,14.57126,-16.13445,-74.48693,-101.99838,-4.99992,-88.89858
26.24,14.93396,-16.16408,-74.25227,-132.99789,5.59991,-82.89868
26.26,15.24753,-16.19287,-74.05016,-122.99804,1.99997,-71.69885
26.28,15.51109,-16.2192,-73.87588,-120.99808,14.79976,-52.89916
26.3,15.72803,-16.24011,-73.72165,-100.99839,22.39964,-23.79962
26.32,15.90503,-16.25289,-73.57752,-76.19878,21.49966,-1.29998
26.34,16.05119,-16.25776,-73.43475,-54.79913,13.49979,11.89981
26.36,16.17387,-16.25691,-73.2871,-48.89922,8.49986,25.3996
26.38,16.27721,-16.253,-73.12959,-40.49936,-0.1,35.09944
26.4,16.36464,-16.24846,-72.95837,-29.09954,-2.19997,40.69935
26.42,16.44041,-16.24679,-72.77073,-17.59972,-24.39961,46.69926
26.44,16.50833,-16.25156,-72.56524,-14.09978,-13.49979,43.6993
26.46,16.57066,-16.26256,-72.34404,-9.79984,-11.19982,22.09965
26.48,16.62911,-16.27871,-72.11374,-4.99992,-15.79975,2.19997
26.5,16.68575,-16.30151,-71.88269,1.89997,-23.79962,-19.79968
26.52,16.74305,-16.33268,-71.65977,7.99987,-20.59967,-44.69929
26.54,16.80246,-16.37125,-71.45123,3.49994,-9.09986,-35.59943
26.56,16.86307,-16.41399,-71.25565,-2.89995,-3.19995,-14.39977
26.58,16.92282,-16.4582,-71.06576,-6.0999,0.69999,6.59989
26.6,16.9807,-16.50095,-70.87239,-3.39995,16.09974,35.09944
26.62,17.03714,-16.53868,-70.66517,-1.29998,17.19973,60.89903
26.64,17.09373,-16.56828,-70.43629,7.59988,30.59951,58.79906
26.66,17.15373,-16.5883,-70.18507,20.49967,17.19973,44.0993
26.68,17.22184,-16.6015,-69.91578,32.69948,2.99995,32.79948
26.7,17.30302,-16.61131,-69.63408,44.99928,10.49983,13.59978
26.72,17.40223,-16.61689,-69.34643,57.69908,18.09971,-1.39998
26.74,17.52307,-16.6169,-69.05954,56.19911,8.79986,-19.19969
26.76,17.66554,-16.61384,-68.77863,46.39926,-5.19992,-20.89967
26.78,17.8259,-16.61155,-68.50521,29.99952,-6.2999,-14.69977
26.8,17.99794,-16.61129,-68.23865,10.69983,-2.69996,-19.19969
26.82,18.17506,-16.61175,-67.97899,-0.39999,4.39993,-16.79973
26.84,18.35283,-16.61169,-67.72554,-3.29995,-1.19998,-10.09984
26.86,18.52918,-16.61143,-67.47595,-6.89989,-0.2,-2.39996
26.88,18.7028,-16.61002,-67.22714,-10.09984,12.99979,6.1999
26.9,18.87168,-16.60408,-66.97569,-20.09968,19.19969,15.59975
26.92,19.03362,-16.59194,-66.71898,-18.7997,10.49983,14.29977
26.94,19.19003,-16.57547,-66.45645,2.49996,2.89995,13.09979
26.96,19.34638,-16.55837,-66.18883,13.39979,-10.29984,9.59985
26.98,19.50807,-16.54475,-65.91725,24.29961,-17.19973,6.4999
27,19.6786,-16.53767,-65.64317,26.59958,-20.89967,1.49998
27.02,19.85951,-16.53876,-65.36746,26.49958,-22.89963,5.89991
27.04,20.04991,-16.54824,-65.08855,15.49975,-17.39972,17.89971
27.06,20.24585,-16.56459,-64.80255,-1.89997,-11.19982,28.29955
27.08,20.44199,-16.58445,-64.50554,-9.49985,4.49993,34.79944
27.1,20.63386,-16.60344,-64.19682,-21.59966,10.69983,18.39971
27.12,20.81877,-16.61887,-63.88015,-16.69973,9.49985,6.89989
27.14,20.99696,-16.62977,-63.5615,-11.99981,15.39975,-13.09979
27.16,21.17043,-16.63515,-63.24785,-6.3999,14.69977,-31.5995
27.18,21.3401,-16.63531,-62.94714,-12.89979,7.19989,-53.99914
27.2,21.5049,-16.6323,-62.66514,-16.29974,2.49996,-48.29923
27.22,21.66321,-16.62813,-62.40108,-19.29969,-0.89999,-29.69953
27.24,21.81359,-16.62349,-62.14899,-24.19962,3.79994,-12.7998
27.26,21.95481,-16.6185,-61.90167,-23.59962,-3.29995,6.69989
27.28,22.08713,-16.61476,-61.65428,-17.49972,-9.99984,-0.79999
27.3,22.21233,-16.61497,-61.40721,-12.3998,-16.29974,-9.09986
27.32,22.33142,-16.62037,-61.16372,-18.4997,-9.49985,-17.59972
27.34,22.44291,-16.62961,-60.92747,-26.49958,-3.39995,-28.99954
27.36,22.544,-16.64019,-60.7027,-32.29948,2.79996,-40.09936
27.38,22.6326,-16.65018,-60.49367,-33.59946,3.49994,-48.99922
27.4,22.7067,-16.65902,-60.30276,-45.39928,1.49998,-43.8993
27.42,22.76403,-16.66724,-60.12894,-42.99931,-0.49999,-34.99944
27.44,22.80486,-16.67572,-59.96889,-33.39947,-3.29995,-24.69961
27.46,22.83256,-16.68505,-59.8188,-21.29966,-1.59997,-15.99974
27.48,22.85196,-16.69488,-59.6753,-6.89989,1.29998,-10.09984
27.5,22.86812,-16.70409,-59.53722,2.99995,4.99992,-18.7997
27.52,22.88421,-16.71176,-59.40598,0.3,3.89994,-21.59966
27.54,22.8997,-16.71838,-59.28337,-9.29985,-2.49996,-25.1996
27.56,22.91246,-16.72583,-59.17008,-8.89986,-7.39988,-21.89965
27.58,22.92099,-16.73547,-59.06491,-14.99976,-4.69992,-13.19979
27.6,22.92396,-16.7471,-58.96591,-16.39974,-3.39995,-14.19977
27.62,22.91976,-16.76068,-58.87321,-23.79962,-8.09987,-22.19965
27.64,22.90591,-16.77735,-58.78878,-32.29948,-11.59982,-24.9996
27.66,22.87899,-16.79848,-58.71474,-42.09933,-13.39979,-32.59948
27.68,22.83583,-16.82418,-58.65342,-45.69927,-7.59988,-37.7994
27.7,22.77533,-16.8531,-58.60613,-39.69937,-3.69994,-32.99947
27.72,22.69881,-16.88355,-58.57203,-34.89945,-0.59999,-28.89954
27.74,22.60875,-16.9143,-58.54946,-25.79959,1.79997,-25.3996
27.76,22.50829,-16.94428,-58.53698,-17.19973,4.49993,-21.99965
27.78,22.4016,-16.97248,-58.53323,-1.99997,6.79989,-18.7997
27.8,22.29432,-16.998,-58.53694,15.59975,8.49986,-15.79975
27.82,22.19279,-17.02061,-58.54692,28.39955,5.09992,-13.19979
27.84,22.10209,-17.04042,-58.56225,36.19942,9.09986,-12.09981
27.86,22.025,-17.05638,-58.58227,35.39944,14.99976,-10.39983
27.88,21.96127,-17.0668,-58.60619,26.89957,16.09974,-6.99989
27.9,21.90746,-17.0714,-58.6328,10.09984,10.79983,-3.29995
27.92,21.85789,-17.07126,-58.66085,-4.49993,9.49985,-1.59997
27.94,21.80715,-17.06745,-58.68933,-12.4998,6.79989,1.29998
27.96,21.751,-17.06104,-58.71782,-24.49961,2.59996,-1.99997
27.98,21.68639,-17.0532,-58.74743,-22.89963,2.09997,-9.29985
28,21.61347,-17.04427,-58.78048,-12.5998,3.99994,-14.69977
28.02,21.53504,-17.03388,-58.8197,-6.79989,4.19993,-23.79962
28.04,21.45415,-17.02203,-58.86751,1.79997,2.09997,-24.39961
28.06,21.37385,-17.00974,-58.92432,9.29985,-4.19993,-18.39971
28.08,21.29757,-16.99889,-58.98884,19.99968,-8.39987,-16.59974
28.1,21.22906,-16.99077,-59.05961,28.59954,-6.3999,-11.89981
28.12,21.17191,-16.98494,-59.13505,36.49942,-1.89997,-7.09989
28.14,21.128,-16.98015,-59.21323,31.0995,-0.39999,-2.09997
28.16,21.09575,-16.97574,-59.29242,18.09971,-1.29998,0.3
28.18,21.07046,-16.97161,-59.3727,2.39996,0,-10.19984
28.2,21.04587,-16.96739,-59.45664,-15.59975,1.99997,-17.39972
28.22,21.01519,-16.9619,-59.54777,-31.89949,8.49986,-27.69956
28.24,20.97437,-16.95343,-59.64778,-21.89965,10.59983,-16.89973
28.26,20.92478,-16.94152,-59.75427,-11.79981,4.49993,-4.19993
28.28,20.87076,-16.92775,-59.86163,1.49998,-1.19998,15.79975
28.3,20.81738,-16.91422,-59.96452,15.29976,-4.69992,16.39974
28.32,20.77017,-16.90211,-60.06228,29.79952,-3.69994,1.89997
28.34,20.73285,-16.89159,-60.15836,24.29961,-4.09993,-4.19993
28.36,20.70472,-16.8825,-60.25654,13.59978,-2.49996,-15.39975
28.38,20.68274,-16.87441,-60.36064,10.19984,-1.19998,-25.0996
28.4,20.66438,-16.86667,-60.47474,2.39996,1.29998,-35.19944
28.42,20.6474,-16.85792,-60.6011,-0.99998,8.39987,-27.99955
28.44,20.63021,-16.84584,-60.73831,-2.29996,15.09976,-18.09971
28.46,20.61208,-16.8293,-60.88205,-3.59994,5.79991,-1.99997
28.48,20.5925,-16.81036,-61.0269,-4.79992,-2.99995,10.19984
28.5,20.57069,-16.7926,-61.16771,-8.89986,-11.69981,21.09966
28.52,20.54506,-16.77834,-61.3004,-15.49975,-8.79986,27.99955
28.54,20.51393,-16.76762,-61.42397,-14.79976,-6.2999,13.19979
28.56,20.47751,-16.75935,-61.54113,-7.59988,-3.29995,8.89986
28.58,20.43808,-16.75241,-61.65504,0,-0.59999,0.59999
28.6,20.39766,-16.74593,-61.76834,-1.99997,-0.3,-4.89992
28.62,20.35535,-16.73976,-61.88346,-14.79976,-2.09997,-9.79984
28.64,20.3076,-16.734,-62.00174,-22.49964,0.3,-7.89987
28.66,20.25012,-16.72819,-62.1227,-37.39941,1.69997,-2.09997
28.68,20.17924,-16.72166,-62.24468,-36.49942,3.29995,0.99998
28.7,20.09478,-16.71421,-62.36747,-25.0996,0.69999,-8.79986
28.72,20,-16.70641,-62.49341,-16.39974,-1.29998,-15.69975
28.74,19.89927,-16.69869,-62.62542,-1.39998,0.79999,-21.39966
28.76,19.79813,-16.69033,-62.76478,15.29976,5.9999,-15.89975
28.78,19.70291,-16.67975,-62.90971,30.19952,9.09986,-3.29995
28.8,19.61917,-16.66605,-63.05576,39.29937,6.89989,10.39983
28.82,19.55035,-16.6501,-63.19768,40.59935,-0.59999,22.99963
28.84,19.49742,-16.63389,-63.33102,38.49939,-3.39995,28.59954
28.86,19.45951,-16.61878,-63.45392,32.89948,-3.69994,23.19963
28.88,19.43384,-16.60544,-63.56792,18.29971,-7.09989,13.29979
28.9,19.41635,-16.59454,-63.67679,12.4998,-6.69989,0.59999
28.92,19.40387,-16.5864,-63.78533,6.99989,-7.29988,-12.09981
28.94,19.39402,-16.5812,-63.89861,-0.1,-8.29987,-24.59961
28.96,19.38414,-16.57855,-64.02044,-6.79989,-1.79997,-25.0996
28.98,19.37158,-16.57704,-64.15158,-12.99979,0.3,-19.19969
29,19.35443,-16.57581,-64.2904,-12.7998,-1.79997,-13.99978
29.02,19.33226,-16.57486,-64.43449,-11.49982,0.3,-6.4999
29.04,19.30546,-16.57361,-64.58118,-10.19984,4.09993,0.2
29.06,19.27462,-16.57095,-64.72764,-8.39987,5.29992,7.59988
29.08,19.23965,-16.56636,-64.87105,-14.09978,4.39993,14.19977
29.1,19.19894,-16.55951,-65.00857,-20.49967,8.39987,21.99965
29.12,19.15002,-16.54977,-65.13776,-26.89957,7.39988,24.39961
29.14,19.09015,-16.53747,-65.25805,-34.99944,2.29996,17.19973
29.16,19.01698,-16.5241,-65.37127,-35.89943,-1.59997,11.09982
29.18,18.93014,-16.51105,-65.48011,-29.69953,-2.39996,3.59994
29.2,18.83148,-16.49877,-65.58753,-22.69964,-1.49998,-4.99992
29.22,18.72548,-16.48752,-65.69654,1.79997,-5.19992,-10.39983
29.24,18.61853,-16.47784,-65.80971,9.89984,-3.89994,-16.59974
29.26,18.51575,-16.4688,-65.92841,20.29968,6.3999,-12.5998
29.28,18.42057,-16.45818,-66.05146,25.59959,6.69989,-2.49996
29.3,18.3345,-16.44541,-66.17561,19.89968,1.49998,5.79991
29.32,18.25655,-16.43178,-66.29818,15.99974,-1.29998,5.69991
29.34,18.18485,-16.41814,-66.41896,10.69983,0.99998,0
29.36,18.11842,-16.40456,-66.53924,15.59975,-1.49998,-1.69997
29.38,18.05815,-16.39151,-66.6599,19.79968,-3.49994,-1.09998
29.4,18.0058,-16.37979,-66.78086,24.19962,-4.89992,-0.1
29.42,17.96165,-16.36985,-66.90146,14.09978,-4.79992,4.19993
29.44,17.92328,-16.36192,-67.01944,5.49991,-5.79991,16.89973
29.46,17.88674,-16.35637,-67.13143,-6.59989,-7.49988,21.19966
29.48,17.84843,-16.35374,-67.23449,-9.69985,-8.69986,28.99954
29.5,17.80725,-16.35422,-67.32744,-2.59996,-6.2999,21.09966
29.52,17.76472,-16.35738,-67.41272,1.59997,-5.79991,4.69992
29.54,17.72323,-16.36288,-67.49561,9.99984,-5.59991,-7.49988
29.56,17.68482,-16.3705,-67.58069,9.39985,-4.49993,-12.3998
29.58,17.64966,-16.3797,-67.66928,3.89994,-1.29998,-3.69994
29.6,17.6162,-16.3895,-67.75909,0,0.89999,6.79989
29.62,17.58245,-16.39925,-67.84597,-6.59989,-0.3,18.4997
29.64,17.54638,-16.4092,-67.92554,-9.89984,-2.39996,28.39955
29.66,17.50655,-16.4199,-67.9936,-10.89983,-2.59996,38.99938
29.68,17.46238,-16.43143,-68.04658,-11.49982,-0.89999,43.5993
29.7,17.4135,-16.44328,-68.08275,-13.09979,0.99998,40.99935
29.72,17.35914,-16.45492,-68.10284,-16.79973,0.79999,34.29945
29.74,17.29811,-16.46634,-68.10908,-19.89968,-0.59999,28.09955
29.76,17.23035,-16.47797,-68.10419,-10.39983,-1.89997,19.99968
29.78,17.15841,-16.49012,-68.09111,-0.99998,-0.89999,12.89979
29.8,17.08576,-16.50245,-68.07274,5.49991,1.59997,6.2999
29.82,17.01537,-16.51425,-68.05175,12.89979,2.79996,-0.2
29.84,16.9501,-16.52525,-68.03066,19.99968,0.69999,-5.79991
29.86,16.89209,-16.53598,-68.01136,19.89968,-1.79997,-6.89989
29.88,16.84173,-16.54718,-67.99493,16.89973,-1.89997,-9.99984
29.9,16.79815,-16.55867,-67.98224,14.29977,2.39996,-11.29982
29.92,16.76019,-16.56973,-67.97424,10.89983,1.29998,-15.09976
29.94,16.7271,-16.58037,-67.97216,12.7998,-1.09998,-18.5997
29.96,16.69916,-16.59124,-67.97719,15.19976,-1.49998,-19.69969
29.98,16.67689,-16.60262,-67.98997,13.69978,-1.19998,-20.29968
30,16.66003,-16.61456,-68.01096,11.69981,-1.89997,-22.69964
30.02,16.64783,-16.6273,-68.04008,9.69985,-3.29995,-16.39974
30.04,16.63932,-16.6412,-68.07513,5.9999,-3.19995,-4.69992
30.06,16.63269,-16.65589,-68.11222,-2.79996,1.59997,4.59993
30.08,16.62557,-16.67014,-68.1473,-4.99992,4.19993,14.69977
30.1,16.61631,-16.6828,-68.17641,-8.39987,5.69991,24.7996
30.12,16.60308,-16.69312,-68.1964,-17.79972,7.59988,26.19958
30.14,16.58221,-16.70029,-68.20622,-32.09949,10.49983,23.49963
30.16,16.54893,-16.70369,-68.20621,-41.99933,8.79986,24.29961
30.18,16.49883,-16.70369,-68.19613,-51.79917,5.69991,27.79956
30.2,16.42944,-16.70167,-68.17484,-47.19925,-0.1,31.2995
30.22,16.34147,-16.69929,-68.14111,-39.39937,-2.19997,33.19947
30.24,16.23798,-16.69764,-68.09518,-28.99954,-2.99995,23.39963
30.26,16.12363,-16.69716,-68.03973,-10.99983,-3.59994,14.29977
30.28,16.00466,-16.69808,-67.97831,4.99992,-3.99994,6.89989
30.3,15.88689,-16.70054,-67.91412,13.19979,-4.09993,-1.19998
30.32,15.77381,-16.70478,-67.85063,15.69975,-5.69991,-12.3998
30.34,15.66694,-16.71141,-67.7919,17.69972,-8.59986,-22.49964
30.36,15.56712,-16.72089,-67.74216,19.49969,-5.89991,-33.29947
30.38,15.47549,-16.73262,-67.70458,25.49959,-2.19997,-33.29947
30.4,15.3942,-16.74547,-67.67997,33.09947,-1.09998,-30.69951
30.42,15.32534,-16.75898,-67.6671,32.79948,-2.39996,-23.59962
30.44,15.26886,-16.77335,-67.66354,25.1996,-2.89995,-15.99974
30.46,15.2224,-16.78848,-67.66626,17.29972,0.39999,-8.09987
30.48,15.18236,-16.80362,-67.67266,4.49993,1.79997,-5.39991
30.5,15.14407,-16.81853,-67.68111,-8.49986,-1.89997,-2.49996
30.52,15.10262,-16.83393,-67.69041,-18.9997,-3.09995,1.09998
30.54,15.0542,-16.85053,-67.69919,-22.89963,-3.99994,4.59993
30.56,14.99625,-16.8688,-67.70603,-30.39952,-5.89991,8.29987
30.58,14.92714,-16.88882,-67.70953,-27.69956,-1.89997,11.29982
30.6,14.84716,-16.90949,-67.70859,-22.69964,3.09995,12.6998
30.62,14.7581,-16.92942,-67.70291,-17.39972,2.79996,9.79984
30.64,14.66207,-16.94806,-67.69334,-12.09981,4.09993,5.69991
30.66,14.5606,-16.96503,-67.68143,-12.5998,5.39991,1.49998
30.68,14.45409,-16.97975,-67.66898,-12.89979,7.49988,-4.29993
30.7,14.34293,-16.99185,-67.65809,-7.99987,5.49991,-9.29985
30.72,14.22859,-17.00201,-67.65091,-2.59996,0.79999,-14.99976
30.74,14.1133,-17.01172,-67.64958,3.89994,-2.79996,-20.09968
30.76,13.99916,-17.02222,-67.65622,6.4999,-3.29995,-25.3996
30.78,13.88725,-17.03401,-67.67293,5.49991,-3.69994,-30.59951
30.8,13.77756,-17.04733,-67.70171,4.99992,-4.79992,-34.99944
30.82,13.67005,-17.06271,-67.74418,6.3999,-7.49988,-37.09941
30.84,13.56555,-17.0813,-67.80089,12.5998,-12.4998,-33.99946
30.86,13.46599,-17.10471,-67.86991,17.89971,-15.89975,-18.9997
30.88,13.37367,-17.13387,-67.94677,24.29961,-13.39979,-7.09989
30.9,13.29106,-17.16847,-68.02612,30.69951,-11.89981,7.29988
30.92,13.21997,-17.20775,-68.1025,29.79952,-9.79984,21.39966
30.94,13.16041,-17.25057,-68.17055,25.0996,-3.99994,32.39948
30.96,13.11099,-17.29496,-68.22724,21.59966,1.79997,26.49958
30.98,13.07001,-17.33927,-68.27287,16.29974,0.99998,24.39961
31,13.03634,-17.38299,-68.30901,19.19969,1.99997,18.6997
31.02,13.01047,-17.42576,-68.33755,23.39963,4.19993,13.39979
31.04,12.994,-17.46684,-68.3607,28.19955,6.3999,7.49988
31.06,12.9885,-17.50533,-68.38065,30.09952,8.59986,2.69996
31.08,12.99378,-17.54064,-68.39885,19.59969,8.09987,3.89994
31.1,13.00703,-17.57276,-68.41527,10.59983,6.89989,6.2999
31.12,13.02395,-17.60205,-68.42966,-3.89994,6.0999,2.99995
31.14,13.0395,-17.62887,-68.44275,-16.29974,5.49991,-0.1
31.16,13.04816,-17.65347,-68.4559,-32.19949,4.89992,-4.29993
31.18,13.04538,-17.67607,-68.47043,-33.49947,4.49993,-5.9999
31.2,13.03048,-17.69697,-68.48684,-21.89965,2.89995,-3.29995
31.22,13.00634,-17.71707,-68.50456,-14.79976,-2.49996,-1.29998
31.24,12.97694,-17.73792,-68.52279,-0.99998,-5.59991,-0.1
31.26,12.94594,-17.76083,-68.54169,1.09998,-7.09989,-6.0999
31.28,12.91452,-17.7867,-68.5626,-5.29992,-9.89984,-8.59986
31.3,12.88111,-17.816,-68.58682,-10.09984,-7.69988,-10.69983
31.32,12.84388,-17.84806,-68.61522,-12.5998,-2.49996,-12.5998
31.34,12.80167,-17.88114,-68.64859,-14.29977,2.39996,-14.69977
31.36,12.75402,-17.9136,-68.68727,-12.89979,3.59994,-11.89981
31.38,12.70131,-17.9448,-68.73042,-10.39983,2.79996,-7.09989
31.4,12.6445,-17.97489,-68.77635,-7.09989,1.79997,-2.49996
31.42,12.58503,-18.00433,-68.82315,-1.79997,-0.1,2.49996
31.44,12.5248,-18.03379,-68.8693,3.29995,-2.09997,3.19995
31.46,12.46588,-18.06387,-68.91405,8.49986,-1.99997,4.19993
31.48,12.41055,-18.09461,-68.95683,15.79975,-0.69999,7.29988
31.5,12.3616,-18.12564,-68.99651,23.89962,0.2,11.29982
31.52,12.32219,-18.15713,-69.03157,31.89949,-4.39993,15.39975
31.54,12.29493,-18.19002,-69.06039,34.09945,-5.59991,19.59969
31.56,12.28084,-18.22459,-69.08122,31.79949,-1.39998,24.29961
31.58,12.27863,-18.2598,-69.09301,21.29966,1.79997,21.39966
31.6,12.28458,-18.29445,-69.09657,7.29988,3.19995,14.39977
31.62,12.29418,-18.3279,-69.09418,0.89999,3.59994,8.39987
31.64,12.30452,-18.35983,-69.08836,-1.49998,4.59993,2.19997
31.66,12.31417,-18.38978,-69.08041,-4.69992,6.89989,7.69988
31.68,12.32195,-18.41698,-69.06951,-7.49988,8.79986,11.09982
31.7,12.32654,-18.44067,-69.05379,-12.09981,10.39983,17.39972
31.72,12.32638,-18.46019,-69.03147,-15.59975,11.99981,19.19969
31.74,12.3207,-18.47519,-69.00222,-11.59982,10.49983,12.6998
31.76,12.31057,-18.48602,-68.9676,-5.59991,8.59986,8.29987
31.78,12.29808,-18.49322,-68.92989,-0.59999,8.29987,0.69999
31.8,12.28486,-18.49705,-68.8915,-0.3,8.39987,-3.79994
31.82,12.27147,-18.49768,-68.854,-0.3,6.59989,-2.79996
31.84,12.25811,-18.49614,-68.81746,1.39998,0,-1.09998
31.86,12.24544,-18.49425,-68.78208,4.59993,-3.29995,-7.39988
31.88,12.23453,-18.49316,-68.74996,7.19989,-1.59997,-17.59972
31.9,12.22636,-18.4928,-68.72454,8.59986,-0.99998,-25.1996
31.92,12.22159,-18.49301,-68.70784,9.79984,-2.29996,-19.99968
31.94,12.22086,-18.49406,-68.69926,12.3998,-2.99995,-16.99973
31.96,12.22505,-18.49593,-68.69698,14.69977,-0.1,-9.79984
31.98,12.23511,-18.49781,-68.6986,17.19973,2.89995,-3.19995
32,12.25206,-18.49865,-68.70133,19.99968,4.49993,4.19993
32.02,12.27728,-18.49807,-68.70235,25.59959,2.09997,11.09982
32.04,12.31276,-18.49658,-68.69887,31.6995,0.3,17.69972
32.06,12.36,-18.49502,-68.68941,28.69954,-2.29996,12.4998
32.08,12.41843,-18.49403,-68.67482,23.09963,-1.59997,7.69988
32.1,12.48539,-18.49369,-68.65722,10.49983,-1.09998,1.29998
32.12,12.55672,-18.49362,-68.63904,-0.1,0.79999,-5.29992
32.14,12.62896,-18.49292,-68.62249,-1.09998,5.69991,-7.79988
32.16,12.70059,-18.4899,-68.60885,-3.59994,10.79983,-9.09986
32.18,12.77083,-18.48313,-68.59881,-5.29992,9.89984,-10.89983
32.2,12.83881,-18.47257,-68.59288,-8.29987,7.19989,-10.99983
32.22,12.90406,-18.45913,-68.59125,-5.19992,4.29993,-10.89983
32.24,12.96735,-18.44388,-68.59351,-0.69999,2.09997,-7.09989
32.26,13.03033,-18.42748,-68.59829,3.69994,2.69996,-0.79999
32.28,13.09492,-18.41017,-68.60341,9.59985,1.49998,4.39993
32.3,13.16333,-18.39242,-68.60646,15.49975,-1.49998,11.79981
32.32,13.23783,-18.37522,-68.60534,20.49967,-4.19993,12.89979
32.34,13.31939,-18.35972,-68.59965,14.29977,-7.19989,7.19989
32.36,13.40658,-18.34677,-68.59086,7.29988,-7.19989,2.89995
32.38,13.49684,-18.33672,-68.58103,2.09997,-7.59988,-3.49994
32.4,13.58801,-18.3295,-68.5725,-2.19997,-6.0999,-9.69985
32.42,13.67824,-18.32447,-68.5676,-6.99989,-2.19997,-14.29977
32.44,13.76582,-18.3203,-68.56782,-9.99984,1.59997,-13.69978
32.46,13.84993,-18.31543,-68.57355,-7.49988,5.79991,-14.29977
32.48,13.93099,-18.3083,-68.58477,-5.39991,9.29985,-13.49979
32.5,14.00991,-18.29784,-68.60121,-2.89995,8.59986,-11.69981
32.52,14.08753,-18.28391,-68.62164,-1.49998,8.09987,-3.79994
32.54,14.16455,-18.26679,-68.6437,0,6.89989,2.09997
32.56,14.24139,-18.24686,-68.66454,-0.1,5.89991,10.89983
32.58,14.31812,-18.22459,-68.68176,-0.59999,4.59993,11.49982
32.6,14.3946,-18.20027,-68.69493,-1.09998,5.19992,5.79991
32.62,14.47068,-18.17372,-68.70551,-0.99998,7.09989,1.89997
32.64,14.5464,-18.1444,-68.71551,-0.3,8.09987,-4.69992
32.66,14.62195,-18.11196,-68.72676,0.1,7.69988,-5.79991
32.68,14.69763,-18.07637,-68.74023,1.59997,7.79988,-6.69989
32.7,14.77415,-18.03774,-68.75624,5.29992,6.89989,-7.19989
32.72,14.85274,-17.99606,-68.775,8.59986,8.69986,-7.09989
32.74,14.93481,-17.95094,-68.79634,12.5998,9.89984,-5.29992
32.76,15.02178,-17.90221,-68.81964,15.39975,7.39988,-2.79996
32.78,15.11438,-17.85024,-68.84448,13.09979,7.59988,-5.29992
32.8,15.21215,-17.79529,-68.87161,10.19984,6.89989,-10.39983
32.82,15.3138,-17.73775,-68.90274,5.59991,4.39993,-14.69977
32.84,15.41764,-17.67838,-68.93974,0.59999,2.29996,-19.79968
32.86,15.52173,-17.61815,-68.98362,-3.99994,-0.49999,-15.39975
32.88,15.62409,-17.55778,-69.03372,-9.79984,-0.2,-12.3998
32.9,15.7231,-17.49712,-69.08848,-9.59985,3.69994,-7.19989
32.92,15.81874,-17.43534,-69.14627,-4.59993,3.79994,-4.39993
32.94,15.91241,-17.37203,-69.20593,-0.69999,3.79994,-3.49994
32.96,16.00576,-17.30716,-69.26689,3.09995,3.89994,-2.49996
32.98,16.1001,-17.24065,-69.32866,4.49993,4.69992,-0.49999
33,16.19631,-17.17238,-69.39044,6.79989,4.09993,2.59996
33.02,16.29483,-17.10256,-69.45125,5.19992,2.39996,4.19993
33.04,16.3955,-17.03175,-69.51036,4.49993,0.79999,4.99992
33.06,16.49775,-16.96057,-69.56722,1.79997,-0.39999,7.59988
33.08,16.60077,-16.88925,-69.62082,-0.2,1.09998,11.49982
33.1,16.70362,-16.81751,-69.66967,-2.89995,2.19997,15.99974
33.12,16.80557,-16.74481,-69.71272,-2.79996,3.89994,13.69978
33.14,16.90649,-16.67082,-69.75056,-1.69997,2.79996,7.79988
33.16,17.0067,-16.5957,-69.7851,-0.59999,1.49998,2.89995
33.18,17.10655,-16.52003,-69.81855,-0.49999,-0.39999,-3.49994
33.2,17.20606,-16.44434,-69.85283,-1.69997,-0.79999,-5.19992
33.22,17.30493,-16.36885,-69.88925,-2.19997,-0.1,-8.19987
33.24,17.40282,-16.29336,-69.92891,-3.59994,0.69999,-11.79981
33.26,17.49942,-16.21777,-69.97301,-3.19995,-0.39999,-13.29979
33.28,17.59494,-16.14248,-70.02208,-0.69999,-3.09995,-12.2998
33.3,17.69012,-16.06833,-70.07612,1.39998,-5.09992,-12.5998
33.32,17.78589,-15.99599,-70.13517,4.09993,-4.89992,-13.39979
33.34,17.88326,-15.92556,-70.1992,6.4999,-4.39993,-11.29982
33.36,17.98295,-15.85686,-70.26733,6.2999,-3.79994,-5.79991
33.38,18.08505,-15.78964,-70.33779,5.19992,-2.99995,-1.29998
33.4,18.18886,-15.72374,-70.40854,0.59999,-3.59994,4.59993
33.42,18.29284,-15.65929,-70.47743,-4.49993,-4.49993,9.89984
33.44,18.3952,-15.5966,-70.5422,-7.59988,-5.19992,15.99974
33.46,18.49493,-15.53576,-70.60065,-6.3999,-3.79994,20.39967
33.48,18.59195,-15.47639,-70.651,-6.4999,-1.99997,23.29963
33.5,18.68594,-15.41779,-70.69215,-10.69983,-0.2,24.19962
33.52,18.77551,-15.35922,-70.72395,-16.09974,1.89997,20.99967
33.54,18.85904,-15.30012,-70.74736,-17.39972,1.59997,16.79973
33.56,18.93628,-15.24047,-70.76403,-11.69981,0.1,11.89981
33.58,19.00873,-15.18075,-70.77585,-6.99989,-1.19998,7.09989
33.6,19.07822,-15.12153,-70.78448,-3.59994,-2.99995,4.89992
33.62,19.14603,-15.06347,-70.79104,-2.49996,-4.49993,2.99995
33.64,19.21293,-15.00719,-70.79601,-0.2,-6.0999,4.19993
33.66,19.27957,-14.95312,-70.79913,0.39999,-5.49991,6.0999
33.68,19.34661,-14.90114,-70.80001,3.59994,-3.99994,5.29992
33.7,19.4152,-14.85076,-70.79896,8.19987,-2.69996,1.69997
33.72,19.48693,-14.80143,-70.79706,11.49982,-1.29998,-1.09998
33.74,19.56246,-14.75279,-70.79565,6.99989,-1.89997,-5.19992
33.76,19.6409,-14.70487,-70.79619,3.79994,-2.19997,-8.89986
33.78,19.72068,-14.65786,-70.80008,-0.99998,-2.99995,-11.29982
33.8,19.80037,-14.61196,-70.80795,-2.49996,-2.99995,-9.19985
33.82,19.8791,-14.56707,-70.81915,-3.39995,-1.39998,-4.49993
33.84,19.95647,-14.52275,-70.83199,-4.09993,-0.1,1.09998
33.86,20.03221,-14.47874,-70.84428,-4.49993,-1.69997,6.79989
33.88,20.10598,-14.43536,-70.85381,-6.4999,-2.99995,12.09981
33.9,20.17677,-14.3932,-70.85945,-11.99981,-4.59993,7.09989
33.92,20.24332,-14.35254,-70.86198,-11.69981,-3.09995,3.89994
33.94,20.30524,-14.31304,-70.86305,-10.79983,-0.99998,-1.19998
33.96,20.36282,-14.27395,-70.86412,-9.79984,0.89999,-2.29996
33.98,20.41654,-14.23488,-70.86591,-8.09987,-1.29998,-2.19997
34,20.46687,-14.19645,-70.86829,-7.59988,-4.79992,-0.1
34.02,20.51376,-14.15964,-70.87057,-10.99983,-5.49991,2.49996
34.04,20.55629,-14.12482,-70.87188,-13.79978,-4.39993,3.99994
34.06,20.59327,-14.09178,-70.87215,-16.59974,-3.59994,-0.89999
34.08,20.6241,-14.0602,-70.87256,-14.39977,-3.19995,-4.49993
34.1,20.64907,-14.03024,-70.87485,-12.99979,-6.3999,-9.79984
34.12,20.66887,-14.0026,-70.88095,-11.09982,-7.39988,-14.79976
34.14,20.68405,-13.97775,-70.89284,-10.79983,-6.89989,-19.39969
34.16,20.69496,-13.95565,-70.91166,-9.79984,-6.4999,-16.49974
34.18,20.70183,-13.93609,-70.93707,-9.79984,-5.69991,-14.39977
34.2,20.70512,-13.91876,-70.96804,-6.2999,-4.59993,-11.09982
34.22,20.70612,-13.90322,-71.00343,-0.2,-3.19995,-8.49986
34.24,20.70697,-13.88895,-71.04212,5.39991,-1.89997,-5.69991
34.26,20.70997,-13.8754,-71.08294,10.99983,-0.39999,-2.29996
34.28,20.7172,-13.86218,-71.12455,15.19976,-0.69999,1.59997
34.3,20.73052,-13.84932,-71.16544,19.69969,-2.09997,5.39991
34.32,20.75099,-13.83725,-71.20414,16.99973,-3.19995,8.59986
34.34,20.7782,-13.82649,-71.23951,13.99978,-4.69992,9.89984
34.36,20.81093,-13.81757,-71.27078,10.29984,-6.0999,11.79981
34.38,20.84774,-13.81107,-71.29731,6.3999,-7.39988,12.99979
34.4,20.88693,-13.80728,-71.31848,0.99998,-6.3999,14.89976
34.42,20.92628,-13.80602,-71.33388,-6.69989,-5.39991,14.09978
34.44,20.96332,-13.80691,-71.34388,-10.49983,-4.39993,10.09984
34.46,20.99635,-13.80964,-71.34973,-12.19981,-4.39993,6.2999
34.48,21.02448,-13.81412,-71.35307,-13.79978,-4.49993,1.49998
34.5,21.04696,-13.82037,-71.35563,-16.59974,-4.59993,-2.29996
34.52,21.06257,-13.82831,-71.3589,-21.49966,-3.29995,-4.79992
34.54,21.06952,-13.83753,-71.36402,-26.89957,-1.79997,-7.49988
34.56,21.06617,-13.8476,-71.37201,-27.39956,-1.79997,-9.79984
34.58,21.05246,-13.85841,-71.3837,-21.69965,-2.19997,-10.69983
34.6,21.02987,-13.87008,-71.39953,-17.79972,-2.59996,-11.09982
34.62,21.00038,-13.8828,-71.41938,-11.59982,-3.19995,-8.09987
34.64,20.96615,-13.89665,-71.44204,-6.0999,-2.59996,-1.69997
34.66,20.92953,-13.9115,-71.4653,0,-1.79997,4.69992
34.68,20.89281,-13.92705,-71.48681,5.39991,-0.99998,8.89986
34.7,20.85815,-13.94298,-71.50511,9.89984,-0.1,8.79986
34.72,20.82742,-13.95911,-71.51992,14.39977,-1.09998,7.49988
34.74,20.80242,-13.97573,-71.53174,18.6997,-2.69996,5.29992
34.76,20.7849,-13.99341,-71.54113,23.19963,-4.39993,5.29992
34.78,20.77648,-14.01278,-71.54813,26.19958,-5.49991,7.19989
34.8,20.77816,-14.03419,-71.5527,25.49959,-5.19992,3.69994
34.82,20.78981,-14.05766,-71.55565,22.69964,-4.99992,0.69999
34.84,20.81024,-14.0831,-71.5582,17.09973,-4.59993,-1.89997
34.86,20.83761,-14.11035,-71.56132,12.6998,-4.09993,-3.39995
34.88,20.86975,-14.13902,-71.56577,5.39991,-1.59997,-5.49991
34.9,20.90375,-14.16819,-71.57232,-4.69992,1.99997,-7.49988
34.92,20.93584,-14.1968,-71.58163,-14.89976,3.09995,-7.89987
34.94,20.96236,-14.22428,-71.5937,-20.99967,2.89995,-5.09992
34.96,20.98063,-14.25056,-71.60794,-25.3996,2.99995,-4.49993
34.98,20.98918,-14.27566,-71.62395,-25.1996,2.59996,-4.49993
35,20.98769,-14.29968,-71.64175,-24.49961,2.39996,-5.19992
35.02,20.97649,-14.32273,-71.66112,-22.59964,2.09997,-1.59997
35.04,20.95651,-14.34492,-71.68067,-17.89971,1.79997,5.59991
35.06,20.92932,-14.36634,-71.69844,-13.59978,1.89997,7.49988
35.08,20.89678,-14.38683,-71.71316,-8.19987,3.39995,8.89986
35.1,20.86107,-14.40607,-71.72425,-1.39998,3.59994,10.29984
35.12,20.82469,-14.42396,-71.73121,4.39993,2.79996,10.89983
35.14,20.78992,-14.4407,-71.73369,8.89986,2.09997,11.79981
35.16,20.75831,-14.4566,-71.73168,9.69985,1.09998,9.59985
35.18,20.73052,-14.47203,-71.72582,9.99984,0.3,6.59989
35.2,20.70668,-14.48734,-71.71722,9.99984,-0.69999,3.69994
35.22,20.68686,-14.50284,-71.70706,10.39983,-1.09998,0.89999
35.24,20.67146,-14.51869,-71.696,13.59978,-0.69999,2.49996
35.26,20.66101,-14.53482,-71.68394,12.09981,-0.49999,3.29995
35.28,20.65532,-14.55111,-71.67036,9.99984,-0.1,5.29992
35.3,20.65354,-14.56742,-71.65466,7.19989,0.3,6.3999
35.32,20.65437,-14.58365,-71.63639,1.89997,0.1,6.79989
35.34,20.65601,-14.59984,-71.6155,-2.79996,-0.3,5.29992
35.36,20.65642,-14.61614,-71.59284,-8.29987,-0.79999,-0.59999
35.38,20.65356,-14.63273,-71.5703,-13.09979,-1.19998,-6.0999
35.4,20.64534,-14.64981,-71.55,-18.9997,-1.79997,-10.39983
35.42,20.63004,-14.6675,-71.53333,-19.39969,-1.59997,-10.29984
35.44,20.60756,-14.68576,-71.52048,-13.89978,-0.89999,-8.09987
35.46,20.57933,-14.70438,-71.51054,-9.99984,-0.3,-3.39995
35.48,20.54726,-14.72307,-71.50192,-4.39993,0.49999,0.89999
35.5,20.51285,-14.74156,-71.49278,-4.39993,1.19998,5.89991
35.52,20.47669,-14.75958,-71.4813,-3.99994,1.49998,9.79984
35.54,20.43883,-14.7771,-71.46615,-4.49993,0.69999,10.39983
35.56,20.39916,-14.79428,-71.44696,-4.89992,0.3,8.89986
35.58,20.35765,-14.8112,-71.42434,-3.89994,0.99998,5.29992
35.6,20.31464,-14.82767,-71.39935,-2.09997,2.09997,3.29995
35.62,20.27058,-14.84345,-71.37279,-2.19997,1.49998,2.99995
35.64,20.22569,-14.8588,-71.34496,-1.59997,-0.99998,2.49996
35.66,20.18008,-14.87453,-71.31603,-1.59997,-3.49994,2.19997
35.68,20.13385,-14.8915,-71.28646,-1.19998,-4.59993,-1.39998
35.7,20.08708,-14.91003,-71.25733,-1.19998,-3.09995,-4.59993
35.72,20.04022,-14.92985,-71.23,2.79996,-2.29996,-8.29987
35.74,19.99445,-14.95047,-71.20594,6.79989,-0.49999,-12.2998
35.76,19.95146,-14.97147,-71.1865,11.49982,-0.69999,-14.19977
35.78,19.91238,-14.99272,-71.172,9.59985,-0.69999,-9.49985
35.8,19.87691,-15.01397,-71.16135,5.59991,1.79997,-6.1999
35.82,19.84368,-15.03469,-71.1529,1.69997,2.19997,-0.99998
35.84,19.81102,-15.05436,-71.145,-3.09995,4.19993,1.89997
35.86,19.7771,-15.07234,-71.13645,-7.79988,5.9999,2.89995
35.88,19.74038,-15.0879,-71.1266,-9.19985,7.89987,4.39993
35.9,19.7001,-15.10028,-71.11499,-9.19985,9.69985,4.99992
35.92,19.65609,-15.10899,-71.10124,-9.49985,9.29985,6.1999
35.94,19.60831,-15.11406,-71.0851,-9.19985,7.89987,5.69991
35.96,19.55687,-15.11594,-71.06672,-8.59986,6.59989,3.89994
35.98,19.50225,-15.11518,-71.04677,-5.19992,4.99992,1.29998
36,19.44549,-15.11239,-71.02632,-2.19997,3.59994,-2.29996
36.02,19.38789,-15.10815,-71.00667,1.39998,2.09997,-5.59991
36.04,19.33072,-15.10295,-70.98923,3.79994,1.59997,-9.39985
36.06,19.27476,-15.09712,-70.97535,3.39995,0.79999,-12.09981
36.08,19.22018,-15.09092,-70.96579,3.39995,0.3,-10.39983
36.1,19.16689,-15.0846,-70.96028,2.89995,-0.3,-8.49986
36.12,19.11491,-15.07827,-70.95769,3.99994,0.1,-2.59996
36.14,19.06453,-15.07184,-70.9561,5.39991,0.89999,2.79996
36.16,19.01629,-15.06503,-70.95323,6.69989,1.69997,8.99986
36.18,18.97075,-15.05758,-70.94677,8.49986,1.99997,14.19977
36.2,18.92844,-15.04942,-70.93484,8.69986,1.09998,16.49974
36.22,18.88946,-15.04076,-70.91646,7.69988,0.69999,16.39974
36.24,18.85358,-15.03186,-70.89163,6.99989,-0.39999,14.29977
36.26,18.82046,-15.02294,-70.86097,6.0999,0.2,12.4998
36.28,18.78998,-15.01377,-70.82531,7.49988,2.19997,9.89984
36.3,18.76247,-15.00375,-70.78564,8.69986,3.79994,6.89989
36.32,18.73845,-14.99234,-70.74327,10.19984,3.89994,2.49996
36.34,18.71843,-14.97937,-70.69974,11.09982,3.79994,-1.19998
36.36,18.70253,-14.96486,-70.65659,8.99986,3.69994,-4.79992
36.38,18.69027,-14.94888,-70.61467,7.49988,3.29995,-2.29996
36.4,18.68092,-14.93151,-70.57376,5.29992,3.39995,-1.49998
36.42,18.67398,-14.91272,-70.5334,6.1999,3.89994,-1.09998
36.44,18.66958,-14.89234,-70.49333,7.89987,4.49993,-0.1
36.46,18.66833,-14.87017,-70.45326,9.69985,4.79992,0.49999
36.48,18.67098,-14.8462,-70.41297,11.79981,3.69994,0.39999
36.5,18.67828,-14.82072,-70.37254,13.49979,2.69996,-0.69999
36.52,18.69049,-14.79418,-70.33225,10.49983,1.39998,-1.19998
36.54,18.7069,-14.76704,-70.29216,7.69988,0.2,0.1
36.56,18.72633,-14.73981,-70.25198,4.39993,-1.09998,1.19998
36.58,18.7475,-14.71297,-70.21119,1.19998,-1.99997,2.59996
36.6,18.76913,-14.68679,-70.16933,-2.09997,-1.79997,3.59994
36.62,18.79001,-14.66134,-70.12614,-4.19993,-1.79997,2.49996
36.64,18.80915,-14.63656,-70.08192,-6.79989,-1.49998,0.99998
36.66,18.82562,-14.61236,-70.03724,-8.69986,-1.29998,-0.89999
36.68,18.83844,-14.58867,-69.99286,-11.99981,-1.09998,-2.89995
36.7,18.84639,-14.56549,-69.94955,-15.89975,-1.79997,-4.99992
36.72,18.84796,-14.54305,-69.90812,-19.79968,-2.89995,-6.69989
36.74,18.84163,-14.52174,-69.86916,-23.29963,-3.89994,-7.09989
36.76,18.82606,-14.50198,-69.83293,-25.79959,-4.99992,-7.29988
36.78,18.80028,-14.4842,-69.79946,-26.99957,-6.0999,-6.69989
36.8,18.76372,-14.46885,-69.76861,-27.79956,-7.29988,-6.3999
36.82,18.71601,-14.45637,-69.74019,-28.69954,-8.19987,-5.69991
36.84,18.65699,-14.44702,-69.71405,-27.79956,-7.79988,-5.79991
36.86,18.58681,-14.44076,-69.6903,-26.99957,-7.29988,-7.49988
36.88,18.50585,-14.43739,-69.66943,-25.79959,-6.69989,-8.79986
36.9,18.41451,-14.43668,-69.65205,-25.0996,-5.9999,-10.59983
36.92,18.31335,-14.43834,-69.63876,-21.89965,-5.29992,-11.79981
36.94,18.20356,-14.442,-69.62994,-17.29972,-3.59994,-11.39982
36.96,18.08681,-14.44703,-69.62553,-12.89979,-1.29998,-10.29984
36.98,17.96464,-14.45268,-69.62513,-10.89983,-0.3,-8.99986
37,17.83792,-14.45863,-69.62824,-10.49983,-1.19998,-7.59988
37.02,17.70705,-14.46501,-69.63433,-9.49985,-1.89997,-6.4999
37.04,17.5723,-14.47218,-69.64312,-9.09986,-2.99995,-7.19989
37.06,17.43404,-14.48053,-69.65473,-7.19989,-4.09993,-8.19987
37.08,17.29282,-14.49041,-69.66956,-5.89991,-4.29993,-9.39985
37.1,17.14928,-14.50182,-69.68807,-3.99994,-2.89995,-10.69983
37.12,17.0041,-14.51453,-69.71078,-2.29996,-2.99995,-12.09981
37.14,16.85823,-14.5284,-69.73821,1.79997,-2.89995,-13.09979
37.16,16.71281,-14.54344,-69.77063,3.49994,-3.09995,-12.3998
37.18,16.56867,-14.55961,-69.80794,4.19993,-2.39996,-11.89981
37.2,16.42619,-14.57666,-69.84989,4.79992,-1.09998,-11.09982
37.22,16.28549,-14.59414,-69.89621,4.29993,0.1,-10.39983
37.24,16.14654,-14.61156,-69.94645,4.29993,1.39998,-8.09987
37.26,16.00925,-14.62839,-69.99969,3.79994,2.69996,-4.29993
37.28,15.87348,-14.64412,-70.05461,3.59994,3.99994,-0.99998
37.3,15.73912,-14.65829,-70.10936,3.19995,4.69992,7.19989
37.32,15.60621,-14.67062,-70.16149,4.69992,4.89992,11.89981
37.34,15.47516,-14.68095,-70.20908,6.2999,5.19992,13.59978
37.36,15.34668,-14.68921,-70.25134,8.49986,5.29992,13.29979
37.38,15.22161,-14.69531,-70.28829,10.99983,5.49991,12.09981
37.4,15.10091,-14.69922,-70.32031,13.39979,5.49991,10.89983
37.42,14.98557,-14.70098,-70.34794,15.99974,4.79992,9.19985
37.44,14.87656,-14.70081,-70.3718,18.09971,3.89994,7.49988
37.46,14.77448,-14.69907,-70.39276,17.29972,2.99995,3.99994
37.48,14.67933,-14.69611,-70.41194,16.79973,2.09997,1.39998
37.5,14.59084,-14.6923,-70.43061,15.89975,1.09998,-2.49996
37.52,14.50866,-14.68802,-70.44968,14.69977,0.2,-1.29998
37.54,14.43207,-14.68362,-70.46883,10.79983,-0.49999,3.49994
37.56,14.35977,-14.67935,-70.48663,6.79989,-0.69999,6.89989
37.58,14.29021,-14.67535,-70.50136,3.19995,-0.99998,12.5998
37.6,14.22205,-14.67172,-70.51134,0.89999,-1.19998,14.49977
37.62,14.15455,-14.66857,-70.51594,1.89997,-1.49998,11.29982
37.64,14.08779,-14.66595,-70.51583,2.79996,-1.39998,9.19985
37.66,14.02215,-14.66388,-70.51189,3.99994,-1.39998,7.79988
37.68,13.95811,-14.66235,-70.50475,5.39991,-1.29998,6.2999
37.7,13.89623,-14.66131,-70.49494,6.89989,-1.19998,5.49991
37.72,13.8372,-14.66075,-70.48257,9.49985,-1.19998,7.39988
37.74,13.7819,-14.66064,-70.46721,11.69981,-1.19998,8.69986
37.76,13.73131,-14.66103,-70.44823,14.29977,-1.49998,10.59983
37.78,13.68616,-14.66198,-70.4251,14.29977,-1.69997,10.69983
37.8,13.64652,-14.66363,-70.39766,12.4998,-2.19997,10.29984
37.82,13.61202,-14.66604,-70.36595,12.19981,-1.69997,10.59983
37.84,13.58243,-14.66904,-70.32985,12.3998,-0.49999,11.49982
37.86,13.55778,-14.67222,-70.28909,12.5998,0.59999,12.09981
37.88,13.53817,-14.67527,-70.24342,12.99979,0.49999,12.5998
37.9,13.52373,-14.67815,-70.19278,13.29979,-0.1,11.49982
37.92,13.51429,-14.68104,-70.13747,10.59983,-0.59999,10.29984
37.94,13.50907,-14.68417,-70.07808,7.89987,-1.29998,7.89987
37.96,13.50693,-14.68781,-70.0154,4.59993,-1.99997,5.79991
37.98,13.50669,-14.69218,-69.95036,1.99997,-2.29996,3.39995
38,13.50733,-14.69736,-69.88388,0.49999,-1.69997,0.89999
38.02,13.50814,-14.70321,-69.81686,-1.09998,-1.19998,-0.69999
38.04,13.50851,-14.70951,-69.74954,-2.49996,-0.49999,2.69996
38.06,13.50815,-14.71599,-69.68102,-1.09998,0.1,6.3999
38.08,13.50747,-14.7224,-69.60976,1.79997,0.79999,10.99983
38.1,13.50746,-14.72858,-69.53404,4.29993,0.49999,15.49975
38.12,13.50922,-14.73455,-69.45254,7.59988,0.1,14.79976
38.14,13.51395,-14.74045,-69.36512,10.29984,-0.3,13.39979
38.16,13.52281,-14.74646,-69.27225,13.29979,-0.69999,11.89981
38.18,13.53634,-14.75263,-69.17462,10.09984,-0.1,9.59985
38.2,13.55383,-14.7588,-69.07303,6.1999,0.59999,7.69988
38.22,13.57373,-14.76471,-68.96829,1.79997,1.39998,5.59991
38.24,13.59432,-14.77004,-68.86099,-2.69996,2.19997,5.89991
38.26,13.61373,-14.77446,-68.75123,-7.99987,3.09995,6.2999
38.28,13.63036,-14.77763,-68.63885,-8.89986,3.89994,6.79989
38.3,13.64385,-14.77921,-68.52364,-5.39991,4.79992,7.59988
38.32,13.65505,-14.77892,-68.40533,-2.99995,4.99992,8.19987
38.34,13.66515,-14.77669,-68.28362,0.59999,4.39993,9.09986
38.36,13.67517,-14.77273,-68.15828,1.19998,3.29995,8.99986
38.38,13.68569,-14.76753,-68.02957,2.19997,1.29998,5.79991
38.4,13.69702,-14.76177,-67.89843,2.69996,-0.59999,2.89995
38.42,13.70942,-14.75623,-67.76594,3.19995,-2.49996,0.99998
38.44,13.72318,-14.75156,-67.63284,4.79992,-3.19995,0.3
38.46,13.7389,-14.74813,-67.49963,6.89989,-3.79994,-1.29998
38.48,13.75734,-14.74621,-67.36678,8.89986,-4.39993,-2.09997
38.5,13.77936,-14.7459,-67.23473,11.19982,-3.79994,-3.49994
38.52,13.80581,-14.74697,-67.10385,13.29979,-1.89997,-3.29995
38.54,13.83743,-14.74882,-66.97401,13.99978,-0.39999,-1.19998
38.56,13.87453,-14.75088,-66.84461,13.69978,0.3,0.39999
38.58,13.91714,-14.75283,-66.71508,13.99978,0.79999,0.89999
38.6,13.96526,-14.75443,-66.58507,13.49979,1.39998,1.69997
38.62,14.01885,-14.75547,-66.45444,13.89978,1.79997,1.09998
38.64,14.07757,-14.75577,-66.32337,10.19984,2.19997,-0.39999
38.66,14.13999,-14.75525,-66.19234,2.99995,1.79997,-1.59997
38.68,14.2037,-14.75399,-66.06193,-3.19995,1.39998,-3.29995
38.7,14.26642,-14.75216,-65.93272,-6.2999,0.89999,-4.79992
38.72,14.32669,-14.74987,-65.80537,-8.49986,1.19998,-6.4999
38.74,14.3835,-14.74704,-65.68036,-11.19982,1.99997,-6.3999
38.76,14.43562,-14.74347,-65.55768,-15.69975,1.89997,-4.89992
38.78,14.48149,-14.73917,-65.43689,-19.69969,1.29998,-3.49994
38.8,14.51995,-14.73433,-65.31709,-18.7997,0.79999,1.09998
38.82,14.55085,-14.72916,-65.19705,-18.19971,0.1,2.79996
38.84,14.5745,-14.72387,-65.07574,-16.99973,0,5.19992
38.86,14.59136,-14.71854,-64.95248,-15.59975,0.2,5.39991
38.88,14.60195,-14.71312,-64.8271,-14.19977,0.3,4.39993
38.9,14.60684,-14.70767,-64.69988,-12.89979,-0.79999,3.39995
38.92,14.60645,-14.70255,-64.57114,-12.4998,-2.09997,3.09995
38.94,14.60106,-14.69825,-64.44099,-11.99981,-3.39995,3.59994
38.96,14.59084,-14.69513,-64.30936,-11.59982,-3.09995,3.69994
38.98,14.57594,-14.69318,-64.17629,-11.39982,-2.39996,2.49996
39,14.55652,-14.69218,-64.04217,-10.59983,-1.69997,0.99998
39.02,14.53318,-14.69182,-63.90754,-6.3999,-0.79999,-0.3
39.04,14.50727,-14.69184,-63.77291,-2.09997,-0.69999,-1.19998
39.06,14.4803,-14.69215,-63.63865,0.2,-0.89999,-1.89997
39.08,14.4531,-14.69279,-63.50527,-0.39999,-0.89999,-4.59993
39.1,14.42578,-14.69371,-63.37373,-0.39999,-0.39999,-8.19987
39.12,14.39818,-14.69477,-63.24529,-1.39998,0.1,-10.79983
39.14,14.37006,-14.69579,-63.12075,-1.89997,0.39999,-10.09984
39.16,14.34131,-14.69673,-63.00001,-0.79999,-0.2,-7.79988
39.18,14.3123,-14.69772,-62.88228,1.09998,-0.79999,-5.29992
39.2,14.28369,-14.69904,-62.76653,2.69996,-1.59997,-2.19997
39.22,14.2562,-14.7009,-62.65159,4.99992,-1.69997,0.69999
39.24,14.2305,-14.70339,-62.53632,5.29992,-1.39998,3.19995
39.26,14.20676,-14.70641,-62.41988,4.19993,-1.09998,3.79994
39.28,14.18466,-14.70986,-62.30199,2.99995,-0.79999,2.89995
39.3,14.16368,-14.71374,-62.18282,1.09998,-1.79997,2.29996
39.32,14.14315,-14.7183,-62.06269,-0.49999,-2.69996,1.19998
39.34,14.12237,-14.72394,-61.94181,-2.39996,-3.69994,1.99997
39.36,14.10083,-14.73104,-61.81997,-1.99997,-4.69992,3.49994
39.38,14.07857,-14.74,-61.69688,-0.69999,-5.69991,2.69996
39.4,14.05599,-14.751,-61.57269,0.39999,-4.49993,1.29998
39.42,14.03359,-14.76385,-61.44786,1.89997,-3.99994,0.2
39.44,14.01193,-14.77843,-61.32294,3.29995,-4.99992,-1.69997
39.46,13.99157,-14.79502,-61.19851,4.79992,-6.2999,-2.49996
39.48,13.97305,-14.81372,-61.07486,5.69991,-3.69994,-1.99997
39.5,13.95678,-14.83384,-60.95194,6.4999,-0.59999,-1.59997
39.52,13.9431,-14.85446,-60.82955,7.39988,-0.39999,-0.99998
39.54,13.93235,-14.87513,-60.70746,8.09987,0.69999,-0.2
39.56,13.92484,-14.89559,-60.58552,9.09986,0.99998,-0.99998
39.58,13.92121,-14.9156,-60.46396,12.6998,1.49998,-2.39996
39.6,13.92271,-14.93508,-60.34328,16.89973,1.09998,-3.89994
39.62,13.93027,-14.95412,-60.22403,14.39977,0.59999,-4.99992
39.64,13.94344,-14.9729,-60.10657,10.49983,0.1,-4.69992
39.66,13.96083,-14.99162,-59.99067,6.99989,-0.49999,-2.19997
39.68,13.98099,-15.01047,-59.87543,3.49994,-0.49999,1.69997
39.7,14.00256,-15.02942,-59.75946,0.2,0.3,5.29992
39.72,14.02418,-15.04825,-59.64121,-3.19995,0.89999,9.59985
39.74,14.04452,-15.06666,-59.5191,-6.3999,1.79997,13.19979
39.76,14.06228,-15.08436,-59.39185,-9.49985,2.49996,14.59977
39.78,14.07658,-15.1011,-59.25898,-9.09986,2.59996,12.99979
39.8,14.08726,-15.11681,-59.12087,-8.29987,2.39996,10.89983
39.82,14.09462,-15.13155,-58.97836,-7.29988,2.19997,8.29987
39.84,14.09916,-15.14539,-58.83239,-5.09992,1.89997,6.2999
39.86,14.10164,-15.15845,-58.68353,-2.99995,1.59997,7.09989
39.88,14.10294,-15.17085,-58.5318,-0.39999,1.29998,7.39988
39.9,14.10417,-15.1827,-58.37701,3.29995,1.09998,7.89987
39.92,14.10652,-15.19402,-58.21936,5.19992,1.69997,4.49993
39.94,14.11067,-15.2046,-58.05977,4.39993,2.59996,1.59997
39.96,14.11659,-15.21428,-57.89951,3.99994,1.99997,-1.79997
39.98,14.12404,-15.22313,-57.73992,2.99995,1.39998,-5.59991
40,14.13266,-15.23143,-57.58231,1.99997,0.59999,-7.59988
40.02,14.14207,-15.23943,-57.42746,0.99998,0.1,-7.69988
40.04,14.15186,-15.24721,-57.27566,0.1,1.29998,-8.29987
40.06,14.16166,-15.2546,-57.12701,-0.99998,0.99998,-8.09987
40.08,14.17111,-15.26167,-56.98149,-1.39998,-0.3,-7.59988
40.1,14.18018,-15.26884,-56.83893,0.2,-1.59997,-7.19989
40.12,14.18928,-15.2765,-56.69934,1.59997,-1.69997,-8.49986
40.14,14.19901,-15.2846,-56.563,2.99995,0.49999,-9.19985
40.16,14.20971,-15.29252,-56.43032,2.29996,2.29996,-10.59983
40.18,14.22131,-15.29952,-56.30176,1.59997,3.89994,-11.59982
40.2,14.2336,-15.30519,-56.17778,1.59997,3.09995,-12.7998
40.22,14.24661,-15.30942,-56.05882,2.59996,3.99994,-13.89978
40.24,14.2606,-15.31192,-55.94527,3.19995,5.9999,-14.39977
40.26,14.27593,-15.31203,-55.83722,4.49993,7.69988,-13.09979
40.28,14.29291,-15.30935,-55.73437,4.59993,6.3999,-12.19981
40.3,14.31145,-15.30406,-55.63624,2.09997,5.29992,-10.69983
40.32,14.33083,-15.29669,-55.54242,-0.3,3.69994,-10.19984
40.34,14.35003,-15.28766,-55.45281,-2.99995,3.59994,-11.89981
40.36,14.36798,-15.27714,-55.36785,-5.9999,3.89994,-13.39979
40.38,14.38355,-15.26503,-55.28821,-8.69986,4.19993,-15.29976
40.4,14.39559,-15.25124,-55.2146,-11.59982,4.39993,-17.19973
40.42,14.40336,-15.2357,-55.14758,-10.69983,4.29993,-16.99973
40.44,14.40687,-15.21841,-55.08716,-9.39985,4.19993,-15.69975
40.46,14.40663,-15.19943,-55.03275,-7.79988,4.09993,-12.5998
40.48,14.40318,-15.17884,-54.98329,-6.79989,3.49994,-9.39985
40.5,14.39695,-15.15687,-54.93749,-6.2999,2.49996,-5.9999
40.52,14.38819,-15.13388,-54.89407,-5.69991,1.49998,-3.29995
40.54,14.37714,-15.11017,-54.85185,-4.99992,1.49998,-0.2
40.56,14.36409,-15.08581,-54.80971,-4.09993,1.79997,1.99997
40.58,14.34937,-15.06073,-54.76684,-3.29995,1.99997,2.59996
40.6,14.33332,-15.03482,-54.72295,-2.39996,2.19997,2.19997
40.62,14.31631,-15.00809,-54.67811,-1.39998,1.59997,1.59997
40.64,14.2987,-14.9807,-54.63257,-0.49999,1.09998,0.79999
40.66,14.28087,-14.95285,-54.58669,0.39999,0.49999,-0.59999
40.68,14.26318,-14.92476,-54.54107,1.29998,0.1,-3.09995
40.7,14.24599,-14.89653,-54.49658,2.09997,0.59999,-5.39991
40.72,14.22933,-14.86804,-54.45411,0.1,1.09998,-7.09989
40.74,14.21271,-14.83907,-54.4141,-1.79997,1.69997,-5.89991
40.76,14.19531,-14.8094,-54.37638,-3.99994,2.39996,-4.79992
40.78,14.17628,-14.77877,-54.3404,-6.3999,2.89995,-2.79996
40.8,14.15468,-14.74693,-54.30548,-8.69986,3.59994,-0.99998
40.82,14.12957,-14.71373,-54.2708,-10.99983,3.39995,1.49998
40.84,14.10009,-14.67919,-54.23547,-12.89979,2.79996,3.69994
40.86,14.0654,-14.64351,-54.19856,-15.09976,2.19997,5.9999
40.88,14.02473,-14.6069,-54.15942,-16.49974,1.89997,5.79991
40.9,13.97749,-14.56945,-54.11793,-17.39972,2.19997,4.99992
40.92,13.92326,-14.5311,-54.07421,-18.39971,2.49996,5.59991
40.94,13.86165,-14.49176,-54.02814,-19.39969,2.49996,6.4999
40.96,13.79228,-14.45149,-53.97938,-20.19968,1.69997,7.49988
40.98,13.71479,-14.41051,-53.92757,-21.29966,0.89999,8.09987
41,13.62901,-14.36907,-53.87257,-19.79968,0.89999,7.39988
41.02,13.53539,-14.32718,-53.8145,-17.29972,1.69997,6.89989
41.04,13.43497,-14.2846,-53.75361,-13.49979,2.29996,6.0999
41.06,13.32944,-14.24107,-53.6902,-6.4999,3.09995,5.29992
41.08,13.22111,-14.19629,-53.6246,-1.39998,3.69994,4.39993
41.1,13.11202,-14.15013,-53.55709,1.99997,3.19995,4.09993
41.12,13.00373,-14.10267,-53.4877,5.49991,2.59996,5.29992
41.14,12.89754,-14.05416,-53.41614,8.19987,1.99997,6.1999
41.16,12.7944,-14.00484,-53.34199,8.89986,1.29998,7.29988
41.18,12.69487,-13.95498,-53.26504,10.19984,0.59999,6.3999
41.2,12.59918,-13.90483,-53.18543,9.29985,0.2,5.69991
41.22,12.50715,-13.85447,-53.10348,7.99987,0.89999,4.59993
41.24,12.41824,-13.80374,-53.01954,6.0999,1.49998,4.29993
41.26,12.33166,-13.75237,-52.93361,3.29995,2.29996,5.79991
41.28,12.24636,-13.70009,-52.84528,0.3,2.79996,7.19989
41.3,12.16119,-13.64675,-52.75402,-2.39996,2.49996,8.29987
41.32,12.07498,-13.59239,-52.65948,-5.69991,2.19997,8.09987
41.34,11.98692,-13.53715,-52.56159,-4.49993,1.69997,8.19987
41.36,11.89725,-13.48116,-52.46037,-1.29998,1.79997,7.89987
41.38,11.80697,-13.42436,-52.35588,1.29998,2.49996,7.89987
41.4,11.71713,-13.36657,-52.24837,3.29995,2.99995,5.59991
41.42,11.62855,-13.30752,-52.13862,4.79992,3.79994,2.39996
41.44,11.54177,-13.24702,-52.02782,5.39991,3.79994,-0.59999
41.46,11.45712,-13.18504,-51.9172,5.79991,3.09995,-3.99994
41.48,11.37476,-13.12179,-51.80793,6.1999,2.59996,-5.69991
41.5,11.29486,-13.05751,-51.70087,6.4999,1.79997,-7.49988
41.52,11.21755,-12.99242,-51.59671,6.89989,1.59997,-9.19985
41.54,11.14296,-12.9266,-51.49606,7.19989,2.19997,-9.99984
41.56,11.07124,-12.85999,-51.39912,7.49988,1.69997,-8.79986
41.58,11.00249,-12.79276,-51.30566,7.69988,0.39999,-8.09987
41.6,10.93674,-12.72535,-51.21526,7.29988,-0.89999,-6.3999
41.62,10.87389,-12.65828,-51.12723,6.89989,-2.19997,-3.69994
41.64,10.81377,-12.59208,-51.04061,6.3999,-3.59994,-1.09998
41.66,10.75618,-12.52723,-50.95448,5.79991,-4.29993,0.2
41.68,10.70091,-12.46403,-50.86821,5.39991,-4.39993,1.19998
41.7,10.64776,-12.40256,-50.78137,4.79992,-4.49993,2.19997
41.72,10.5967,-12.34278,-50.69351,6.0999,-3.69994,3.79994
41.74,10.54811,-12.28448,-50.60401,7.89987,-3.09995,5.69991
41.76,10.50266,-12.22739,-50.51215,9.59985,-2.29996,7.59988
41.78,10.46103,-12.17119,-50.41721,11.39982,-1.49998,8.99986
41.8,10.42388,-12.11562,-50.31882,12.5998,-1.09998,8.09987
41.82,10.39177,-12.06049,-50.2171,13.89978,-0.99998,7.19989
41.84,10.36498,-12.00575,-50.11248,13.09979,-0.89999,5.69991
41.86,10.34341,-11.95135,-50.00547,12.2998,-0.79999,4.39993
41.88,10.32674,-11.89723,-49.89677,11.39982,-0.59999,1.59997
41.9,10.31459,-11.84336,-49.78724,10.29984,-0.59999,-0.2
41.92,10.30648,-11.78976,-49.67764,8.69986,-1.09998,-1.29998
41.94,10.30185,-11.73658,-49.5685,7.19989,-1.59997,-2.69996
41.96,10.30007,-11.68403,-49.46031,5.59991,-2.19997,-3.69994
41.98,10.3005,-11.63236,-49.35355,3.99994,-2.99995,-4.99992
42,10.30252,-11.58198,-49.24863,2.39996,-4.89992,-5.49991
42.02,10.30547,-11.53345,-49.14569,0.69999,-5.89991,-4.69992
42.04,10.30882,-11.48712,-49.04454,0.39999,-5.49991,-3.89994
42.06,10.31238,-11.443,-48.94454,0.79999,-5.39991,0.2
42.08,10.31621,-11.40107,-48.84439,0.89999,-5.79991,4.19993
42.1,10.32051,-11.36146,-48.74249,2.29996,-6.2999,7.99987
42.12,10.32576,-11.32436,-48.63763,4.19993,-6.99989,8.49986
42.14,10.33258,-11.28998,-48.52923,5.19992,-7.09989,9.59985
42.16,10.34146,-11.25835,-48.41699,6.0999,-6.3999,9.79984
42.18,10.35277,-11.22926,-48.30073,7.19989,-5.79991,10.19984
42.2,10.3669,-11.2024,-48.18035,7.89987,-4.39993,10.19984
42.22,10.3842,-11.17725,-48.05586,8.89986,-2.79996,9.59985
42.24,10.40501,-11.15322,-47.92744,9.49985,-1.29998,8.99986
42.26,10.42953,-11.12982,-47.79533,9.49985,-1.09998,8.49986
42.28,10.45782,-11.10684,-47.65964,9.29985,-0.99998,8.89986
42.3,10.48978,-11.08426,-47.5203,8.89986,-0.99998,9.39985
42.32,10.52469,-11.06206,-47.37707,2.49996,-0.99998,10.29984
42.34,10.56097,-11.04033,-47.22962,0,-1.89997,11.39982
42.36,10.59742,-11.01938,-47.07753,-0.49999,-3.19995,12.3998
42.38,10.63356,-10.99961,-46.92038,-1.99997,-3.69994,13.59978
42.4,10.66899,-10.98124,-46.75772,-2.39996,-3.59994,14.59977
42.42,10.70339,-10.9643,-46.58919,-3.29995,-3.59994,15.09976
42.44,10.73639,-10.94876,-46.41474,-4.79992,-3.39995,13.49979
42.46,10.76744,-10.93457,-46.23479,-6.3999,-3.29995,12.09981
42.48,10.79591,-10.92168,-46.04991,-7.99987,-3.09995,10.69983
42.5,10.82115,-10.91,-45.86064,-9.69985,-2.89995,9.49985
42.52,10.84249,-10.89945,-45.66751,-11.39982,-2.59996,8.09987
42.54,10.85928,-10.88993,-45.47104,-12.7998,-2.29996,6.89989
42.56,10.8713,-10.8813,-45.27176,-10.59983,-1.99997,5.29992
42.58,10.879,-10.87346,-45.07025,-8.89986,-1.69997,3.99994
42.6,10.88318,-10.86628,-44.86709,-6.59989,-1.49998,2.29996
42.62,10.88471,-10.85967,-44.66277,-4.29993,-1.09998,2.09997
42.64,10.8845,-10.85354,-44.45744,-1.89997,-1.29998,2.79996
42.66,10.88336,-10.84797,-44.25092,-1.09998,-2.19997,3.39995
42.68,10.88169,-10.84326,-44.04307,-0.89999,-2.99995,2.79996
42.7,10.87967,-10.83974,-43.83409,-0.49999,-3.89994,1.39998
42.72,10.8774,-10.83773,-43.62441,-0.39999,-4.49993,0.59999
42.74,10.87503,-10.83741,-43.41444,0.49999,-4.19993,-0.49999
42.76,10.87283,-10.83875,-43.20457,1.39998,-3.89994,-1.49998
42.78,10.87119,-10.84155,-42.99512,2.39996,-2.79996,-1.59997
42.8,10.8705,-10.84542,-42.78617,3.49994,-1.39998,-1.09998
42.82,10.87116,-10.84984,-42.57759,4.29993,-0.1,-0.79999
42.84,10.87345,-10.85427,-42.3692,4.39993,1.29998,0
42.86,10.87742,-10.85825,-42.16074,3.89994,1.89997,0.59999
42.88,10.88272,-10.86149,-41.95195,1.29998,1.99997,1.29998
42.9,10.88858,-10.8639,-41.74274,-0.79999,2.19997,0.1
42.92,10.89402,-10.86544,-41.5334,-3.59994,2.19997,-0.99998
42.94,10.89817,-10.86606,-41.32441,-4.69992,2.29996,-2.49996
42.96,10.90045,-10.86573,-41.11628,-5.49991,2.59996,-3.39995
42.98,10.90053,-10.86432,-40.90933,-6.1999,2.99995,-3.39995
43,10.89811,-10.8617,-40.70371,-6.79989,3.39995,-3.89994
43.02,10.89297,-10.8577,-40.49965,-7.29988,3.69994,-5.29992
43.04,10.88486,-10.85234,-40.29761,-7.99987,2.69996,-6.59989
43.06,10.87366,-10.84589,-40.09816,-7.49988,1.59997,-8.19987
43.08,10.8595,-10.83873,-39.90188,-6.3999,0.99998,-9.49985
43.1,10.843,-10.83111,-39.70931,-2.79996,0.79999,-10.79983
43.12,10.82534,-10.82318,-39.52088,0.49999,0.3,-11.19982
43.14,10.80794,-10.81507,-39.33678,4.59993,0.2,-10.89983
43.16,10.79214,-10.8069,-39.15698,6.4999,-0.3,-10.79983
43.18,10.77868,-10.79857,-38.9814,5.9999,1.79997,-10.59983
43.2,10.76765,-10.78959,-38.81013,5.9999,2.99995,-11.99981
43.22,10.75894,-10.77951,-38.64357,5.39991,2.99995,-13.29979
43.24,10.75238,-10.76816,-38.48226,4.89992,3.59994,-14.79976
43.26,10.74776,-10.75539,-38.32681,4.39993,3.69994,-16.49974
43.28,10.74489,-10.7411,-38.17774,3.89994,3.99994,-16.89973
43.3,10.7435,-10.72523,-38.0352,2.89995,3.99994,-15.79975
43.32,10.74306,-10.70772,-37.89875,0,4.09993,-13.29979
43.34,10.74263,-10.68857,-37.76743,-2.59996,4.09993,-9.69985
43.36,10.74115,-10.66776,-37.63993,-5.19992,4.09993,-6.3999
43.38,10.73792,-10.64528,-37.51485,-4.19993,4.09993,-2.59996
43.4,10.73295,-10.62116,-37.39086,-3.69994,3.99994,0
43.42,10.72654,-10.59545,-37.26678,-2.49996,3.59994,2.49996
43.44,10.7191,-10.56828,-37.14178,-1.49998,3.19995,3.39995
43.46,10.71107,-10.53982,-37.01548,-0.2,2.69996,2.89995
43.48,10.70284,-10.51026,-36.88791,0.2,2.19997,2.59996
43.5,10.69462,-10.47979,-36.75926,0,1.79997,1.79997
43.52,10.68639,-10.44854,-36.62973,-0.1,1.79997,1.79997
43.54,10.67808,-10.41656,-36.49927,-0.39999,1.69997,3.09995
43.56,10.66959,-10.38387,-36.36753,-0.69999,1.69997,3.79994
43.58,10.66084,-10.35048,-36.23417,-0.59999,1.69997,4.79992
43.6,10.65187,-10.31642,-36.0988,-0.1,1.39998,5.79991
43.62,10.64283,-10.28181,-35.96103,0.3,0.89999,6.69989
43.64,10.63389,-10.2468,-35.82065,0.69999,0.49999,6.0999
43.66,10.62509,-10.21159,-35.67778,-0.1,0,5.09992
43.68,10.61626,-10.17635,-35.53293,-0.69999,-0.49999,2.69996
43.7,10.6071,-10.14125,-35.38689,-1.49998,-0.49999,0.49999
43.72,10.59731,-10.1063,-35.2406,-2.39996,-0.3,-1.99997
43.74,10.58659,-10.07146,-35.0949,-2.89995,-0.1,-3.29995
43.76,10.57474,-10.03663,-34.95046,-2.79996,0.2,-4.79992
43.78,10.56175,-10.00171,-34.80782,-2.79996,0.39999,-5.9999
43.8,10.54764,-9.96659,-34.6675,-2.49996,0.69999,-7.19989
43.82,10.5325,-9.93115,-34.52998,-2.39996,1.29998,-8.49986
43.84,10.5164,-9.89517,-34.39571,-2.09997,1.89997,-9.09986
43.86,10.49935,-9.85841,-34.26485,-2.69996,2.49996,-8.29987
43.88,10.48108,-9.82063,-34.13726,-4.39993,3.09995,-7.89987
43.9,10.46107,-9.78161,-34.01271,-5.79991,3.49994,-7.09989
43.92,10.43868,-9.74129,-33.8911,-7.59988,2.69996,-8.09987
43.94,10.41333,-9.69988,-33.77268,-8.39987,1.89997,-9.49985
43.96,10.3847,-9.65771,-33.658,-8.19987,0.79999,-11.19982
43.98,10.35274,-9.61518,-33.54773,-8.29987,-0.1,-12.99979
44,10.31753,-9.5727,-33.44256,-7.49988,-1.19998,-14.59977
44.02,10.27948,-9.5306,-33.34285,-4.99992,-1.59997,-13.39979
44.04,10.23937,-9.48907,-33.24843,-2.79996,-1.39998,-12.19981
44.06,10.19816,-9.44808,-33.15877,-0.2,-1.29998,-10.69983
44.08,10.1568,-9.40759,-33.07328,1.79997,-1.09998,-8.99986
44.1,10.11593,-9.3675,-32.99131,1.79997,-0.79999,-7.29988
44.12,10.0758,-9.32778,-32.9122,2.09997,-1.09998,-5.89991
44.14,10.03645,-9.28851,-32.8356,2.09997,-1.69997,-6.79989
44.16,9.99793,-9.24989,-32.76164,2.09997,-2.19997,-7.79988
44.18,9.96032,-9.21212,-32.69067,3.09995,-2.69996,-8.39987
44.2,9.92396,-9.17535,-32.62276,4.29993,-2.49996,-6.69989
44.22,9.88924,-9.13956,-32.55747,4.89992,-2.29996,-5.39991
44.24,9.8564,-9.10465,-32.4942,4.89992,-1.89997,-3.49994
44.26,9.82549,-9.07049,-32.43229,4.89992,-1.59997,-1.99997
44.28,9.79652,-9.03695,-32.37142,4.79992,-1.29998,-3.79994
44.3,9.76945,-9.00393,-32.31197,4.69992,-1.09998,-5.49991
44.32,9.7443,-8.97131,-32.25472,5.19992,-0.79999,-7.99987
44.34,9.72131,-8.93899,-32.20058,6.69989,-0.49999,-10.39983
44.36,9.70095,-8.90691,-32.15043,7.89987,-0.79999,-11.99981
44.38,9.68377,-8.87521,-32.10493,9.49985,-1.79997,-12.99979
44.4,9.67024,-8.84403,-32.06434,9.69985,-1.09998,-11.89981
44.42,9.66053,-8.813,-32.02836,9.59985,2.39996,-10.19984
44.44,9.65465,-8.78126,-31.99615,9.59985,3.09995,-6.1999
44.46,9.65256,-8.74857,-31.96636,9.29985,0.79999,-2.49996
44.48,9.65419,-8.71548,-31.93744,9.09986,-0.99998,1.69997
44.5,9.65943,-8.68287,-31.90784,8.89986,-3.69994,4.99992
44.52,9.66822,-8.65119,-31.87637,8.69986,-1.09998,6.1999
44.54,9.68045,-8.61978,-31.84255,8.39987,2.99995,5.19992
44.56,9.69604,-8.58765,-31.80657,8.19987,2.09997,4.19993
44.58,9.71488,-8.5547,-31.7689,7.99987,0.69999,2.39996
44.6,9.7369,-8.5213,-31.73022,7.69988,0.89999,0.3
44.62,9.76186,-8.48758,-31.69118,6.1999,0.49999,-0.3
44.64,9.78927,-8.45374,-31.65206,4.69992,-0.79999,0.2
44.66,9.81858,-8.42015,-31.61288,3.49994,-1.69997,-0.2
44.68,9.8494,-8.38718,-31.5738,3.59994,-2.19997,-1.79997
44.7,9.88161,-8.35502,-31.53535,3.39995,-2.19997,-3.29995
44.72,9.91519,-8.32374,-31.49811,3.49994,-2.39996,-4.49993
44.74,9.95015,-8.29341,-31.46245,3.59994,-2.59996,-4.39993
44.76,9.98648,-8.26409,-31.42848,3.19995,-2.79996,-4.49993
44.78,10.02398,-8.23588,-31.39619,1.89997,-2.99995,-4.19993
44.8,10.06231,-8.20885,-31.36551,1.49998,-3.29995,-3.99994
44.82,10.10125,-8.18311,-31.33634,1.39998,-3.39995,-3.89994
44.84,10.14073,-8.15868,-31.30881,1.19998,-3.29995,-5.29992
44.86,10.18068,-8.13556,-31.2833,1.19998,-3.19995,-6.59989
44.88,10.22108,-8.11369,-31.26037,1.09998,-2.99995,-8.19987
44.9,10.26181,-8.09298,-31.24063,0,-2.69996,-9.69985
44.92,10.30252,-8.0733,-31.22445,-0.99998,-1.99997,-8.89986
44.94,10.34282,-8.05442,-31.21176,-1.99997,-1.49998,-8.19987
44.96,10.38234,-8.0361,-31.20222,-2.49996,-0.79999,-7.09989
44.98,10.42086,-8.0181,-31.19552,-2.89995,-0.3,-6.79989
45,10.4582,-8.00023,-31.19167,-3.29995,-0.1,-8.69986
45.02,10.49419,-7.98238,-31.19116,-3.69994,0.1,-10.09984
45.04,10.52862,-7.96447,-31.19468,-4.79992,0.3,-12.09981
45.06,10.56107,-7.94642,-31.20287,-6.2999,0.49999,-13.39979
45.08,10.59099,-7.92815,-31.21633,-7.69988,0.69999,-14.59977
45.1,10.6178,-7.9096,-31.23554,-9.19985,0.79999,-15.69975
45.12,10.64091,-7.8907,-31.26093,-10.69983,0.89999,-16.69973
45.14,10.65972,-7.87142,-31.29288,-12.19981,0.99998,-17.39972
45.16,10.67362,-7.85173,-31.33171,-13.79978,1.09998,-18.09971
45.18,10.68209,-7.83157,-31.37757,-14.29977,1.19998,-17.59972
45.2,10.68511,-7.81094,-31.43038,-11.99981,1.09998,-16.99973
45.22,10.68324,-7.78985,-31.48991,-10.29984,0.89999,-16.39974
45.24,10.67731,-7.7684,-31.55584,-7.79988,0.59999,-15.19976
45.26,10.66811,-7.74668,-31.62763,-6.69989,0.39999,-12.4998
45.28,10.65613,-7.72479,-31.70434,-6.2999,0.1,-9.99984
45.3,10.64163,-7.70282,-31.78494,-5.79991,-0.1,-7.09989
45.32,10.62475,-7.68088,-31.86829,-5.59991,-0.3,-4.29993
45.34,10.60563,-7.65905,-31.95339,-5.29992,-0.59999,-2.59996
45.36,10.58437,-7.63739,-32.03949,-4.99992,-0.39999,-1.29998
45.38,10.56108,-7.61587,-32.126,-4.79992,-0.2,0.2
45.4,10.53585,-7.5944,-32.21237,-4.49993,0.1,1.49998
45.42,10.50881,-7.5729,-32.29802,-4.19993,0.2,3.09995
45.44,10.48007,-7.55131,-32.38249,-3.89994,0.1,3.19995
45.46,10.4498,-7.52965,-32.46569,-3.09995,0.1,2.39996
45.48,10.41824,-7.50795,-32.5478,-2.59996,-0.1,2.09997
45.5,10.38572,-7.48627,-32.62915,-1.09998,-0.2,0.1
45.52,10.35281,-7.46463,-32.71048,0.99998,-0.2,-2.99995
45.54,10.32027,-7.44305,-32.79281,3.09995,-0.1,-4.89992
45.56,10.28889,-7.42147,-32.87702,4.59993,0.1,-6.79989
45.58,10.2592,-7.39984,-32.96371,4.79992,0.3,-7.19989
45.6,10.23146,-7.37807,-33.05303,5.39991,0.39999,-5.9999
45.62,10.2058,-7.35612,-33.14466,5.49991,0.59999,-4.69992
45.64,10.1824,-7.33392,-33.23815,6.2999,0.69999,-4.09993
45.66,10.16162,-7.31142,-33.33321,8.39987,0.69999,-3.59994
45.68,10.14415,-7.28864,-33.42962,10.09984,0.59999,-3.09995
45.7,10.13035,-7.2656,-33.52718,8.39987,0.49999,-2.49996
45.72,10.11994,-7.24234,-33.62552,7.09989,0.39999,-0.59999
45.74,10.1123,-7.21889,-33.72405,5.29992,0.39999,0.99998
45.76,10.10674,-7.19526,-33.82206,3.29995,0.39999,2.89995
45.78,10.10262,-7.17142,-33.91886,2.79996,0.69999,4.49993
45.8,10.09967,-7.14729,-34.01374,2.89995,0.89999,6.3999
45.82,10.09784,-7.12278,-34.10609,2.79996,1.19998,7.09989
45.84,10.09711,-7.09776,-34.19565,2.69996,1.49998,6.59989
45.86,10.0973,-7.0721,-34.28244,1.19998,1.99997,6.3999
45.88,10.09797,-7.04563,-34.36662,-0.1,2.49996,5.89991
45.9,10.09862,-7.01812,-34.44814,-0.99998,3.09995,7.59988
45.92,10.09893,-6.98939,-34.52655,-1.09998,3.39995,9.09986
45.94,10.09875,-6.95929,-34.6013,-1.59997,3.49994,9.89984
45.96,10.09796,-6.92778,-34.67201,-1.49998,3.59994,10.69983
45.98,10.09638,-6.89481,-34.73839,-3.09995,3.59994,11.19982
46,10.09334,-6.86038,-34.80042,-6.79989,3.69994,9.49985
46.02,10.08761,-6.82448,-34.85858,-9.89984,3.49994,7.59988
46.04,10.07819,-6.78737,-34.91363,-10.19984,1.19998,5.59991
46.06,10.06466,-6.74955,-34.9664,-10.49983,0.99998,3.19995
46.08,10.04694,-6.71134,-35.0177,-10.59983,0.49999,1.79997
46.1,10.02503,-6.6729,-35.06811,-9.89984,0.1,1.19998
46.12,9.99918,-6.63439,-35.11793,-8.89986,-0.2,0.89999
46.14,9.96975,-6.59594,-35.16724,-7.89987,-0.49999,1.19998
46.16,9.93709,-6.55767,-35.21609,-7.39988,-0.79999,0.49999
46.18,9.90142,-6.5197,-35.26467,-7.19989,-1.09998,-0.39999
46.2,9.86287,-6.48219,-35.31333,-6.79989,-1.79997,-1.29998
46.22,9.82155,-6.44538,-35.36243,-6.69989,-2.39996,-2.29996
46.24,9.77756,-6.40951,-35.41238,-6.2999,-3.09995,-3.39995
46.26,9.73122,-6.37486,-35.46361,-3.99994,-3.79994,-4.59993
46.28,9.6833,-6.34172,-35.51664,-1.29998,-4.49993,-6.1999
46.3,9.63483,-6.31032,-35.57192,1.29998,-4.89992,-6.3999
46.32,9.58691,-6.28079,-35.62953,4.29993,-4.49993,-5.09992
46.34,9.54066,-6.25305,-35.68907,7.09989,-4.19993,-3.59994
46.36,9.49724,-6.22694,-35.74991,9.89984,-3.69994,-1.49998
46.38,9.45734,-6.20231,-35.81128,8.59986,-3.29995,0.39999
46.4,9.42077,-6.17897,-35.8725,6.2999,-2.79996,1.29998
46.42,9.3867,-6.15673,-35.93323,4.09993,-2.29996,1.09998
46.44,9.3542,-6.13539,-35.99345,1.29998,-1.89997,0.79999
46.46,9.3222,-6.11479,-36.05328,-1.39998,-1.39998,0.3
46.48,9.28969,-6.09483,-36.11284,-3.49994,-1.89997,0.39999
46.5,9.25595,-6.07563,-36.17216,-3.69994,-2.59996,0.49999
46.52,9.22066,-6.05745,-36.23119,-4.39993,-3.29995,0.69999
46.54,9.18363,-6.04058,-36.28985,-4.59993,-3.99994,0.89999
46.56,9.14474,-6.02522,-36.34808,-4.89992,-4.09993,0.89999
46.58,9.10388,-6.01147,-36.40593,-5.09992,-4.09993,0.3
46.6,9.06095,-5.99933,-36.46355,-5.39991,-3.99994,-0.1
46.62,9.01585,-5.9889,-36.52115,-5.59991,-5.09992,-0.69999
46.64,8.9685,-5.98068,-36.57876,-5.79991,-8.19987,0.49999
46.66,8.91894,-5.97521,-36.63603,-4.59993,-6.1999,2.29996
46.68,8.86757,-5.97163,-36.69229,-2.89995,1.59997,4.09993
46.7,8.81501,-5.96807,-36.74686,-1.29998,2.49996,5.59991
46.72,8.76196,-5.96392,-36.79922,0.69999,-0.79999,5.89991
46.74,8.70906,-5.95997,-36.84912,1.69997,-3.09995,6.3999
46.76,8.65675,-5.95735,-36.89639,1.89997,-6.59989,6.69989
46.78,8.60521,-5.95678,-36.94093,2.49996,-4.29993,6.69989
46.8,8.5546,-5.95791,-36.9828,2.49996,-1.99997,5.69991
46.82,8.50506,-5.95973,-37.02229,3.49994,1.19998,4.89992
46.84,8.45696,-5.96142,-37.05975,4.99992,0.69999,3.89994
46.86,8.41083,-5.96298,-37.09556,6.3999,-1.49998,2.89995
46.88,8.36726,-5.96511,-37.13,7.99987,-3.59994,3.19995
46.9,8.32684,-5.96871,-37.16304,9.39985,-6.1999,3.89994
46.92,8.29006,-5.97473,-37.19444,9.69985,-8.39987,4.49993
46.94,8.25716,-5.98367,-37.22392,10.19984,-6.3999,5.39991
46.96,8.2283,-5.99484,-37.25117,10.49983,-1.29998,6.1999
46.98,8.20362,-6.0072,-37.27585,10.79983,-2.99995,7.09989
47,8.18323,-6.02069,-37.29763,10.99983,-4.29993,7.69988
47.02,8.16714,-6.03546,-37.31627,10.39983,-1.39998,7.99987
47.04,8.15521,-6.05097,-37.3316,9.89984,-0.39999,8.59986
47.06,8.1472,-6.06667,-37.34334,9.29985,0,9.89984
47.08,8.14288,-6.08243,-37.35112,8.59986,-0.3,10.29984
47.1,8.14198,-6.09797,-37.35483,7.89987,2.49996,9.29985
47.12,8.14423,-6.11281,-37.35472,7.19989,2.19997,8.49986
47.14,8.14931,-6.12688,-37.35109,6.2999,0.59999,7.99987
47.16,8.1569,-6.14065,-37.34399,5.49991,-0.69999,9.39985
47.18,8.16667,-6.15476,-37.33308,4.59993,-2.69996,10.39983
47.2,8.17826,-6.16977,-37.31787,3.79994,-3.09995,11.99981
47.22,8.19137,-6.18578,-37.29782,3.09995,-1.29998,13.19979
47.24,8.20573,-6.20234,-37.27263,2.69996,0,11.99981
47.26,8.22112,-6.21879,-37.24255,2.09997,2.19997,10.99983
47.28,8.23736,-6.23454,-37.208,1.69997,2.39996,9.69985
47.3,8.25425,-6.24947,-37.1694,1.19998,0.99998,9.39985
47.32,8.2716,-6.26395,-37.12692,0.69999,-0.1,9.29985
47.34,8.28922,-6.27845,-37.08065,0.3,-1.19998,9.19985
47.36,8.30703,-6.29334,-37.03061,0.79999,-1.49998,8.99986
47.38,8.32514,-6.3088,-36.97688,1.29998,-1.79997,8.89986
47.4,8.34376,-6.32495,-36.9195,1.89997,-1.99997,8.89986
47.42,8.36309,-6.34189,-36.85841,2.19997,-2.19997,9.49985
47.44,8.38312,-6.35957,-36.79346,0.89999,-1.29998,9.89984
47.46,8.4035,-6.37776,-36.72443,-0.3,-0.39999,10.59983
47.48,8.42372,-6.39623,-36.65121,-1.69997,-0.89999,9.99984
47.5,8.44325,-6.41503,-36.57391,-3.09995,-1.39998,9.29985
47.52,8.46149,-6.43432,-36.49282,-4.69992,-1.29998,8.39987
47.54,8.47794,-6.45394,-36.40827,-5.29992,0.49999,7.69988
47.56,8.49235,-6.47338,-36.32054,-4.79992,1.79997,7.19989
47.58,8.50483,-6.49202,-36.22983,-4.29993,3.79994,6.79989
47.6,8.51556,-6.50933,-36.13631,-3.79994,3.69994,6.3999
47.62,8.52484,-6.52522,-36.04011,-2.49996,2.79996,6.3999
47.64,8.53312,-6.53995,-35.94124,-0.89999,2.09997,6.69989
47.66,8.54103,-6.55356,-35.83969,0.69999,3.99994,6.0999
47.68,8.54914,-6.5657,-35.73577,1.69997,4.39993,3.89994
47.7,8.55786,-6.5762,-35.63018,2.19997,3.49994,1.99997
47.72,8.56752,-6.58523,-35.52376,3.49994,2.99995,-0.39999
47.74,8.57869,-6.5931,-35.4173,6.0999,1.89997,-1.79997
47.76,8.59224,-6.6001,-35.31142,8.29987,1.79997,-2.49996
47.78,8.60916,-6.6062,-35.20648,11.19982,3.19995,-3.49994
47.8,8.6302,-6.61098,-35.10277,10.69983,4.79992,-3.69994
47.82,8.65535,-6.61399,-35.00035,8.69986,4.79992,-2.79996
47.84,8.684,-6.61516,-34.89897,7.09989,3.79994,-1.99997
47.86,8.7154,-6.61476,-34.79827,4.69992,2.99995,-0.79999
47.88,8.74869,-6.61318,-34.69775,2.69996,1.89997,0.89999
47.9,8.78301,-6.61081,-34.59675,0.39999,0.89999,2.99995
47.92,8.81751,-6.60806,-34.49431,-1.59997,-0.2,6.59989
47.94,8.85146,-6.60533,-34.38917,-2.39996,-0.79999,9.89984
47.96,8.88443,-6.60274,-34.27997,-3.29995,0.2,13.49979
47.98,8.91601,-6.60006,-34.1655,-4.59993,1.09998,14.79976
48,8.94564,-6.5969,-34.04502,-6.89989,2.19997,16.19974
48.02,8.97256,-6.59304,-33.91801,-8.39987,1.29998,17.29972
48.04,8.99622,-6.58868,-33.78402,-8.79986,0,18.09971
48.06,9.01633,-6.5843,-33.64302,-9.29985,-1.19998,15.79975
48.08,9.03273,-6.58018,-33.4956,-9.49985,-0.49999,13.59978
48.1,9.04531,-6.57626,-33.3427,-9.69985,0,10.89983
48.12,9.05399,-6.57228,-33.1853,-9.89984,0.99998,8.79986
48.14,9.05869,-6.56799,-33.02413,-10.09984,0.79999,8.39987
48.16,9.05934,-6.56345,-32.85952,-10.19984,-0.3,7.89987
48.18,9.05594,-6.55885,-32.69164,-9.79984,0.3,7.59988
48.2,9.04859,-6.55408,-32.52063,-9.49985,1.09998,7.39988
48.22,9.03744,-6.54887,-32.34668,-8.99986,1.79997,6.1999
48.24,9.02266,-6.54288,-32.17022,-8.69986,2.89995,4.39993
48.26,9.00432,-6.53581,-31.99187,-8.89986,2.89995,2.99995
48.28,8.98241,-6.52767,-31.81211,-9.09986,1.89997,2.89995
48.3,8.95683,-6.51873,-31.6311,-9.29985,1.09998,2.89995
48.32,8.92751,-6.50936,-31.44887,-9.59985,0,2.49996
48.34,8.89434,-6.49997,-31.26559,-9.69985,-1.09998,1.89997
48.36,8.85738,-6.49092,-31.08146,-8.79986,-1.39998,1.29998
48.38,8.81686,-6.48229,-30.89663,-8.09987,-0.49999,1.59997
48.4,8.77311,-6.47386,-30.71107,-7.09989,0.2,1.99997
48.42,8.72642,-6.4653,-30.52461,-6.79989,1.19998,2.49996
48.44,8.67697,-6.45624,-30.33722,-6.79989,2.19997,1.49998
48.46,8.62479,-6.44631,-30.14921,-6.69989,2.99995,-0.2
48.48,8.5699,-6.43533,-29.96119,-6.69989,1.99997,-1.79997
48.5,8.51232,-6.42354,-29.77383,-6.59989,0.89999,-3.69994
48.52,8.45207,-6.4114,-29.58778,-6.59989,-0.39999,-4.69992
48.54,8.38919,-6.39939,-29.40353,-6.3999,-1.69997,-5.79991
48.56,8.32378,-6.38776,-29.2215,-5.59991,-0.1,-6.79989
48.58,8.25609,-6.37608,-29.0421,-4.99992,2.09997,-7.69988
48.6,8.1864,-6.36397,-28.8657,-4.29993,0.1,-8.59986
48.62,8.11498,-6.35186,-28.6926,-3.39995,-2.49996,-8.99986
48.64,8.04221,-6.34077,-28.52297,-2.29996,-5.49991,-8.89986
48.66,7.96848,-6.33145,-28.35679,-1.29998,-4.49993,-8.59986
48.68,7.89423,-6.32346,-28.19395,-0.2,1.09998,-8.19987
48.7,7.81988,-6.31566,-28.03431,0.99998,0.2,-7.79988
48.72,7.74587,-6.30802,-27.87777,1.69997,-3.29995,-8.09987
48.74,7.67237,-6.3016,-27.7244,0.89999,-5.9999,-8.49986
48.76,7.59922,-6.29706,-27.57436,0.3,-3.69994,-8.99986
48.78,7.52616,-6.29392,-27.42778,-0.49999,-0.79999,-9.09986
48.8,7.45287,-6.29109,-27.28455,-1.39998,1.99997,-6.99989
48.82,7.37916,-6.28787,-27.14405,-0.69999,0.59999,-5.19992
48.84,7.30521,-6.28443,-27.00556,0.59999,-1.29998,-3.39995
48.86,7.23145,-6.28129,-26.86836,1.59997,-1.19998,-1.89997
48.88,7.15818,-6.27863,-26.73185,1.29998,-1.19998,-0.39999
48.9,7.08544,-6.27639,-26.59554,1.19998,-0.89999,-0.3
48.92,7.01312,-6.27461,-26.45932,0.79999,-1.79997,-0.69999
48.94,6.94111,-6.27348,-26.32322,0.49999,-2.09997,-0.3
48.96,6.86926,-6.27309,-26.18709,0,-1.59997,0.69999
48.98,6.79747,-6.27334,-26.05062,0.2,-1.39998,1.49998
49,6.72578,-6.27418,-25.91361,0.89999,-1.59997,0.79999
49.02,6.65442,-6.27573,-25.77621,1.39998,-2.69996,-0.1
49.04,6.58361,-6.27828,-25.63877,2.09997,-3.29995,-0.99998
49.06,6.51357,-6.2822,-25.50168,2.19997,-4.49993,-2.19997
49.08,6.44425,-6.28774,-25.3654,0.99998,-4.09993,-3.59994
49.1,6.37534,-6.29488,-25.23046,0,-3.49994,-4.89992
49.12,6.30639,-6.30339,-25.0974,-1.19998,-2.79996,-6.1999
49.14,6.23694,-6.31314,-24.96657,-2.39996,-3.49994,-5.79991
49.16,6.16662,-6.32429,-24.83798,-2.39996,-4.39993,-5.49991
49.18,6.09538,-6.33722,-24.71147,-1.89997,-5.59991,-4.89992
49.2,6.02334,-6.35209,-24.58685,-1.59997,-4.09993,-4.39993
49.22,5.95059,-6.36843,-24.46377,-1.79997,-1.09998,-2.59996
49.24,5.87708,-6.38551,-24.34154,-2.19997,-1.29998,0.3
49.26,5.80266,-6.4031,-24.21917,-2.69996,-1.49998,2.49996
49.28,5.72717,-6.42128,-24.09584,-2.99995,-1.89997,3.49994
49.3,5.65052,-6.44023,-23.97101,-2.59996,-2.49996,4.59993
49.32,5.57281,-6.46009,-23.84427,-2.19997,-2.49996,5.59991
49.34,5.49416,-6.48092,-23.71514,-2.19997,-2.29996,7.19989
49.36,5.41452,-6.50265,-23.58309,-3.19995,-2.19997,8.39987
49.38,5.33358,-6.52513,-23.44753,-4.09993,-0.89999,10.19984
49.4,5.25098,-6.54741,-23.30797,-5.09992,5.79991,10.39983
49.42,5.16646,-6.56813,-23.16427,-4.59993,4.59993,9.49985
49.44,5.08007,-6.58717,-23.01667,-4.29993,1.69997,8.69986
49.46,4.99196,-6.60508,-22.86547,-3.79994,3.09995,8.29987
49.48,4.90231,-6.62189,-22.71072,-3.19995,2.89995,9.39985
49.5,4.81137,-6.63767,-22.55211,-2.59996,1.19998,10.59983
49.52,4.71937,-6.65293,-22.38944,-1.99997,-0.3,9.19985
49.54,4.6265,-6.66792,-22.22314,-1.89997,1.89997,6.3999
49.56,4.53285,-6.68185,-22.05416,-1.79997,6.99989,3.89994
49.58,4.43848,-6.69342,-21.8836,-1.49998,7.39988,0.79999
49.6,4.34374,-6.70224,-21.71263,1.29998,5.49991,-2.19997
49.62,4.2495,-6.70879,-21.54222,4.09993,4.09993,-2.89995
49.64,4.15686,-6.71379,-21.37273,6.69989,1.69997,-2.09997
49.66,4.06665,-6.71774,-21.20402,6.99989,2.69996,-1.49998
49.68,3.97926,-6.72053,-21.03579,7.59988,4.39993,-0.59999
49.7,3.89484,-6.72188,-20.86799,7.79988,2.59996,-2.39996
49.72,3.81352,-6.72208,-20.70103,7.99987,1.79997,-3.79994
49.74,3.73538,-6.72163,-20.53555,8.09987,0.1,-5.79991
49.76,3.66047,-6.72078,-20.37219,8.39987,1.69997,-6.4999
49.78,3.58881,-6.71927,-20.21108,7.79988,2.99995,-4.69992
49.8,3.52015,-6.71681,-20.05187,6.0999,1.59997,-3.79994
49.82,3.45395,-6.71365,-19.89411,4.79992,0.59999,-3.19995
49.84,3.3896,-6.71021,-19.73756,3.09995,-0.2,-2.59996
49.86,3.32663,-6.70682,-19.58197,2.89995,-0.89999,-2.19997
49.88,3.26483,-6.70376,-19.42731,2.99995,-1.49998,-3.09995
49.9,3.20421,-6.70128,-19.27381,3.19995,-2.09997,-3.99994
49.92,3.14487,-6.69947,-19.12182,3.49994,-1.19998,-4.89992
49.94,3.0869,-6.69806,-18.97174,3.69994,0.3,-6.0999
49.96,3.03024,-6.69652,-18.82392,2.39996,1.79997,-6.3999
49.98,2.97448,-6.69439,-18.67843,0.69999,1.69997,-5.29992
50,2.919,-6.69164,-18.53504,-0.79999,0.79999,-4.79992
50.02,2.86313,-6.68854,-18.39344,-2.79996,0.1,-3.79994
50.04,2.80625,-6.68536,-18.25334,-3.49994,-0.49999,-3.49994
50.06,2.74816,-6.68237,-18.11469,-2.19997,-1.09998,-4.59993
50.08,2.68912,-6.67978,-17.97767,-1.29998,-1.59997,-4.39993
50.1,2.62959,-6.67769,-17.84224,0.1,-0.79999,-3.39995
50.12,2.56997,-6.67581,-17.70812,0.3,0.89999,-2.69996
50.14,2.5104,-6.67357,-17.57495,0.1,2.29996,-1.49998
50.16,2.45085,-6.67036,-17.4423,-0.1,4.09993,-0.49999
50.18,2.39123,-6.66576,-17.30977,-0.49999,3.19995,0.59999
50.2,2.33139,-6.6599,-17.17695,-0.79999,1.89997,1.29998
50.22,2.27122,-6.65324,-17.04362,-1.09998,0.79999,0.99998
50.24,2.21058,-6.64626,-16.90979,-1.49998,-0.49999,0.89999
50.26,2.14939,-6.63947,-16.77554,-1.19998,-1.89997,0.49999
50.28,2.0877,-6.63318,-16.64104,-0.79999,-0.89999,-0.3
50.3,2.02568,-6.62691,-16.50659,-0.39999,3.29995,-1.09998
50.32,1.96349,-6.61967,-16.37244,0.1,3.89994,-1.49998
50.34,1.90131,-6.61104,-16.2388,0.49999,2.49996,-1.79997
50.36,1.8393,-6.6014,-16.1058,0.79999,0.99998,-2.09997
50.38,1.77756,-6.59118,-15.97355,0.79999,1.19998,-2.39996
50.4,1.71613,-6.58005,-15.84218,0.89999,5.39991,-2.69996
50.42,1.65504,-6.56733,-15.71186,0.99998,3.79994,-3.59994
50.44,1.59445,-6.55313,-15.5829,2.19997,1.49998,-4.59993
50.46,1.5347,-6.53822,-15.4557,3.29995,0.2,-5.59991
50.48,1.47627,-6.52289,-15.33072,4.59993,2.09997,-7.19989
50.5,1.41967,-6.50676,-15.20849,5.89991,3.29995,-8.39987
50.52,1.3654,-6.48956,-15.08958,7.19989,1.89997,-10.09984
50.54,1.31393,-6.47161,-14.97445,7.89987,0.2,-9.99984
50.56,1.26537,-6.45358,-14.86313,6.1999,-1.69997,-8.89986
50.58,1.21931,-6.43613,-14.75498,4.99992,-2.79996,-4.69992
50.6,1.17518,-6.41963,-14.64926,3.19995,-2.39996,-6.89989
50.62,1.13233,-6.40412,-14.54661,1.59997,-2.49996,-12.99979
50.64,1.09005,-6.38955,-14.44895,-0.39999,-2.19997,-17.89971
50.66,1.04784,-6.37587,-14.35842,0,-2.19997,-23.29963
50.68,1.00587,-6.36269,-14.27645,2.99995,1.39998,-21.99965
50.7,0.965,-6.34917,-14.20338,5.19992,2.69996,-22.49964
50.72,0.92632,-6.33464,-14.13888,8.69986,2.99995,-19.59969
50.74,0.8907,-6.31886,-14.08178,8.19987,3.59994,-13.09979
50.76,0.85788,-6.3018,-14.02981,3.09995,2.49996,-6.3999
50.78,0.82646,-6.28371,-13.98032,-0.2,1.39998,0.2
50.8,0.79467,-6.26506,-13.93053,-6.1999,0.2,8.19987
50.82,0.76132,-6.24612,-13.8782,-2.79996,0.79999,7.99987
50.84,0.72735,-6.22685,-13.82298,5.79991,1.39998,3.79994
50.86,0.69555,-6.20697,-13.76552,12.99979,2.29996,5.89991
50.88,0.66911,-6.18616,-13.70636,22.09965,3.09995,0.59999
50.9,0.65022,-6.16409,-13.6469,18.4997,3.79994,-4.99992
50.92,0.63817,-6.14062,-13.58936,9.39985,3.19995,-10.59983
50.94,0.63073,-6.11581,-13.53596,9.09986,2.99995,-15.99974
50.96,0.62681,-6.08984,-13.48833,7.69988,2.19997,-16.09974
50.98,0.62621,-6.06285,-13.44686,8.99986,2.59996,-14.09978
51,0.62833,-6.03478,-13.41092,1.59997,3.19995,-11.99981
51.02,0.6308,-6.00494,-13.37964,-8.39987,8.49986,-9.19985
51.04,0.62974,-5.97218,-13.35194,-19.99968,8.89986,-6.3999
51.06,0.62234,-5.93627,-13.32721,-14.79976,4.89992,-8.39987
51.08,0.60989,-5.89822,-13.30549,-0.69999,2.49996,-7.89987
51.1,0.59687,-5.85871,-13.2861,10.69983,4.59993,0.1
51.12,0.58689,-5.81735,-13.26689,9.89984,6.4999,5.09992
51.14,0.58042,-5.77375,-13.24516,4.79992,4.69992,13.99978
51.16,0.57591,-5.72823,-13.21872,0.3,2.99995,13.19979
51.18,0.57123,-5.68154,-13.18764,-6.89989,0.89999,5.09992
51.2,0.56411,-5.63442,-13.15424,-10.69983,-0.79999,-1.09998
51.22,0.55399,-5.58748,-13.12142,-1.49998,-1.19998,-9.49985
51.24,0.54317,-5.54109,-13.09102,6.89989,-2.49996,-4.89992
51.26,0.53495,-5.49527,-13.06254,13.79978,0.3,-0.79999
51.28,0.53082,-5.44916,-13.03412,6.69989,4.59993,4.99992
51.3,0.52959,-5.40116,-13.00369,1.99997,9.09986,10.09984
51.32,0.52977,-5.35004,-12.96953,3.49994,8.29987,11.19982
51.34,0.53172,-5.29582,-12.93068,8.99986,5.19992,13.59978
51.36,0.53667,-5.23951,-12.88682,8.59986,1.89997,10.89983
51.38,0.54473,-5.18225,-12.83873,5.19992,0.3,5.9999
51.4,0.55492,-5.12459,-12.78804,2.39996,1.29998,2.19997
51.42,0.56625,-5.06655,-12.73573,1.59997,0.69999,4.99992
51.44,0.57824,-5.00824,-12.68142,1.29998,-0.1,6.89989
51.46,0.59053,-4.94981,-12.62445,-1.09998,0.39999,6.99989
51.48,0.60237,-4.89125,-12.56448,-3.39995,0.39999,8.19987
51.5,0.61273,-4.83247,-12.50123,-6.69989,0.89999,8.59986
51.52,0.62085,-4.77368,-12.43437,-5.39991,-2.39996,9.79984
51.54,0.627,-4.71568,-12.36325,-1.99997,-4.09993,13.59978
51.56,0.63233,-4.65865,-12.28703,1.39998,0.69999,13.09979
51.58,0.6382,-4.6015,-12.20588,4.79992,3.59994,8.69986
51.6,0.64612,-4.54342,-12.12111,9.69985,1.29998,4.79992
51.62,0.65702,-4.48473,-12.03421,5.79991,-0.3,2.19997
51.64,0.66956,-4.42593,-11.94597,-4.79992,0.2,3.29995
51.66,0.6805,-4.36724,-11.85643,-11.89981,-1.39998,3.29995
51.68,0.68761,-4.30928,-11.76535,-9.49985,-4.89992,4.79992
51.7,0.69102,-4.25281,-11.67241,-5.9999,-3.89994,4.69992
51.72,0.69201,-4.19791,-11.57756,-2.39996,-3.19995,4.09993
51.74,0.69223,-4.14423,-11.48098,3.19995,-2.09997,3.59994
51.76,0.69321,-4.09146,-11.38288,3.79994,-1.89997,2.99995
51.78,0.69538,-4.03943,-11.28329,1.39998,-1.69997,4.39993
51.8,0.69819,-3.98808,-11.18188,-0.1,-1.69997,5.59991
51.82,0.70103,-3.93742,-11.0781,-0.69999,-1.89997,7.29988
51.84,0.70375,-3.88754,-10.97141,0.59999,-2.59996,7.99987
51.86,0.70661,-3.83866,-10.86152,0.99998,-2.99995,7.79988
51.88,0.70995,-3.79096,-10.74842,2.39996,-3.49994,7.69988
51.9,0.71398,-3.74448,-10.63211,1.29998,-2.29996,8.09987
51.92,0.71853,-3.6989,-10.51236,0.39999,-1.19998,9.59985
51.94,0.72319,-3.65382,-10.38871,-0.79999,-0.39999,10.79983
51.96,0.72744,-3.60906,-10.26066,-2.69996,-1.39998,11.99981
51.98,0.73051,-3.56457,-10.12795,-5.49991,0.2,10.89983
52,0.73134,-3.52006,-9.9908,-8.39987,1.09998,9.79984
52.02,0.72899,-3.47539,-9.84969,-9.29985,-0.99998,8.19987
52.04,0.72331,-3.43095,-9.70534,-6.0999,-1.59997,5.39991
52.06,0.71511,-3.38696,-9.5588,-3.59994,-0.49999,1.99997
52.08,0.70553,-3.34302,-9.41138,-0.2,1.89997,-1.39998
52.1,0.69587,-3.29866,-9.26433,3.29995,0.69999,-3.79994
52.12,0.68719,-3.2541,-9.11824,3.69994,-1.49998,-1.39998
52.14,0.67943,-3.21012,-8.97266,-1.39998,-3.69994,0.59999
52.16,0.67129,-3.16743,-8.82686,-4.49993,-4.19993,1.59997
52.18,0.66105,-3.12637,-8.6807,-10.29984,-4.29993,-1.09998
52.2,0.64752,-3.08694,-8.53482,-7.69988,-3.79994,-2.99995
52.22,0.63117,-3.04893,-8.39008,-2.29996,-2.49996,-5.19992
52.24,0.61388,-3.01194,-8.24705,3.09995,-1.49998,-4.49993
52.26,0.59737,-2.97548,-8.10591,4.09993,-0.1,-5.59991
52.28,0.58223,-2.93914,-7.9668,2.59996,0.39999,-5.49991
52.3,0.56813,-2.90279,-7.82973,1.29998,-0.89999,-4.59993
52.32,0.55468,-2.86679,-7.69447,1.49998,-2.19997,-4.19993
52.34,0.54225,-2.83157,-7.56075,6.0999,-2.69996,-3.29995
52.36,0.5319,-2.79734,-7.42834,7.29988,-2.49996,-3.19995
52.38,0.52435,-2.76411,-7.29713,7.39988,-2.59996,-3.09995
52.4,0.51974,-2.73186,-7.16702,7.59988,-2.19997,-2.49996
52.42,0.5181,-2.70044,-7.03739,7.29988,-1.49998,2.49996
52.44,0.51938,-2.66959,-6.90734,7.09989,-0.69999,0.89999
52.46,0.52335,-2.63895,-6.77698,5.69991,0.59999,-2.09997
52.48,0.52954,-2.60798,-6.64719,3.79994,2.59996,-3.29995
52.5,0.53724,-2.5763,-6.51859,2.09997,1.09998,-3.99994
52.52,0.54571,-2.5442,-6.39144,-0.2,-0.79999,-4.09993
52.54,0.554,-2.51241,-6.26573,-3.29995,-2.69996,-2.99995
52.56,0.56094,-2.48138,-6.14118,-6.3999,-1.69997,-2.39996
52.58,0.56558,-2.45098,-6.01747,-6.79989,-0.39999,-1.39998
52.6,0.56769,-2.42069,-5.89425,-5.09992,1.29998,-0.59999
52.62,0.56754,-2.38993,-5.77116,-5.39991,2.19997,0.39999
52.64,0.56524,-2.35837,-5.64786,-5.39991,2.19997,1.19998
52.66,0.56073,-2.32589,-5.52397,-5.69991,2.29996,2.09997
52.68,0.55419,-2.29248,-5.39915,-3.29995,2.39996,3.09995
52.7,0.5464,-2.25796,-5.27315,0,3.69994,2.69996
52.72,0.53859,-2.22224,-5.1461,3.29995,2.09997,1.09998
52.74,0.53212,-2.1857,-5.01838,6.99989,0.1,0.89999
52.76,0.52832,-2.1491,-4.89018,9.59985,-1.89997,1.09998
52.78,0.52798,-2.11283,-4.76145,8.49986,0.2,1.39998
52.8,0.53107,-2.07638,-4.63206,7.99987,2.99995,1.79997
52.82,0.53727,-2.03912,-4.50185,6.79989,1.79997,2.29996
52.84,0.54637,-2.00106,-4.37062,7.49988,1.19998,2.99995
52.86,0.55839,-1.96256,-4.23803,7.69988,0.1,4.49993
52.88,0.57354,-1.92372,-4.10358,8.49986,1.69997,5.69991
52.9,0.59174,-1.88413,-3.96671,6.0999,3.79994,7.39988
52.92,0.61237,-1.84321,-3.82696,3.69994,3.79994,7.49988
52.94,0.6344,-1.80083,-3.68425,0.69999,2.99995,6.2999
52.96,0.65691,-1.75724,-3.53888,-0.1,2.19997,5.69991
52.98,0.67948,-1.71274,-3.39121,0.39999,1.39998,4.39993
53,0.70216,-1.66756,-3.24168,0.49999,1.69997,3.29995
53.02,0.72486,-1.62169,-3.09075,-0.99998,1.79997,2.09997
53.04,0.7471,-1.57507,-2.93878,-2.89995,2.09997,2.09997
53.06,0.76818,-1.52768,-2.78583,-4.59993,1.49998,2.59996
53.08,0.78734,-1.4797,-2.63183,-6.89989,0.49999,2.39996
53.1,0.80399,-1.4315,-2.47685,-6.4999,-0.39999,1.49998
53.12,0.81819,-1.38346,-2.32139,-4.39993,-1.49998,-1.39998
53.14,0.83057,-1.33587,-2.16651,-2.79996,-1.29998,-5.39991
53.16,0.84185,-1.28874,-2.01368,-0.69999,-0.69999,-9.09986
53.18,0.85246,-1.24189,-1.86447,-2.29996,-0.39999,-13.49979
53.2,0.8622,-1.19528,-1.71998,-3.29995,-0.89999,-11.99981
53.22,0.87051,-1.14899,-1.57994,-5.09992,-1.29998,-7.79988
53.24,0.87686,-1.10315,-1.44304,-5.9999,-1.19998,-4.59993
53.26,0.88091,-1.05766,-1.30767,-5.59991,0,0.79999
53.28,0.88269,-1.01227,-1.17238,-5.39991,0,1.29998
53.3,0.8823,-0.96695,-1.0368,-4.99992,-0.89999,-1.29998
53.32,0.8797,-0.92199,-0.90154,-6.59989,-1.89997,-2.69996
53.34,0.87435,-0.8777,-0.76744,-9.09986,-2.29996,-5.79991
53.36,0.86536,-0.8343,-0.63517,-11.39982,-2.49996,-4.89992
53.38,0.85176,-0.79178,-0.5049,-13.99978,-1.79997,-5.19992
53.4,0.83282,-0.74992,-0.37643,-13.79978,-0.59999,-3.59994
53.42,0.8083,-0.7083,-0.24955,-13.99978,0.3,-4.29993
53.44,0.77837,-0.6667,-0.12414,-12.09981,-0.3,-3.39995
53.46,0.74364,-0.62521,0,-9.59985,-0.99998,-2.39996
